word,special_word,group,query_type,raw_word,category,strength,row_id,source,normalized_key,decision,use_in_high_precision_lexicon,confidence,recommended_form,reason,duplicate_of
"in contrast,",False,explicit_contrast,manual,,,,,,,,,,,,
"on the other hand,",False,explicit_contrast,manual,,,,,,,,,,,,
"conversely,",False,explicit_contrast,manual,,,,,,,,,,,,
"alternatively,",False,explicit_contrast,manual,,,,,,,,,,,,
"by contrast,",False,explicit_contrast,manual,,,,,,,,,,,,
"instead,",False,explicit_contrast,manual,,,,,,,,,,,,
"on the contrary,",False,explicit_contrast,manual,,,,,,,,,,,,
"contrastingly,",False,explicit_contrast,manual,,,,,,,,,,,,
"contrasted with,",False,explicit_contrast,manual,,,,,,,,,,,,
"viewed differently,",False,explicit_contrast,manual,,,,,,,,,,,,
"viewed from the opposite perspective,",False,explicit_contrast,manual,,,,,,,,,,,,
to counter,False,explicit_contrast,manual,,,,,,,,,,,,
explicit,True,explicit_similarity,special_word,,,,,,,,,,,,
"similarly,",False,explicit_similarity,manual,,,,,,,,,,,,
"in other words,",False,explicit_similarity,manual,,,,,,,,,,,,
"likewise,",False,explicit_similarity,manual,,,,,,,,,,,,
"in the same way,",False,explicit_similarity,manual,,,,,,,,,,,,
"equally,",False,explicit_similarity,manual,,,,,,,,,,,,
"in a similar vein,",False,explicit_similarity,manual,,,,,,,,,,,,
"in a similar fashion,",False,explicit_similarity,manual,,,,,,,,,,,,
"in the same vein,",False,explicit_similarity,manual,,,,,,,,,,,,
"by the same token,",False,explicit_similarity,manual,,,,,,,,,,,,
"in like manner,",False,explicit_similarity,manual,,,,,,,,,,,,
This is similar to a case where,False,explicit_similarity,manual,,,,,,,,,,,,
"analogously,",False,implicit_similarity,manual,,,,,,,,,,,,
"by analogy,",False,implicit_similarity,manual,,,,,,,,,,,,
"drawing an analogy,",False,implicit_similarity,manual,,,,,,,,,,,,
"reframed,",False,implicit_similarity,manual,,,,,,,,,,,,
reframing,True,implicit_similarity,special_word,,,,,,,,,,,,
inspired by,True,implicit_similarity,special_word,,,,,,,,,,,,
we take inspiration,True,implicit_similarity,special_word,,,,,,,,,,,,
"drawing a parallel,",False,implicit_similarity,manual,,,,,,,,,,,,
"in particular,",False,more_specific,manual,,,,,,,,,,,,
"more practically,",False,more_specific,manual,,,,,,,,,,,,
a specific instance is,False,more_specific,manual,,,,,,,,,,,,
"more precisely,",False,more_specific,manual,,,,,,,,,,,,
"specifically,",False,more_specific,manual,,,,,,,,,,,,
"or more specifically,",False,more_specific,manual,,,,,,,,,,,,
"and specifically,",False,more_specific,manual`,,,,,,,,,,,,
"even more specifically,",False,more_specific,manual,,,,,,,,,,,,
"for instance,",False,more_specific,manual,,,,,,,,,,,,
"particularly,",False,more_specific,manual,,,,,,,,,,,,
"most specifically,",False,more_specific,manual,,,,,,,,,,,,
"when taking a closer look,",False,more_specific,manual,,,,,,,,,,,,
to be more specific,True,more_specific,special_word,,,,,,,,,,,,
"more specifically,",False,more_specific,manual,,,,,,,,,,,,
"to be more precise,",False,more_specific,manual,,,,,,,,,,,,
"more concretely,",False,more_specific,manual,,,,,,,,,,,,
"more distinctly,",False,more_specific,manual,,,,,,,,,,,,
"as an instance,",False,more_specific,manual,,,,,,,,,,,,
"to provide an instance,",False,more_specific,manual,,,,,,,,,,,,
A relevant case is,False,more_specific,manual,,,,,,,,,,,,
"for example,",False,more_specific,manual,,,,,,,,,,,,
"for examples,",False,more_specific,manual,,,,,,,,,,,,
"as an example,",False,more_specific,manual,,,,,,,,,,,,
focusing on this issue,False,more_specific,manual,,,,,,,,,,,,
"as an example of this,",False,more_specific,manual,,,,,,,,,,,,
"just as an example,",False,more_specific,manual,,,,,,,,,,,,
a typical example is,False,more_specific,manual,,,,,,,,,,,,
a well-known example is,False,more_specific,manual,,,,,,,,,,,,
"as an example application,",False,more_specific,manual,,,,,,,,,,,,
"as an example of application,",False,more_specific,manual,,,,,,,,,,,,
"as an example use case,",False,more_specific,manual,,,,,,,,,,,,
"take as an example,",False,more_specific,manual,,,,,,,,,,,,
"consider as an example,",False,more_specific,manual,,,,,,,,,,,,
"taking facebook as an example,",False,more_specific,manual,,,,,,,,,,,,
"taking as an example,",False,more_specific,manual,,,,,,,,,,,,
"as one example,",False,more_specific,manual,,,,,,,,,,,,
"as a simple example,",False,more_specific,manual,,,,,,,,,,,,
a simple example is,False,more_specific,manual,,,,,,,,,,,,
"as a concrete example,",False,more_specific,manual,,,,,,,,,,,,
"as a motivating example,",False,more_specific,manual,,,,,,,,,,,,
"to give an example,",False,more_specific,manual,,,,,,,,,,,,
"for an example,",False,more_specific,manual,,,,,,,,,,,,
"as an extreme example,",False,more_specific,manual,,,,,,,,,,,,
"as an illustrative example,",False,more_specific,manual,,,,,,,,,,,,
"especially,",False,more_specific,manual,,,,,,,,,,,,
"more uniquely,",False,more_specific,manual,,,,,,,,,,,,
An example of this can be observed in,False,more_specific,manual,,,,,,,,,,,,
A practical example would be,False,more_specific,manual,,,,,,,,,,,,
This is evident in the example of,False,more_specific,manual,,,,,,,,,,,,
an example of this,False,more_specific,manual,,,,,,,,,,,,
an example of those,False,more_specific,manual,,,,,,,,,,,,
an example of that,False,more_specific,manual,,,,,,,,,,,,
an example of these,False,more_specific,manual,,,,,,,,,,,,
A tangible example of this would be,False,more_specific,manual,,,,,,,,,,,,
"to provide a more concrete example,",False,more_specific,manual,,,,,,,,,,,,
zooming in,True,more_specific,special_word,,,,,,,,,,,,
this can be generalized to,False,more_specific,manual,,,,,,,,,,,,
"as a canonical example,",False,more_specific,manual,,,,,,,,,,,,
a canonical example is,False,more_specific,manual,,,,,,,,,,,,
"as a case in point,",False,more_specific,manual,,,,,,,,,,,,
"as a classic example,",False,more_specific,manual,,,,,,,,,,,,
a case in point is,False,more_specific,manual,,,,,,,,,,,,
a common example is,False,more_specific,manual,,,,,,,,,,,,
a concrete instance of this is,False,more_specific,manual,,,,,,,,,,,,
a notable example is,False,more_specific,manual,,,,,,,,,,,,
a particular instance is,False,more_specific,manual,,,,,,,,,,,,
a prominent example is,False,more_specific,manual,,,,,,,,,,,,
"as a prominent example,",False,more_specific,manual,,,,,,,,,,,,
a representative example is,False,more_specific,manual,,,,,,,,,,,,
"as a representative example,",False,more_specific,manual,,,,,,,,,,,,
"as a particular example,",False,more_specific,manual,,,,,,,,,,,,
"as an illustration,",False,more_specific,manual,,,,,,,,,,,,
by specifying that,False,more_specific,manual,,,,,,,,,,,,
by specifying these,False,more_specific,manual,,,,,,,,,,,,
to address,True,Solving_problems_improvements_mitigation,special_word,,,,,,,,,,,,
to address this problem,False,Solving_problems_improvements_mitigation,manual,,,,,,,,,,,,
a possible solution is,False,Solving_problems_improvements_mitigation,manual,,,,,,,,,,,,
"to overcome this problem,",False,Solving_problems_improvements_mitigation,manual,,,,,,,,,,,,
a possible fix is,False,Solving_problems_improvements_mitigation,manual,,,,,,,,,,,,
a possible way of solving this,False,Solving_problems_improvements_mitigation,manual,,,,,,,,,,,,
a possible way of solving those,False,Solving_problems_improvements_mitigation,manual,,,,,,,,,,,,
a possible way of solving that,False,Solving_problems_improvements_mitigation,manual,,,,,,,,,,,,
a possible way of solving these,False,Solving_problems_improvements_mitigation,manual,,,,,,,,,,,,
a possible mitiagtion is,False,Solving_problems_improvements_mitigation,manual,,,,,,,,,,,,
"to mitigate this,",False,Solving_problems_improvements_mitigation,manual,,,,,,,,,,,,
"to mitigate this problem,",False,Solving_problems_improvements_mitigation,manual,,,,,,,,,,,,
"to mitigate this risk,",False,Solving_problems_improvements_mitigation,manual,,,,,,,,,,,,
"to mitigate this issue,",False,Solving_problems_improvements_mitigation,manual,,,,,,,,,,,,
"to mitigate this effect,",False,Solving_problems_improvements_mitigation,manual,,,,,,,,,,,,
"to mitigate these limitations,",False,Solving_problems_improvements_mitigation,manual,,,,,,,,,,,,
"to mitigate this limitation,",False,Solving_problems_improvements_mitigation,manual,,,,,,,,,,,,
"to mitigate this threat,",False,Solving_problems_improvements_mitigation,manual,,,,,,,,,,,,
"to mitigate this bias,",False,Solving_problems_improvements_mitigation,manual,,,,,,,,,,,,
"to mitigate these differences,",False,Solving_problems_improvements_mitigation,manual,,,,,,,,,,,,
"to mitigate these concerns,",False,Solving_problems_improvements_mitigation,manual,,,,,,,,,,,,
"to mitigate this possibility,",False,Solving_problems_improvements_mitigation,manual,,,,,,,,,,,,
"to mitigate these issues,",False,Solving_problems_improvements_mitigation,manual,,,,,,,,,,,,
"to mitigate these bias problems,",False,Solving_problems_improvements_mitigation,manual,,,,,,,,,,,,
"to mitigate against these effects,",False,Solving_problems_improvements_mitigation,manual,,,,,,,,,,,,
"to mitigate against these potential limitations and biases,",False,Solving_problems_improvements_mitigation,manual,,,,,,,,,,,,
"to mitigate the limitations of this approach,",False,Solving_problems_improvements_mitigation,manual,,,,,,,,,,,,
To address these symptoms,False,Solving_problems_improvements_mitigation,manual,,,,,,,,,,,,
To address those symptoms,False,Solving_problems_improvements_mitigation,manual,,,,,,,,,,,,
To alleviate these symptoms,False,Solving_problems_improvements_mitigation,manual,,,,,,,,,,,,
To alleviate those symptoms,False,Solving_problems_improvements_mitigation,manual,,,,,,,,,,,,
To mitigate these symptoms,False,Solving_problems_improvements_mitigation,manual,,,,,,,,,,,,
To mitigate those symptoms,False,Solving_problems_improvements_mitigation,manual,,,,,,,,,,,,
To relieve these symptoms,False,Solving_problems_improvements_mitigation,manual,,,,,,,,,,,,
To relieve those symptoms,False,Solving_problems_improvements_mitigation,manual,,,,,,,,,,,,
To counteract these symptoms,False,Solving_problems_improvements_mitigation,manual,,,,,,,,,,,,
To counteract those symptoms,False,Solving_problems_improvements_mitigation,manual,,,,,,,,,,,,
To care for these symptoms,False,Solving_problems_improvements_mitigation,manual,,,,,,,,,,,,
To care for those symptoms,False,Solving_problems_improvements_mitigation,manual,,,,,,,,,,,,
To combat these symptoms,False,Solving_problems_improvements_mitigation,manual,,,,,,,,,,,,
To combat those symptoms,False,Solving_problems_improvements_mitigation,manual,,,,,,,,,,,,
To attend to those symptoms,False,Solving_problems_improvements_mitigation,manual,,,,,,,,,,,,
To attend to these symptoms,False,Solving_problems_improvements_mitigation,manual,,,,,,,,,,,,
"to treat those symptoms,",False,Solving_problems_improvements_mitigation,manual,,,,,,,,,,,,
"to treat these symptoms,",False,Solving_problems_improvements_mitigation,manual,,,,,,,,,,,,
"to treat this disease,",False,Solving_problems_improvements_mitigation,manual,,,,,,,,,,,,
"mitigating this point,",False,Solving_problems_improvements_mitigation,manual,,,,,,,,,,,,
"mitigating these points,",False,Solving_problems_improvements_mitigation,manual,,,,,,,,,,,,
"mitigating those points,",False,Solving_problems_improvements_mitigation,manual,,,,,,,,,,,,
to shed light on,True,Solving_problems_improvements_mitigation,special_word,,,,,,,,,,,,
to shed some light on,True,Solving_problems_improvements_mitigation,special_word,,,,,,,,,,,,
"to mitigate against these potential limitations,",False,Solving_problems_improvements_mitigation,manual,,,,,,,,,,,,
to overcome this,True,Solving_problems_improvements_mitigation,special_word,,,,,,,,,,,,
"As a result,",False,common_irrelevant,manual,,,,,,,,,,,,
"consequently,",False,common_irrelevant,manual,,,,,,,,,,,,
"as a consequence,",False,common_irrelevant,manual,,,,,,,,,,,,
To improve upon,True,Solving_problems_improvements_mitigation,special_word,,,,,,,,,,,,
"to address these issues,",False,Solving_problems_improvements_mitigation,manual,,,,,,,,,,,,
to solve this problem,False,Solving_problems_improvements_mitigation,manual,,,,,,,,,,,,
to address this issue,False,Solving_problems_improvements_mitigation,manual,,,,,,,,,,,,
"to overcome these drawbacks,",False,Solving_problems_improvements_mitigation,manual,,,,,,,,,,,,
"to address this drawback,",False,Solving_problems_improvements_mitigation,manual,,,,,,,,,,,,
"to address these drawbacks,",False,Solving_problems_improvements_mitigation,manual,,,,,,,,,,,,
"to avoid this drawback,",False,Solving_problems_improvements_mitigation,manual,,,,,,,,,,,,
"to avoid these drawbacks,",False,Solving_problems_improvements_mitigation,manual,,,,,,,,,,,,
"to alleviate this drawback,",False,Solving_problems_improvements_mitigation,manual,,,,,,,,,,,,
"to alleviate these drawbacks,",False,Solving_problems_improvements_mitigation,manual,,,,,,,,,,,,
"to overcome the drawback,",False,Solving_problems_improvements_mitigation,manual,,,,,,,,,,,,
"to overcome such a drawback,",False,Solving_problems_improvements_mitigation,manual,,,,,,,,,,,,
"to overcome the drawbacks,",False,Solving_problems_improvements_mitigation,manual,,,,,,,,,,,,
"to remedy this drawback,",False,Solving_problems_improvements_mitigation,manual,,,,,,,,,,,,
"to mitigate this drawback,",False,Solving_problems_improvements_mitigation,manual,,,,,,,,,,,,
"to mitigate these drawbacks,",False,Solving_problems_improvements_mitigation,manual,,,,,,,,,,,,
"to deal with this drawback,",False,Solving_problems_improvements_mitigation,manual,,,,,,,,,,,,
"to solve this drawback,",False,Solving_problems_improvements_mitigation,manual,,,,,,,,,,,,
"to solve these drawbacks,",False,Solving_problems_improvements_mitigation,manual,,,,,,,,,,,,
"to solve those drawbacks,",False,Solving_problems_improvements_mitigation,manual,,,,,,,,,,,,
"to remedy these drawbacks,",False,Solving_problems_improvements_mitigation,manual,,,,,,,,,,,,
"to compensate for this drawback,",False,Solving_problems_improvements_mitigation,manual,,,,,,,,,,,,
"to tackle this drawback,",False,Solving_problems_improvements_mitigation,manual,,,,,,,,,,,,
"to cope with this drawback,",False,Solving_problems_improvements_mitigation,manual,,,,,,,,,,,,
"to eliminate these drawbacks,",False,Solving_problems_improvements_mitigation,manual,,,,,,,,,,,,
"to avoid such drawbacks,",False,Solving_problems_improvements_mitigation,manual,,,,,,,,,,,,
"to resolve this drawback,",False,Solving_problems_improvements_mitigation,manual,,,,,,,,,,,,
"to achieve this mission,",False,Solving_problems_improvements_mitigation,manual,,,,,,,,,,,,
"to achieve this goal,",False,Solving_problems_improvements_mitigation,manual,,,,,,,,,,,,
"however,",False,common_irrelevant,manual,,,,,,,,,,,,
"therefore,",False,common_irrelevant,manual,,,,,,,,,,,,
"moreover,",False,common_irrelevant,manual,,,,,,,,,,,,
"thus,",False,common_irrelevant,manual,,,,,,,,,,,,
"furthermore,",False,common_irrelevant,manual,,,,,,,,,,,,
"in addition,",False,common_irrelevant,manual,,,,,,,,,,,,
"unfortunately,",False,BLACKLIST,manual,,,,,,,,,,,,
"hence,",False,BLACKLIST,manual,,,,,,,,,,,,
nevertheless,False,common_irrelevant,manual,,,,,,,,,,,,
"nevertheless,",False,common_irrelevant,manual,,,,,,,,,,,,
"also,",False,BLACKLIST,manual,,,,,,,,,,,,
"indeed,",False,BLACKLIST,manual,,,,,,,,,,,,
"in fact,",False,BLACKLIST,manual,,,,,,,,,,,,
"secondly,",False,BLACKLIST,manual,,,,,,,,,,,,
"in section 2,",False,BLACKLIST,manual,,,,,,,,,,,,
"in this regard,",False,BLACKLIST,manual,,,,,,,,,,,,
"formally,",False,BLACKLIST,manual,,,,,,,,,,,,
"later,",False,BLACKLIST,manual,,,,,,,,,,,,
"in the following,",False,BLACKLIST,manual,,,,,,,,,,,,
"afterwards,",False,BLACKLIST,manual,,,,,,,,,,,,
"in our case,",False,BLACKLIST,manual,,,,,,,,,,,,
"in our experiments,",False,BLACKLIST,manual,,,,,,,,,,,,
"without loss of generality,",False,BLACKLIST,manual,,,,,,,,,,,,
"during training,",False,BLACKLIST,manual,,,,,,,,,,,,
"third,",False,BLACKLIST,manual,,,,,,,,,,,,
"initially,",False,BLACKLIST,manual,,,,,,,,,,,,
"for this purpose,",False,common_irrelevant,manual,,,,,,,,,,,,
"among them,",False,BLACKLIST,manual,,,,,,,,,,,,
additionally,False,BLACKLIST,manual,,,,,,,,,,,,
"additionally,",False,common_irrelevant,manual,,,,,,,,,,,,
"in this paper,",False,BLACKLIST,manual,,,,,,,,,,,,
"in general,",False,common_irrelevant,manual,,,,,,,,,,,,
"further,",False,BLACKLIST,manual,,,,,,,,,,,,
"in this case,",False,BLACKLIST,manual,,,,,,,,,,,,
"recently,",False,BLACKLIST,manual,,,,,,,,,,,,
"in practice,",False,BLACKLIST,manual,,,,,,,,,,,,
"in the future,",False,BLACKLIST,manual,,,,,,,,,,,,
"besides,",False,BLACKLIST,manual,,,,,,,,,,,,
"here,",False,BLACKLIST,manual,,,,,,,,,,,,
"that is,",False,common_irrelevant,manual,,,,,,,,,,,,
"currently,",False,BLACKLIST,manual,,,,,,,,,,,,
"of course,",False,BLACKLIST,manual,,,,,,,,,,,,
"overall,",False,BLACKLIST,manual,,,,,,,,,,,,
"yet,",False,BLACKLIST,manual,,,,,,,,,,,,
"as such,",False,BLACKLIST,manual,,,,,,,,,,,,
"in summary,",False,BLACKLIST,manual,,,,,,,,,,,,
"nonetheless,",False,BLACKLIST,manual,,,,,,,,,,,,
"at the same time,",False,BLACKLIST,manual,,,,,,,,,,,,
"clearly,",False,BLACKLIST,manual,,,,,,,,,,,,
"interestingly,",False,BLACKLIST,manual,,,,,,,,,,,,
"in this section,",False,BLACKLIST,manual,,,,,,,,,,,,
"then,",False,BLACKLIST,manual,,,,,,,,,,,,
"for this reason,",False,BLACKLIST,manual,,,,,,,,,,,,
"obviously,",False,BLACKLIST,manual,,,,,,,,,,,,
"meanwhile,",False,BLACKLIST,manual,,,,,,,,,,,,
"in this work,",False,BLACKLIST,manual,,,,,,,,,,,,
"generally,",False,BLACKLIST,manual,,,,,,,,,,,,
"in future work,",False,BLACKLIST,manual,,,,,,,,,,,,
"accordingly,",False,BLACKLIST,manual,,,,,,,,,,,,
"still,",False,BLACKLIST,manual,,,,,,,,,,,,
"but,",False,BLACKLIST,manual,,,,,,,,,,,,
"on the one hand,",False,BLACKLIST,manual,,,,,,,,,,,,
"again,",False,BLACKLIST,manual,,,,,,,,,,,,
"in conclusion,",False,BLACKLIST,manual,,,,,,,,,,,,
"in this context,",False,BLACKLIST,manual,,,,,,,,,,,,
"in recent years,",False,BLACKLIST,manual,,,,,,,,,,,,
"in this study,",False,BLACKLIST,manual,,,,,,,,,,,,
"typically,",False,BLACKLIST,manual,,,,,,,,,,,,
"this,",False,BLACKLIST,manual,,,,,,,,,,,,
"lastly,",False,BLACKLIST,manual,,,,,,,,,,,,
"ideally,",False,BLACKLIST,manual,,,,,,,,,,,,
"to this end,",False,BLACKLIST,manual,,,,,,,,,,,,
"in this way,",False,BLACKLIST,manual,,,,,,,,,,,,
"at present,",False,BLACKLIST,manual,,,,,,,,,,,,
"so far,",False,BLACKLIST,manual,,,,,,,,,,,,
"more importantly,",False,BLACKLIST,manual,,,,,,,,,,,,
"in some cases,",False,BLACKLIST,manual,,,,,,,,,,,,
"otherwise,",False,BLACKLIST,manual,,,,,,,,,,,,
"actually,",False,BLACKLIST,manual,,,,,,,,,,,,
"rather,",False,BLACKLIST,manual,,,,,,,,,,,,
"intuitively,",False,BLACKLIST,manual,,,,,,,,,,,,
"next,",False,BLACKLIST,manual,,,,,,,,,,,,
"importantly,",False,BLACKLIST,manual,,,,,,,,,,,,
"in such cases,",False,BLACKLIST,manual,,,,,,,,,,,,
"first of all,",False,BLACKLIST,manual,,,,,,,,,,,,
"as future work,",False,BLACKLIST,manual,,,,,,,,,,,,
"traditionally,",False,BLACKLIST,manual,,,,,,,,,,,,
"more recently,",False,BLACKLIST,manual,,,,,,,,,,,,
"fortunately,",False,BLACKLIST,manual,,,,,,,,,,,,
"nowadays,",False,BLACKLIST,manual,,,,,,,,,,,,
"although,",False,BLACKLIST,manual,,,,,,,,,,,,
"in principle,",False,BLACKLIST,manual,,,,,,,,,,,,
"to our knowledge,",False,BLACKLIST,manual,,,,,,,,,,,,
"notably,",False,BLACKLIST,manual,,,,,,,,,,,,
"usually,",False,BLACKLIST,manual,,,,,,,,,,,,
"to date,",False,BLACKLIST,manual,,,,,,,,,,,,
"as expected,",False,BLACKLIST,manual,,,,,,,,,,,,
in this regard,False,BLACKLIST,manual,,,,,,,,,,,,
on one hand,False,BLACKLIST,manual,,,,,,,,,,,,
ultimately,False,BLACKLIST,manual,,,,,,,,,,,,
for future work,False,BLACKLIST,manual,,,,,,,,,,,,
in this sense,False,BLACKLIST,manual,,,,,,,,,,,,
today,False,BLACKLIST,manual,,,,,,,,,,,,
in short,False,BLACKLIST,manual,,,,,,,,,,,,
often,False,BLACKLIST,manual,,,,,,,,,,,,
surprisingly,False,BLACKLIST,manual,,,,,,,,,,,,
note that,False,BLACKLIST,manual,,,,,,,,,,,,
"note that,",False,BLACKLIST,manual,,,,,,,,,,,,
"in many cases,",False,BLACKLIST,manual,,,,,,,,,,,,
"in any case,",False,BLACKLIST,manual,,,,,,,,,,,,
"in these cases,",False,BLACKLIST,manual,,,,,,,,,,,,
"now,",False,BLACKLIST,manual,,,,,,,,,,,,
"in future,",False,BLACKLIST,manual,,,,,,,,,,,,
"namely,",False,BLACKLIST,manual,,,,,,,,,,,,
"in reality,",False,BLACKLIST,manual,,,,,,,,,,,,
"taken together,",False,BLACKLIST,manual,,,,,,,,,,,,
"for these reasons,",False,BLACKLIST,manual,,,,,,,,,,,,
naturally,False,BLACKLIST,manual,,,,,,,,,,,,
as mentioned above,False,BLACKLIST,manual,,,,,,,,,,,,
especially,False,BLACKLIST,manual,,,,,,,,,,,,
note,False,BLACKLIST,manual,,,,,,,,,,,,
in that case,False,BLACKLIST,manual,,,,,,,,,,,,
it is,False,BLACKLIST,manual,,,,,,,,,,,,
in this article,False,BLACKLIST,manual,,,,,,,,,,,,
in sum,False,BLACKLIST,manual,,,,,,,,,,,,
in most cases,False,BLACKLIST,manual,,,,,,,,,,,,
in both cases,False,BLACKLIST,manual,,,,,,,,,,,,
in this respect,False,BLACKLIST,manual,,,,,,,,,,,,
in the following,False,BLACKLIST,manual,,,,,,,,,,,,
"subsequently,",False,BLACKLIST,manual,,,,,,,,,,,,
in our case,False,BLACKLIST,manual,,,,,,,,,,,,
as mentioned earlier,False,BLACKLIST,manual,,,,,,,,,,,,
to summarize,False,BLACKLIST,manual,,,,,,,,,,,,
in this situation,False,BLACKLIST,manual,,,,,,,,,,,,
and,False,BLACKLIST,manual,,,,,,,,,,,,
generally speaking,False,BLACKLIST,manual,,,,,,,,,,,,
in such a case,False,BLACKLIST,manual,,,,,,,,,,,,
theoretically,False,BLACKLIST,manual,,,,,,,,,,,,
in our future work,False,BLACKLIST,manual,,,,,,,,,,,,
most importantly,False,BLACKLIST,manual,,,,,,,,,,,,
as a matter of fact,False,BLACKLIST,manual,,,,,,,,,,,,
in turn,False,BLACKLIST,manual,,,,,,,,,,,,
certainly,False,BLACKLIST,manual,,,,,,,,,,,,
because of this,False,BLACKLIST,manual,,,,,,,,,,,,
in this scenario,False,BLACKLIST,manual,,,,,,,,,,,,
at this point,False,BLACKLIST,manual,,,,,,,,,,,,
in our experiments,False,BLACKLIST,manual,,,,,,,,,,,,
to conclude,False,BLACKLIST,manual,,,,,,,,,,,,
apparently,False,BLACKLIST,manual,,,,,,,,,,,,
in theory,False,BLACKLIST,manual,,,,,,,,,,,,
sometimes,False,BLACKLIST,manual,,,,,,,,,,,,
together,False,BLACKLIST,manual,,,,,,,,,,,,
in the past,False,BLACKLIST,manual,,,,,,,,,,,,
in comparison,False,BLACKLIST,manual,,,,,,,,,,,,
in the literature,False,BLACKLIST,manual,,,,,,,,,,,,
there are,False,BLACKLIST,manual,,,,,,,,,,,,
after all,False,BLACKLIST,manual,,,,,,,,,,,,
despite this,False,BLACKLIST,manual,,,,,,,,,,,,
this is because,False,BLACKLIST,manual,,,,,,,,,,,,
even so,False,BLACKLIST,manual,,,,,,,,,,,,
as can be seen,False,BLACKLIST,manual,,,,,,,,,,,,
eventually,False,BLACKLIST,manual,,,,,,,,,,,,
last but not least,False,BLACKLIST,manual,,,,,,,,,,,,
last,False,BLACKLIST,manual,,,,,,,,,,,,
as a future work,False,BLACKLIST,manual,,,,,,,,,,,,
for this purpose,False,BLACKLIST,manual,,,,,,,,,,,,
essentially,False,BLACKLIST,manual,,,,,,,,,,,,
as mentioned before,False,BLACKLIST,manual,,,,,,,,,,,,
if so,False,BLACKLIST,manual,,,,,,,,,,,,
among them,False,BLACKLIST,manual,,,,,,,,,,,,
in essence,False,BLACKLIST,manual,,,,,,,,,,,,
not surprisingly,False,BLACKLIST,manual,,,,,,,,,,,,
there is,False,BLACKLIST,manual,,,,,,,,,,,,
later,False,BLACKLIST,manual,,,,,,,,,,,,
in the next section,False,BLACKLIST,manual,,,,,,,,,,,,
since,False,BLACKLIST,manual,,,,,,,,,,,,
in our opinion,False,BLACKLIST,manual,,,,,,,,,,,,
initially,False,BLACKLIST,manual,,,,,,,,,,,,
on the other side,False,BLACKLIST,manual,,,,,,,,,,,,
as discussed above,False,BLACKLIST,manual,,,,,,,,,,,,
this approach,False,BLACKLIST,manual,,,,,,,,,,,,
in our study,False,BLACKLIST,manual,,,,,,,,,,,,
basically,False,BLACKLIST,manual,,,,,,,,,,,,
that said,False,BLACKLIST,manual,,,,,,,,,,,,
this way,False,BLACKLIST,manual,,,,,,,,,,,,
previously,False,BLACKLIST,manual,,,,,,,,,,,,
this is,False,BLACKLIST,manual,,,,,,,,,,,,
historically,False,BLACKLIST,manual,,,,,,,,,,,,
to sum up,False,BLACKLIST,manual,,,,,,,,,,,,
thereby,False,BLACKLIST,manual,,,,,,,,,,,,
arguably,False,BLACKLIST,manual,,,,,,,,,,,,
until now,False,BLACKLIST,manual,,,,,,,,,,,,
age,False,BLACKLIST,manual,,,,,,,,,,,,
in figure 14,False,BLACKLIST,manual,,,,,,,,,,,,
"and lastly,",False,BLACKLIST,manual,,,,,,,,,,,,
"lastly and most importantly,",False,BLACKLIST,manual,,,,,,,,,,,,
"third and lastly,",False,BLACKLIST,manual,,,,,,,,,,,,
"lastly but not the least,",False,BLACKLIST,manual,,,,,,,,,,,,
"thirdly and lastly,",False,BLACKLIST,manual,,,,,,,,,,,,
"lastly and perhaps most importantly,",False,BLACKLIST,manual,,,,,,,,,,,,
"lastly and arguably most importantly,",False,BLACKLIST,manual,,,,,,,,,,,,
"8 lastly,",False,BLACKLIST,manual,,,,,,,,,,,,
"lastly but importantly,",False,BLACKLIST,manual,,,,,,,,,,,,
"4 lastly,",False,BLACKLIST,manual,,,,,,,,,,,,
"7 lastly,",False,BLACKLIST,manual,,,,,,,,,,,,
"10 lastly,",False,BLACKLIST,manual,,,,,,,,,,,,
"1 lastly,",False,BLACKLIST,manual,,,,,,,,,,,,
"in the present study,",False,BLACKLIST,manual,,,,,,,,,,,,
"in the future work,",False,BLACKLIST,manual,,,,,,,,,,,,
"evidently,",False,BLACKLIST,manual,,,,,,,,,,,,
"in doing so,",False,BLACKLIST,manual,,,,,,,,,,,,
"in the near future,",False,BLACKLIST,manual,,,,,,,,,,,,
"in the latter case,",False,BLACKLIST,manual,,,,,,,,,,,,
"on average,",False,BLACKLIST,manual,,,,,,,,,,,,
"normally,",False,BLACKLIST,manual,,,,,,,,,,,,
"in either case,",False,BLACKLIST,manual,,,,,,,,,,,,
"in section 4,",False,BLACKLIST,manual,,,,,,,,,,,,
"even worse,",False,BLACKLIST,manual,,,,,,,,,,,,
"in this example,",False,BLACKLIST,manual,,,,,,,,,,,,
"in consequence,",False,common_irrelevant,manual,,,,,,,,,,,,
"for this,",False,BLACKLIST,manual,,,,,,,,,,,,
"in addition to this,",False,BLACKLIST,manual,,,,,,,,,,,,
"in other cases,",False,BLACKLIST,manual,,,,,,,,,,,,
"that is to say,",False,BLACKLIST,manual,,,,,,,,,,,,
"while,",False,BLACKLIST,manual,,,,,,,,,,,,
"in the worst case,",False,BLACKLIST,manual,,,,,,,,,,,,
"in our work,",False,BLACKLIST,manual,,,,,,,,,,,,
"as far as we know,",False,BLACKLIST,manual,,,,,,,,,,,,
"once again,",False,BLACKLIST,manual,,,,,,,,,,,,
"perhaps,",False,BLACKLIST,manual,,,,,,,,,,,,
"for that reason,",False,BLACKLIST,manual,,,,,,,,,,,,
"in effect,",False,BLACKLIST,manual,,,,,,,,,,,,
"in the end,",False,BLACKLIST,manual,,,,,,,,,,,,
"up to now,",False,BLACKLIST,manual,,,,,,,,,,,,
"in section 5,",False,BLACKLIST,manual,,,,,,,,,,,,
"as mentioned,",False,BLACKLIST,manual,,,,,,,,,,,,
"all in all,",False,BLACKLIST,manual,,,,,,,,,,,,
"altogether,",False,BLACKLIST,manual,,,,,,,,,,,,
"until recently,",False,BLACKLIST,manual,,,,,,,,,,,,
"in future research,",False,BLACKLIST,manual,,,,,,,,,,,,
"consider,",False,BLACKLIST,manual,,,,,,,,,,,,
"what is more,",False,BLACKLIST,manual,,,,,,,,,,,,
"as noted above,",False,BLACKLIST,manual,,,,,,,,,,,,
"since then,",False,BLACKLIST,manual,,,,,,,,,,,,
"in such situations,",False,BLACKLIST,manual,,,,,,,,,,,,
"in the meantime,",False,BLACKLIST,manual,,,,,,,,,,,,
"as discussed earlier,",False,BLACKLIST,manual,,,,,,,,,,,,
"in section 3,",False,BLACKLIST,manual,,,,,,,,,,,,
"thus far,",False,BLACKLIST,manual,,,,,,,,,,,,
"at first glance,",False,BLACKLIST,manual,,,,,,,,,,,,
"admittedly,",False,BLACKLIST,manual,,,,,,,,,,,,
"whereas,",False,BLACKLIST,manual,,,,,,,,,,,,
"to address this,",False,BLACKLIST,manual,,,,,,,,,,,,
"presently,",False,BLACKLIST,manual,,,,,,,,,,,,
"in this setting,",False,BLACKLIST,manual,,,,,,,,,,,,
"as previously mentioned,",False,BLACKLIST,manual,,,,,,,,,,,,
"in this approach,",False,BLACKLIST,manual,,,,,,,,,,,,
"as we can see,",False,BLACKLIST,manual,,,,,,,,,,,,
"in all cases,",False,BLACKLIST,manual,,,,,,,,,,,,
"though,",False,BLACKLIST,manual,,,,,,,,,,,,
"crucially,",False,BLACKLIST,manual,,,,,,,,,,,,
"to do so,",False,BLACKLIST,manual,,,,,,,,,,,,
"remarkably,",False,BLACKLIST,manual,,,,,,,,,,,,
"from this perspective,",False,BLACKLIST,manual,,,,,,,,,,,,
"this means that,",False,BLACKLIST,manual,,,,,,,,,,,,
"as mentioned previously,",False,BLACKLIST,manual,,,,,,,,,,,,
"in our view,",False,BLACKLIST,manual,,,,,,,,,,,,
"in the previous section,",False,BLACKLIST,manual,,,,,,,,,,,,
"in this experiment,",False,BLACKLIST,manual,,,,,,,,,,,,
"in our experience,",False,BLACKLIST,manual,,,,,,,,,,,,
"at the moment,",False,BLACKLIST,manual,,,,,,,,,,,,
"there,",False,BLACKLIST,manual,,,,,,,,,,,,
"correspondingly,",False,BLACKLIST,manual,,,,,,,,,,,,
"regardless,",False,BLACKLIST,manual,,,,,,,,,,,,
"as mentioned in the introduction,",False,BLACKLIST,manual,,,,,,,,,,,,
"unsurprisingly,",False,BLACKLIST,manual,,,,,,,,,,,,
"besides that,",False,BLACKLIST,manual,,,,,,,,,,,,
"anyway,",False,BLACKLIST,manual,,,,,,,,,,,,
"it should be noted,",False,BLACKLIST,manual,,,,,,,,,,,,
"after that,",False,BLACKLIST,manual,,,,,,,,,,,,
"presumably,",False,BLACKLIST,manual,,,,,,,,,,,,
"for simplicity,",False,BLACKLIST,manual,,,,,,,,,,,,
"in many applications,",False,BLACKLIST,manual,,,,,,,,,,,,
"undoubtedly,",False,BLACKLIST,manual,,,,,,,,,,,,
"in this research,",False,BLACKLIST,manual,,,,,,,,,,,,
"as an alternative,",False,BLACKLIST,manual,,,,,,,,,,,,
"as already mentioned,",False,BLACKLIST,manual,,,,,,,,,,,,
"by doing so,",False,BLACKLIST,manual,,,,,,,,,,,,
"over the years,",False,BLACKLIST,manual,,,,,,,,,,,,
"in future studies,",False,BLACKLIST,manual,,,,,,,,,,,,
"in total,",False,BLACKLIST,manual,,,,,,,,,,,,
"in what follows,",False,BLACKLIST,manual,,,,,,,,,,,,
"we note,",False,BLACKLIST,manual,,,,,,,,,,,,
"over time,",False,BLACKLIST,manual,,,,,,,,,,,,
"in future works,",False,BLACKLIST,manual,,,,,,,,,,,,
"below,",False,BLACKLIST,manual,,,,,,,,,,,,
"as well,",False,BLACKLIST,manual,,,,,,,,,,,,
"in this subsection,",False,BLACKLIST,manual,,,,,,,,,,,,
"if this is the case,",False,BLACKLIST,manual,,,,,,,,,,,,
"to our best knowledge,",False,BLACKLIST,manual,,,,,,,,,,,,
"collectively,",False,BLACKLIST,manual,,,,,,,,,,,,
"most notably,",False,BLACKLIST,manual,,,,,,,,,,,,
"to achieve this,",False,BLACKLIST,manual,,,,,,,,,,,,
"simultaneously,",False,BLACKLIST,manual,,,,,,,,,,,,
"as another example,",False,BLACKLIST,manual,,,,,,,,,,,,
"in our example,",False,BLACKLIST,manual,,,,,,,,,,,,
"in the above example,",False,BLACKLIST,manual,,,,,,,,,,,,
"in the example,",False,BLACKLIST,manual,,,,,,,,,,,,
"in the example above,",False,BLACKLIST,manual,,,,,,,,,,,,
"for this example,",False,BLACKLIST,manual,,,,,,,,,,,,
"in these examples,",False,BLACKLIST,manual,,,,,,,,,,,,
"for another example,",False,BLACKLIST,manual,,,,,,,,,,,,
"in the previous example,",False,BLACKLIST,manual,,,,,,,,,,,,
"from this example,",False,BLACKLIST,manual,,,,,,,,,,,,
"another example,",False,BLACKLIST,manual,,,,,,,,,,,,
"in 2007,",False,BLACKLIST,manual,,,,,,,,,,,,
"in both examples,",False,BLACKLIST,manual,,,,,,,,,,,,
"second,",False,BLACKLIST,manual,,,,,,,,,,,,
"as a second example,",False,BLACKLIST,manual,,,,,,,,,,,,
"in this particular example,",False,BLACKLIST,manual,,,,,,,,,,,,
"1 for example,",False,BLACKLIST,manual,,,,,,,,,,,,
"as a final example,",False,BLACKLIST,manual,,,,,,,,,,,,
"if successful,",False,BLACKLIST,manual,,,,,,,,,,,,
"motivated by this,",False,BLACKLIST,manual,,,,,,,,,,,,
"as of today,",False,BLACKLIST,manual,,,,,,,,,,,,
"anyhow,",False,BLACKLIST,manual,,,,,,,,,,,,
"on top of this,",False,BLACKLIST,manual,,,,,,,,,,,,
"and second,",False,BLACKLIST,manual,,,,,,,,,,,,
"looking forward,",False,BLACKLIST,manual,,,,,,,,,,,,
"last but not the least,",False,BLACKLIST,manual,,,,,,,,,,,,
"to the contrary,",False,BLACKLIST,manual,,,,,,,,,,,,
"as it stands,",False,BLACKLIST,manual,,,,,,,,,,,,
"oftentimes,",False,BLACKLIST,manual,,,,,,,,,,,,
"in europe,",False,BLACKLIST,manual,,,,,,,,,,,,
"we found that,",False,BLACKLIST,manual,,,,,,,,,,,,
"as a whole,",False,BLACKLIST,manual,,,,,,,,,,,,
"In universal terms,",False,BLACKLIST,manual,,,,,,,,,,,,
"viewed collectively,",False,BLACKLIST,manual,,,,,,,,,,,,
In drawing a general conclusion,False,BLACKLIST,manual,,,,,,,,,,,,
"In the general case,",False,BLACKLIST,manual,,,,,,,,,,,,
This demonstrates that,False,BLACKLIST,manual,,,,,,,,,,,,
"Stepping back,",False,BLACKLIST,manual,,,,,,,,,,,,
A closer examination reveals,False,BLACKLIST,manual,,,,,,,,,,,,
"upon a closer examination,",False,BLACKLIST,manual,,,,,,,,,,,,
"Breaking this down,",False,BLACKLIST,manual,,,,,,,,,,,,
"To elaborate,",False,BLACKLIST,manual,,,,,,,,,,,,
"in this sense,",False,BLACKLIST,manual,,,,,,,,,,,,
"in comparison,",False,BLACKLIST,manual,,,,,,,,,,,,
"in both cases,",False,BLACKLIST,manual,,,,,,,,,,,,
"thirdly,",False,BLACKLIST,manual,,,,,,,,,,,,
"as can be seen,",False,BLACKLIST,manual,,,,,,,,,,,,
"concretely,",False,BLACKLIST,manual,,,,,,,,,,,,
"to do this,",False,BLACKLIST,manual,,,,,,,,,,,,
"this way,",False,BLACKLIST,manual,,,,,,,,,,,,
"surprisingly,",False,BLACKLIST,manual,,,,,,,,,,,,
"note,",False,BLACKLIST,manual,,,,,,,,,,,,
"ultimately,",False,BLACKLIST,manual,,,,,,,,,,,,
"in our study,",False,BLACKLIST,manual,,,,,,,,,,,,
"briefly,",False,BLACKLIST,manual,,,,,,,,,,,,
"in that case,",False,BLACKLIST,manual,,,,,,,,,,,,
"in this scenario,",False,BLACKLIST,manual,,,,,,,,,,,,
"on one hand,",False,BLACKLIST,manual,,,,,,,,,,,,
"at this point,",False,BLACKLIST,manual,,,,,,,,,,,,
"fourth,",False,BLACKLIST,manual,,,,,,,,,,,,
"in turn,",False,BLACKLIST,manual,,,,,,,,,,,,
"for comparison,",False,BLACKLIST,manual,,,,,,,,,,,,
"essentially,",False,BLACKLIST,manual,,,,,,,,,,,,
"afterward,",False,BLACKLIST,manual,,,,,,,,,,,,
"thereby,",False,BLACKLIST,manual,,,,,,,,,,,,
"in detail,",False,BLACKLIST,manual,,,,,,,,,,,,
"in short,",False,BLACKLIST,manual,,,,,,,,,,,,
"together,",False,BLACKLIST,manual,,,,,,,,,,,,
"in this model,",False,BLACKLIST,manual,,,,,,,,,,,,
"in most cases,",False,BLACKLIST,manual,,,,,,,,,,,,
"naturally,",False,BLACKLIST,manual,,,,,,,,,,,,
"as mentioned above,",False,BLACKLIST,manual,,,,,,,,,,,,
"thereafter,",False,BLACKLIST,manual,,,,,,,,,,,,
"in this method,",False,BLACKLIST,manual,,,,,,,,,,,,
"basically,",False,BLACKLIST,manual,,,,,,,,,,,,
"in the first stage,",False,BLACKLIST,manual,,,,,,,,,,,,
"in this article,",False,BLACKLIST,manual,,,,,,,,,,,,
"theoretically,",False,BLACKLIST,manual,,,,,,,,,,,,
"at first,",False,BLACKLIST,manual,,,,,,,,,,,,
"based on this,",False,BLACKLIST,manual,,,,,,,,,,,,
"in essence,",False,BLACKLIST,manual,,,,,,,,,,,,
"as before,",False,BLACKLIST,manual,,,,,,,,,,,,
"eventually,",False,BLACKLIST,manual,,,,,,,,,,,,
"among these,",False,BLACKLIST,manual,,,,,,,,,,,,
"in the first step,",False,BLACKLIST,manual,,,,,,,,,,,,
"often,",False,BLACKLIST,manual,,,,,,,,,,,,
"today,",False,BLACKLIST,manual,,,,,,,,,,,,
"generally speaking,",False,BLACKLIST,manual,,,,,,,,,,,,
"at this time,",False,BLACKLIST,manual,,,,,,,,,,,,
"by default,",False,BLACKLIST,manual,,,,,,,,,,,,
"in section iii,",False,BLACKLIST,manual,,,,,,,,,,,,
"in this process,",False,BLACKLIST,manual,,,,,,,,,,,,
"to see this,",False,BLACKLIST,manual,,,,,,,,,,,,
"in section ii,",False,BLACKLIST,manual,,,,,,,,,,,,
"most importantly,",False,BLACKLIST,manual,,,,,,,,,,,,
"by definition,",False,BLACKLIST,manual,,,,,,,,,,,,
"this is because,",False,BLACKLIST,manual,,,,,,,,,,,,
"as shown,",False,BLACKLIST,manual,,,,,,,,,,,,
"despite this,",False,BLACKLIST,manual,,,,,,,,,,,,
"in the second stage,",False,BLACKLIST,manual,,,,,,,,,,,,
"in this respect,",False,BLACKLIST,manual,,,,,,,,,,,,
"in the experiment,",False,BLACKLIST,manual,,,,,,,,,,,,
"previously,",False,BLACKLIST,manual,,,,,,,,,,,,
"and,",False,BLACKLIST,manual,,,,,,,,,,,,
"at this stage,",False,BLACKLIST,manual,,,,,,,,,,,,
"for convenience,",False,BLACKLIST,manual,,,,,,,,,,,,
"in the literature,",False,BLACKLIST,manual,,,,,,,,,,,,
"as mentioned earlier,",False,BLACKLIST,manual,,,,,,,,,,,,
"since,",False,BLACKLIST,manual,,,,,,,,,,,,
"in this situation,",False,BLACKLIST,manual,,,,,,,,,,,,
"in the first case,",False,BLACKLIST,manual,,,,,,,,,,,,
"of these,",False,BLACKLIST,manual,,,,,,,,,,,,
"empirically,",False,BLACKLIST,manual,,,,,,,,,,,,
"in this figure,",False,BLACKLIST,manual,,,,,,,,,,,,
"herein,",False,BLACKLIST,manual,,,,,,,,,,,,
"if so,",False,BLACKLIST,manual,,,,,,,,,,,,
"if not,",False,BLACKLIST,manual,,,,,,,,,,,,
"in the second step,",False,BLACKLIST,manual,,,,,,,,,,,,
"last,",False,BLACKLIST,manual,,,,,,,,,,,,
"in each iteration,",False,BLACKLIST,manual,,,,,,,,,,,,
"in section iv,",False,BLACKLIST,manual,,,,,,,,,,,,
"in such a case,",False,BLACKLIST,manual,,,,,,,,,,,,
"in this step,",False,BLACKLIST,manual,,,,,,,,,,,,
"for a fair comparison,",False,BLACKLIST,manual,,,,,,,,,,,,
"sometimes,",False,BLACKLIST,manual,,,,,,,,,,,,
"because of this,",False,BLACKLIST,manual,,,,,,,,,,,,
"in figure 3,",False,BLACKLIST,manual,,,,,,,,,,,,
"mathematically,",False,BLACKLIST,manual,,,,,,,,,,,,
"in parallel,",False,BLACKLIST,manual,,,,,,,,,,,,
"as mentioned before,",False,BLACKLIST,manual,,,,,,,,,,,,
"in figure 4,",False,BLACKLIST,manual,,,,,,,,,,,,
"during inference,",False,BLACKLIST,manual,,,,,,,,,,,,
"for that,",False,BLACKLIST,manual,,,,,,,,,,,,
"in our experiment,",False,BLACKLIST,manual,,,,,,,,,,,,
"in figure 2,",False,BLACKLIST,manual,,,,,,,,,,,,
"in brief,",False,BLACKLIST,manual,,,,,,,,,,,,
"in table 1,",False,BLACKLIST,manual,,,,,,,,,,,,
"in the figure,",False,BLACKLIST,manual,,,,,,,,,,,,
"in theory,",False,BLACKLIST,manual,,,,,,,,,,,,
"in our implementation,",False,BLACKLIST,manual,,,,,,,,,,,,
"concurrently,",False,BLACKLIST,manual,,,,,,,,,,,,
"in our model,",False,BLACKLIST,manual,,,,,,,,,,,,
"the results,",False,BLACKLIST,manual,,,,,,,,,,,,
"it is,",False,BLACKLIST,manual,,,,,,,,,,,,
"from the results,",False,BLACKLIST,manual,,,,,,,,,,,,
"in figure 5,",False,BLACKLIST,manual,,,,,,,,,,,,
"at last,",False,BLACKLIST,manual,,,,,,,,,,,,
"in this framework,",False,BLACKLIST,manual,,,,,,,,,,,,
"in table 2,",False,BLACKLIST,manual,,,,,,,,,,,,
"in the next section,",False,BLACKLIST,manual,,,,,,,,,,,,
"in our approach,",False,BLACKLIST,manual,,,,,,,,,,,,
"in figure 1,",False,BLACKLIST,manual,,,,,,,,,,,,
"on the other side,",False,BLACKLIST,manual,,,,,,,,,,,,
"in each case,",False,BLACKLIST,manual,,,,,,,,,,,,
"apparently,",False,BLACKLIST,manual,,,,,,,,,,,,
"by construction,",False,BLACKLIST,manual,,,,,,,,,,,,
"in this manner,",False,BLACKLIST,manual,,,,,,,,,,,,
"in section 6,",False,BLACKLIST,manual,,,,,,,,,,,,
"after training,",False,BLACKLIST,manual,,,,,,,,,,,,
"roughly speaking,",False,BLACKLIST,manual,,,,,,,,,,,,
"more formally,",False,BLACKLIST,manual,,,,,,,,,,,,
"for this study,",False,BLACKLIST,manual,,,,,,,,,,,,
"in the experiments,",False,BLACKLIST,manual,,,,,,,,,,,,
"of note,",False,BLACKLIST,manual,,,,,,,,,,,,
"from this,",False,BLACKLIST,manual,,,,,,,,,,,,
"after this,",False,BLACKLIST,manual,,,,,,,,,,,,
"in the next step,",False,BLACKLIST,manual,,,,,,,,,,,,
"in figure 6,",False,BLACKLIST,manual,,,,,,,,,,,,
"that said,",False,BLACKLIST,manual,,,,,,,,,,,,
"practically,",False,BLACKLIST,manual,,,,,,,,,,,,
"to address these limitations, we design",False,Solving_problems_improvements_mitigation,LLMgenerated,to address,address-combined,STRONG-TRUE,,,,,,,,,
"to address these limitations, we develop",False,Solving_problems_improvements_mitigation,LLMgenerated,to address,address-combined,STRONG-TRUE,,,,,,,,,
"to address these limitations, we introduce",False,Solving_problems_improvements_mitigation,LLMgenerated,to address,address-combined,STRONG-TRUE,,,,,,,,,
"to address these limitations, we present",False,Solving_problems_improvements_mitigation,LLMgenerated,to address,address-combined,STRONG-TRUE,,,,,,,,,
"to address these limitations, we propose",False,Solving_problems_improvements_mitigation,LLMgenerated,to address,address-combined,STRONG-TRUE,,,,,,,,,
"to address this issue, we design",False,Solving_problems_improvements_mitigation,LLMgenerated,to address,address-combined,STRONG-TRUE,,,,,,,,,
"to address this issue, we develop",False,Solving_problems_improvements_mitigation,LLMgenerated,to address,address-combined,STRONG-TRUE,,,,,,,,,
"to address this issue, we introduce",False,Solving_problems_improvements_mitigation,LLMgenerated,to address,address-combined,STRONG-TRUE,,,,,,,,,
"to address this issue, we present",False,Solving_problems_improvements_mitigation,LLMgenerated,to address,address-combined,STRONG-TRUE,,,,,,,,,
"to address this issue, we propose",False,Solving_problems_improvements_mitigation,LLMgenerated,to address,address-combined,STRONG-TRUE,,,,,,,,,
"to address this limitation, we design",False,Solving_problems_improvements_mitigation,LLMgenerated,to address,address-combined,STRONG-TRUE,,,,,,,,,
"to address this limitation, we develop",False,Solving_problems_improvements_mitigation,LLMgenerated,to address,address-combined,STRONG-TRUE,,,,,,,,,
"to address this limitation, we introduce",False,Solving_problems_improvements_mitigation,LLMgenerated,to address,address-combined,STRONG-TRUE,,,,,,,,,
"to address this limitation, we present",False,Solving_problems_improvements_mitigation,LLMgenerated,to address,address-combined,STRONG-TRUE,,,,,,,,,
"to address this limitation, we propose",False,Solving_problems_improvements_mitigation,LLMgenerated,to address,address-combined,STRONG-TRUE,,,,,,,,,
"to address this, we design",False,Solving_problems_improvements_mitigation,LLMgenerated,to address,address-combined,STRONG-TRUE,,,,,,,,,
"to address this, we develop",False,Solving_problems_improvements_mitigation,LLMgenerated,to address,address-combined,STRONG-TRUE,,,,,,,,,
"to address this, we introduce",False,Solving_problems_improvements_mitigation,LLMgenerated,to address,address-combined,STRONG-TRUE,,,,,,,,,
"to address this, we present",False,Solving_problems_improvements_mitigation,LLMgenerated,to address,address-combined,STRONG-TRUE,,,,,,,,,
"to address this, we propose",False,Solving_problems_improvements_mitigation,LLMgenerated,to address,address-combined,STRONG-TRUE,,,,,,,,,
addressing these biases,False,Solving_problems_improvements_mitigation,LLMgenerated,to address,address-family,STRONG-TRUE,,,,,,,,,
addressing these effects,False,Solving_problems_improvements_mitigation,LLMgenerated,to address,address-family,STRONG-TRUE,,,,,,,,,
addressing these issues,False,Solving_problems_improvements_mitigation,LLMgenerated,to address,address-family,STRONG-TRUE,,,,,,,,,
addressing these limitations,False,Solving_problems_improvements_mitigation,LLMgenerated,to address,address-family,STRONG-TRUE,,,,,,,,,
addressing these points,False,Solving_problems_improvements_mitigation,LLMgenerated,to address,address-family,STRONG-TRUE,,,,,,,,,
addressing these problems,False,Solving_problems_improvements_mitigation,LLMgenerated,to address,address-family,STRONG-TRUE,,,,,,,,,
addressing these risks,False,Solving_problems_improvements_mitigation,LLMgenerated,to address,address-family,STRONG-TRUE,,,,,,,,,
addressing this bias,False,Solving_problems_improvements_mitigation,LLMgenerated,to address,address-family,STRONG-TRUE,,,,,,,,,
addressing this effect,False,Solving_problems_improvements_mitigation,LLMgenerated,to address,address-family,STRONG-TRUE,,,,,,,,,
addressing this issue,False,Solving_problems_improvements_mitigation,LLMgenerated,to address,address-family,STRONG-TRUE,,,,,,,,,
addressing this limitation,False,Solving_problems_improvements_mitigation,LLMgenerated,to address,address-family,STRONG-TRUE,,,,,,,,,
addressing this point,False,Solving_problems_improvements_mitigation,LLMgenerated,to address,address-family,STRONG-TRUE,,,,,,,,,
addressing this problem,False,Solving_problems_improvements_mitigation,LLMgenerated,to address,address-family,STRONG-TRUE,,,,,,,,,
addressing this risk,False,Solving_problems_improvements_mitigation,LLMgenerated,to address,address-family,STRONG-TRUE,,,,,,,,,
addressing those points,False,Solving_problems_improvements_mitigation,LLMgenerated,to address,address-family,STRONG-TRUE,,,,,,,,,
to address the above,False,Solving_problems_improvements_mitigation,LLMgenerated,to address,address-family,STRONG-TRUE,,,,,,,,,
to address the above limitations,False,Solving_problems_improvements_mitigation,LLMgenerated,to address,address-family,STRONG-TRUE,,,,,,,,,
to address the aforementioned limitation,False,Solving_problems_improvements_mitigation,LLMgenerated,to address,address-family,STRONG-TRUE,,,,,,,,,
to address the limitations of this approach,False,Solving_problems_improvements_mitigation,LLMgenerated,to address,address-family,STRONG-TRUE,,,,,,,,,
to address these bias problems,False,Solving_problems_improvements_mitigation,LLMgenerated,to address,address-family,STRONG-TRUE,,,,,,,,,
to address these biases,False,Solving_problems_improvements_mitigation,LLMgenerated,to address,address-family,STRONG-TRUE,,,,,,,,,
to address these challenges,False,Solving_problems_improvements_mitigation,LLMgenerated,to address,address-family,STRONG-TRUE,,,,,,,,,
to address these concerns,False,Solving_problems_improvements_mitigation,LLMgenerated,to address,address-family,STRONG-TRUE,,,,,,,,,
to address these differences,False,Solving_problems_improvements_mitigation,LLMgenerated,to address,address-family,STRONG-TRUE,,,,,,,,,
to address these effects,False,Solving_problems_improvements_mitigation,LLMgenerated,to address,address-family,STRONG-TRUE,,,,,,,,,
to address these issues,False,Solving_problems_improvements_mitigation,LLMgenerated,to address,address-family,STRONG-TRUE,,,,,,,,,
to address these limitations,False,Solving_problems_improvements_mitigation,LLMgenerated,to address,address-family,STRONG-TRUE,,,,,,,,,
to address these points,False,Solving_problems_improvements_mitigation,LLMgenerated,to address,address-family,STRONG-TRUE,,,,,,,,,
to address these possibilities,False,Solving_problems_improvements_mitigation,LLMgenerated,to address,address-family,STRONG-TRUE,,,,,,,,,
to address these potential limitations,False,Solving_problems_improvements_mitigation,LLMgenerated,to address,address-family,STRONG-TRUE,,,,,,,,,
to address these potential limitations and biases,False,Solving_problems_improvements_mitigation,LLMgenerated,to address,address-family,STRONG-TRUE,,,,,,,,,
to address these risks,False,Solving_problems_improvements_mitigation,LLMgenerated,to address,address-family,STRONG-TRUE,,,,,,,,,
to address these symptoms,False,Solving_problems_improvements_mitigation,LLMgenerated,to address,address-family,STRONG-TRUE,,,,,,,,,
to address these threats,False,Solving_problems_improvements_mitigation,LLMgenerated,to address,address-family,STRONG-TRUE,,,,,,,,,
to address this,False,Solving_problems_improvements_mitigation,LLMgenerated,to address,address-family,STRONG-TRUE,,,,,,,,,
to address this bias,False,Solving_problems_improvements_mitigation,LLMgenerated,to address,address-family,STRONG-TRUE,,,,,,,,,
to address this disease,False,Solving_problems_improvements_mitigation,LLMgenerated,to address,address-family,STRONG-TRUE,,,,,,,,,
to address this effect,False,Solving_problems_improvements_mitigation,LLMgenerated,to address,address-family,STRONG-TRUE,,,,,,,,,
to address this limitation,False,Solving_problems_improvements_mitigation,LLMgenerated,to address,address-family,STRONG-TRUE,,,,,,,,,
to address this point,False,Solving_problems_improvements_mitigation,LLMgenerated,to address,address-family,STRONG-TRUE,,,,,,,,,
to address this possibility,False,Solving_problems_improvements_mitigation,LLMgenerated,to address,address-family,STRONG-TRUE,,,,,,,,,
to address this risk,False,Solving_problems_improvements_mitigation,LLMgenerated,to address,address-family,STRONG-TRUE,,,,,,,,,
to address this symptom,False,Solving_problems_improvements_mitigation,LLMgenerated,to address,address-family,STRONG-TRUE,,,,,,,,,
to address this threat,False,Solving_problems_improvements_mitigation,LLMgenerated,to address,address-family,STRONG-TRUE,,,,,,,,,
to address those challenges,False,Solving_problems_improvements_mitigation,LLMgenerated,to address,address-family,STRONG-TRUE,,,,,,,,,
to address those issues,False,Solving_problems_improvements_mitigation,LLMgenerated,to address,address-family,STRONG-TRUE,,,,,,,,,
to address those limitations,False,Solving_problems_improvements_mitigation,LLMgenerated,to address,address-family,STRONG-TRUE,,,,,,,,,
to address those points,False,Solving_problems_improvements_mitigation,LLMgenerated,to address,address-family,STRONG-TRUE,,,,,,,,,
to address those problems,False,Solving_problems_improvements_mitigation,LLMgenerated,to address,address-family,STRONG-TRUE,,,,,,,,,
to address those symptoms,False,Solving_problems_improvements_mitigation,LLMgenerated,to address,address-family,STRONG-TRUE,,,,,,,,,
"to alleviate these limitations, we design",False,Solving_problems_improvements_mitigation,LLMgenerated,to alleviate,alleviate-combined,STRONG-TRUE,,,,,,,,,
"to alleviate these limitations, we develop",False,Solving_problems_improvements_mitigation,LLMgenerated,to alleviate,alleviate-combined,STRONG-TRUE,,,,,,,,,
"to alleviate these limitations, we introduce",False,Solving_problems_improvements_mitigation,LLMgenerated,to alleviate,alleviate-combined,STRONG-TRUE,,,,,,,,,
"to alleviate these limitations, we present",False,Solving_problems_improvements_mitigation,LLMgenerated,to alleviate,alleviate-combined,STRONG-TRUE,,,,,,,,,
"to alleviate these limitations, we propose",False,Solving_problems_improvements_mitigation,LLMgenerated,to alleviate,alleviate-combined,STRONG-TRUE,,,,,,,,,
"to alleviate this issue, we design",False,Solving_problems_improvements_mitigation,LLMgenerated,to alleviate,alleviate-combined,STRONG-TRUE,,,,,,,,,
"to alleviate this issue, we develop",False,Solving_problems_improvements_mitigation,LLMgenerated,to alleviate,alleviate-combined,STRONG-TRUE,,,,,,,,,
"to alleviate this issue, we introduce",False,Solving_problems_improvements_mitigation,LLMgenerated,to alleviate,alleviate-combined,STRONG-TRUE,,,,,,,,,
"to alleviate this issue, we present",False,Solving_problems_improvements_mitigation,LLMgenerated,to alleviate,alleviate-combined,STRONG-TRUE,,,,,,,,,
"to alleviate this issue, we propose",False,Solving_problems_improvements_mitigation,LLMgenerated,to alleviate,alleviate-combined,STRONG-TRUE,,,,,,,,,
"to alleviate this limitation, we design",False,Solving_problems_improvements_mitigation,LLMgenerated,to alleviate,alleviate-combined,STRONG-TRUE,,,,,,,,,
"to alleviate this limitation, we develop",False,Solving_problems_improvements_mitigation,LLMgenerated,to alleviate,alleviate-combined,STRONG-TRUE,,,,,,,,,
"to alleviate this limitation, we introduce",False,Solving_problems_improvements_mitigation,LLMgenerated,to alleviate,alleviate-combined,STRONG-TRUE,,,,,,,,,
"to alleviate this limitation, we present",False,Solving_problems_improvements_mitigation,LLMgenerated,to alleviate,alleviate-combined,STRONG-TRUE,,,,,,,,,
"to alleviate this limitation, we propose",False,Solving_problems_improvements_mitigation,LLMgenerated,to alleviate,alleviate-combined,STRONG-TRUE,,,,,,,,,
"to alleviate this, we design",False,Solving_problems_improvements_mitigation,LLMgenerated,to alleviate,alleviate-combined,STRONG-TRUE,,,,,,,,,
"to alleviate this, we develop",False,Solving_problems_improvements_mitigation,LLMgenerated,to alleviate,alleviate-combined,STRONG-TRUE,,,,,,,,,
"to alleviate this, we introduce",False,Solving_problems_improvements_mitigation,LLMgenerated,to alleviate,alleviate-combined,STRONG-TRUE,,,,,,,,,
"to alleviate this, we present",False,Solving_problems_improvements_mitigation,LLMgenerated,to alleviate,alleviate-combined,STRONG-TRUE,,,,,,,,,
"to alleviate this, we propose",False,Solving_problems_improvements_mitigation,LLMgenerated,to alleviate,alleviate-combined,STRONG-TRUE,,,,,,,,,
alleviating these biases,False,Solving_problems_improvements_mitigation,LLMgenerated,to alleviate,alleviate-family,STRONG-TRUE,,,,,,,,,
alleviating these effects,False,Solving_problems_improvements_mitigation,LLMgenerated,to alleviate,alleviate-family,STRONG-TRUE,,,,,,,,,
alleviating these issues,False,Solving_problems_improvements_mitigation,LLMgenerated,to alleviate,alleviate-family,STRONG-TRUE,,,,,,,,,
alleviating these limitations,False,Solving_problems_improvements_mitigation,LLMgenerated,to alleviate,alleviate-family,STRONG-TRUE,,,,,,,,,
alleviating these points,False,Solving_problems_improvements_mitigation,LLMgenerated,to alleviate,alleviate-family,STRONG-TRUE,,,,,,,,,
alleviating these problems,False,Solving_problems_improvements_mitigation,LLMgenerated,to alleviate,alleviate-family,STRONG-TRUE,,,,,,,,,
alleviating these risks,False,Solving_problems_improvements_mitigation,LLMgenerated,to alleviate,alleviate-family,STRONG-TRUE,,,,,,,,,
alleviating this bias,False,Solving_problems_improvements_mitigation,LLMgenerated,to alleviate,alleviate-family,STRONG-TRUE,,,,,,,,,
alleviating this effect,False,Solving_problems_improvements_mitigation,LLMgenerated,to alleviate,alleviate-family,STRONG-TRUE,,,,,,,,,
alleviating this issue,False,Solving_problems_improvements_mitigation,LLMgenerated,to alleviate,alleviate-family,STRONG-TRUE,,,,,,,,,
alleviating this limitation,False,Solving_problems_improvements_mitigation,LLMgenerated,to alleviate,alleviate-family,STRONG-TRUE,,,,,,,,,
alleviating this point,False,Solving_problems_improvements_mitigation,LLMgenerated,to alleviate,alleviate-family,STRONG-TRUE,,,,,,,,,
alleviating this problem,False,Solving_problems_improvements_mitigation,LLMgenerated,to alleviate,alleviate-family,STRONG-TRUE,,,,,,,,,
alleviating this risk,False,Solving_problems_improvements_mitigation,LLMgenerated,to alleviate,alleviate-family,STRONG-TRUE,,,,,,,,,
alleviating those points,False,Solving_problems_improvements_mitigation,LLMgenerated,to alleviate,alleviate-family,STRONG-TRUE,,,,,,,,,
to alleviate the above,False,Solving_problems_improvements_mitigation,LLMgenerated,to alleviate,alleviate-family,STRONG-TRUE,,,,,,,,,
to alleviate the above limitations,False,Solving_problems_improvements_mitigation,LLMgenerated,to alleviate,alleviate-family,STRONG-TRUE,,,,,,,,,
to alleviate the aforementioned limitation,False,Solving_problems_improvements_mitigation,LLMgenerated,to alleviate,alleviate-family,STRONG-TRUE,,,,,,,,,
to alleviate the limitations of this approach,False,Solving_problems_improvements_mitigation,LLMgenerated,to alleviate,alleviate-family,STRONG-TRUE,,,,,,,,,
to alleviate these bias problems,False,Solving_problems_improvements_mitigation,LLMgenerated,to alleviate,alleviate-family,STRONG-TRUE,,,,,,,,,
to alleviate these biases,False,Solving_problems_improvements_mitigation,LLMgenerated,to alleviate,alleviate-family,STRONG-TRUE,,,,,,,,,
to alleviate these challenges,False,Solving_problems_improvements_mitigation,LLMgenerated,to alleviate,alleviate-family,STRONG-TRUE,,,,,,,,,
to alleviate these concerns,False,Solving_problems_improvements_mitigation,LLMgenerated,to alleviate,alleviate-family,STRONG-TRUE,,,,,,,,,
to alleviate these differences,False,Solving_problems_improvements_mitigation,LLMgenerated,to alleviate,alleviate-family,STRONG-TRUE,,,,,,,,,
to alleviate these effects,False,Solving_problems_improvements_mitigation,LLMgenerated,to alleviate,alleviate-family,STRONG-TRUE,,,,,,,,,
to alleviate these issues,False,Solving_problems_improvements_mitigation,LLMgenerated,to alleviate,alleviate-family,STRONG-TRUE,,,,,,,,,
to alleviate these limitations,False,Solving_problems_improvements_mitigation,LLMgenerated,to alleviate,alleviate-family,STRONG-TRUE,,,,,,,,,
to alleviate these points,False,Solving_problems_improvements_mitigation,LLMgenerated,to alleviate,alleviate-family,STRONG-TRUE,,,,,,,,,
to alleviate these possibilities,False,Solving_problems_improvements_mitigation,LLMgenerated,to alleviate,alleviate-family,STRONG-TRUE,,,,,,,,,
to alleviate these potential limitations,False,Solving_problems_improvements_mitigation,LLMgenerated,to alleviate,alleviate-family,STRONG-TRUE,,,,,,,,,
to alleviate these potential limitations and biases,False,Solving_problems_improvements_mitigation,LLMgenerated,to alleviate,alleviate-family,STRONG-TRUE,,,,,,,,,
to alleviate these risks,False,Solving_problems_improvements_mitigation,LLMgenerated,to alleviate,alleviate-family,STRONG-TRUE,,,,,,,,,
to alleviate these symptoms,False,Solving_problems_improvements_mitigation,LLMgenerated,to alleviate,alleviate-family,STRONG-TRUE,,,,,,,,,
to alleviate these threats,False,Solving_problems_improvements_mitigation,LLMgenerated,to alleviate,alleviate-family,STRONG-TRUE,,,,,,,,,
to alleviate this,False,Solving_problems_improvements_mitigation,LLMgenerated,to alleviate,alleviate-family,STRONG-TRUE,,,,,,,,,
to alleviate this bias,False,Solving_problems_improvements_mitigation,LLMgenerated,to alleviate,alleviate-family,STRONG-TRUE,,,,,,,,,
to alleviate this disease,False,Solving_problems_improvements_mitigation,LLMgenerated,to alleviate,alleviate-family,STRONG-TRUE,,,,,,,,,
to alleviate this effect,False,Solving_problems_improvements_mitigation,LLMgenerated,to alleviate,alleviate-family,STRONG-TRUE,,,,,,,,,
to alleviate this issue,False,Solving_problems_improvements_mitigation,LLMgenerated,to alleviate,alleviate-family,STRONG-TRUE,,,,,,,,,
to alleviate this limitation,False,Solving_problems_improvements_mitigation,LLMgenerated,to alleviate,alleviate-family,STRONG-TRUE,,,,,,,,,
to alleviate this point,False,Solving_problems_improvements_mitigation,LLMgenerated,to alleviate,alleviate-family,STRONG-TRUE,,,,,,,,,
to alleviate this possibility,False,Solving_problems_improvements_mitigation,LLMgenerated,to alleviate,alleviate-family,STRONG-TRUE,,,,,,,,,
to alleviate this problem,False,Solving_problems_improvements_mitigation,LLMgenerated,to alleviate,alleviate-family,STRONG-TRUE,,,,,,,,,
to alleviate this risk,False,Solving_problems_improvements_mitigation,LLMgenerated,to alleviate,alleviate-family,STRONG-TRUE,,,,,,,,,
to alleviate this symptom,False,Solving_problems_improvements_mitigation,LLMgenerated,to alleviate,alleviate-family,STRONG-TRUE,,,,,,,,,
to alleviate this threat,False,Solving_problems_improvements_mitigation,LLMgenerated,to alleviate,alleviate-family,STRONG-TRUE,,,,,,,,,
to alleviate those challenges,False,Solving_problems_improvements_mitigation,LLMgenerated,to alleviate,alleviate-family,STRONG-TRUE,,,,,,,,,
to alleviate those issues,False,Solving_problems_improvements_mitigation,LLMgenerated,to alleviate,alleviate-family,STRONG-TRUE,,,,,,,,,
to alleviate those limitations,False,Solving_problems_improvements_mitigation,LLMgenerated,to alleviate,alleviate-family,STRONG-TRUE,,,,,,,,,
to alleviate those points,False,Solving_problems_improvements_mitigation,LLMgenerated,to alleviate,alleviate-family,STRONG-TRUE,,,,,,,,,
to alleviate those problems,False,Solving_problems_improvements_mitigation,LLMgenerated,to alleviate,alleviate-family,STRONG-TRUE,,,,,,,,,
to alleviate those symptoms,False,Solving_problems_improvements_mitigation,LLMgenerated,to alleviate,alleviate-family,STRONG-TRUE,,,,,,,,,
to ameliorate the above,False,Solving_problems_improvements_mitigation,LLMgenerated,to ameliorate,ameliorate-family,STRONG-TRUE,,,,,,,,,
to ameliorate the above limitations,False,Solving_problems_improvements_mitigation,LLMgenerated,to ameliorate,ameliorate-family,STRONG-TRUE,,,,,,,,,
to ameliorate the aforementioned limitation,False,Solving_problems_improvements_mitigation,LLMgenerated,to ameliorate,ameliorate-family,STRONG-TRUE,,,,,,,,,
to ameliorate the limitations of this approach,False,Solving_problems_improvements_mitigation,LLMgenerated,to ameliorate,ameliorate-family,STRONG-TRUE,,,,,,,,,
to ameliorate these bias problems,False,Solving_problems_improvements_mitigation,LLMgenerated,to ameliorate,ameliorate-family,STRONG-TRUE,,,,,,,,,
to ameliorate these biases,False,Solving_problems_improvements_mitigation,LLMgenerated,to ameliorate,ameliorate-family,STRONG-TRUE,,,,,,,,,
to ameliorate these challenges,False,Solving_problems_improvements_mitigation,LLMgenerated,to ameliorate,ameliorate-family,STRONG-TRUE,,,,,,,,,
to ameliorate these concerns,False,Solving_problems_improvements_mitigation,LLMgenerated,to ameliorate,ameliorate-family,STRONG-TRUE,,,,,,,,,
to ameliorate these differences,False,Solving_problems_improvements_mitigation,LLMgenerated,to ameliorate,ameliorate-family,STRONG-TRUE,,,,,,,,,
to ameliorate these effects,False,Solving_problems_improvements_mitigation,LLMgenerated,to ameliorate,ameliorate-family,STRONG-TRUE,,,,,,,,,
to ameliorate these issues,False,Solving_problems_improvements_mitigation,LLMgenerated,to ameliorate,ameliorate-family,STRONG-TRUE,,,,,,,,,
to ameliorate these limitations,False,Solving_problems_improvements_mitigation,LLMgenerated,to ameliorate,ameliorate-family,STRONG-TRUE,,,,,,,,,
to ameliorate these points,False,Solving_problems_improvements_mitigation,LLMgenerated,to ameliorate,ameliorate-family,STRONG-TRUE,,,,,,,,,
to ameliorate these possibilities,False,Solving_problems_improvements_mitigation,LLMgenerated,to ameliorate,ameliorate-family,STRONG-TRUE,,,,,,,,,
to ameliorate these potential limitations,False,Solving_problems_improvements_mitigation,LLMgenerated,to ameliorate,ameliorate-family,STRONG-TRUE,,,,,,,,,
to ameliorate these potential limitations and biases,False,Solving_problems_improvements_mitigation,LLMgenerated,to ameliorate,ameliorate-family,STRONG-TRUE,,,,,,,,,
to ameliorate these risks,False,Solving_problems_improvements_mitigation,LLMgenerated,to ameliorate,ameliorate-family,STRONG-TRUE,,,,,,,,,
to ameliorate these symptoms,False,Solving_problems_improvements_mitigation,LLMgenerated,to ameliorate,ameliorate-family,STRONG-TRUE,,,,,,,,,
to ameliorate these threats,False,Solving_problems_improvements_mitigation,LLMgenerated,to ameliorate,ameliorate-family,STRONG-TRUE,,,,,,,,,
to ameliorate this,False,Solving_problems_improvements_mitigation,LLMgenerated,to ameliorate,ameliorate-family,STRONG-TRUE,,,,,,,,,
to ameliorate this bias,False,Solving_problems_improvements_mitigation,LLMgenerated,to ameliorate,ameliorate-family,STRONG-TRUE,,,,,,,,,
to ameliorate this disease,False,Solving_problems_improvements_mitigation,LLMgenerated,to ameliorate,ameliorate-family,STRONG-TRUE,,,,,,,,,
to ameliorate this effect,False,Solving_problems_improvements_mitigation,LLMgenerated,to ameliorate,ameliorate-family,STRONG-TRUE,,,,,,,,,
to ameliorate this issue,False,Solving_problems_improvements_mitigation,LLMgenerated,to ameliorate,ameliorate-family,STRONG-TRUE,,,,,,,,,
to ameliorate this limitation,False,Solving_problems_improvements_mitigation,LLMgenerated,to ameliorate,ameliorate-family,STRONG-TRUE,,,,,,,,,
to ameliorate this point,False,Solving_problems_improvements_mitigation,LLMgenerated,to ameliorate,ameliorate-family,STRONG-TRUE,,,,,,,,,
to ameliorate this possibility,False,Solving_problems_improvements_mitigation,LLMgenerated,to ameliorate,ameliorate-family,STRONG-TRUE,,,,,,,,,
to ameliorate this problem,False,Solving_problems_improvements_mitigation,LLMgenerated,to ameliorate,ameliorate-family,STRONG-TRUE,,,,,,,,,
to ameliorate this risk,False,Solving_problems_improvements_mitigation,LLMgenerated,to ameliorate,ameliorate-family,STRONG-TRUE,,,,,,,,,
to ameliorate this symptom,False,Solving_problems_improvements_mitigation,LLMgenerated,to ameliorate,ameliorate-family,STRONG-TRUE,,,,,,,,,
to ameliorate this threat,False,Solving_problems_improvements_mitigation,LLMgenerated,to ameliorate,ameliorate-family,STRONG-TRUE,,,,,,,,,
to ameliorate those challenges,False,Solving_problems_improvements_mitigation,LLMgenerated,to ameliorate,ameliorate-family,STRONG-TRUE,,,,,,,,,
to ameliorate those issues,False,Solving_problems_improvements_mitigation,LLMgenerated,to ameliorate,ameliorate-family,STRONG-TRUE,,,,,,,,,
to ameliorate those limitations,False,Solving_problems_improvements_mitigation,LLMgenerated,to ameliorate,ameliorate-family,STRONG-TRUE,,,,,,,,,
to ameliorate those points,False,Solving_problems_improvements_mitigation,LLMgenerated,to ameliorate,ameliorate-family,STRONG-TRUE,,,,,,,,,
to ameliorate those problems,False,Solving_problems_improvements_mitigation,LLMgenerated,to ameliorate,ameliorate-family,STRONG-TRUE,,,,,,,,,
to ameliorate those symptoms,False,Solving_problems_improvements_mitigation,LLMgenerated,to ameliorate,ameliorate-family,STRONG-TRUE,,,,,,,,,
to attend to these challenges,False,Solving_problems_improvements_mitigation,LLMgenerated,to attend to,attend-to-family,STRONG-TRUE,,,,,,,,,
to attend to these conditions,False,Solving_problems_improvements_mitigation,LLMgenerated,to attend to,attend-to-family,STRONG-TRUE,,,,,,,,,
to attend to these effects,False,Solving_problems_improvements_mitigation,LLMgenerated,to attend to,attend-to-family,STRONG-TRUE,,,,,,,,,
to attend to these issues,False,Solving_problems_improvements_mitigation,LLMgenerated,to attend to,attend-to-family,STRONG-TRUE,,,,,,,,,
to attend to these limitations,False,Solving_problems_improvements_mitigation,LLMgenerated,to attend to,attend-to-family,STRONG-TRUE,,,,,,,,,
to attend to these problems,False,Solving_problems_improvements_mitigation,LLMgenerated,to attend to,attend-to-family,STRONG-TRUE,,,,,,,,,
to attend to these symptoms,False,Solving_problems_improvements_mitigation,LLMgenerated,to attend to,attend-to-family,STRONG-TRUE,,,,,,,,,
to attend to this,False,Solving_problems_improvements_mitigation,LLMgenerated,to attend to,attend-to-family,STRONG-TRUE,,,,,,,,,
to attend to this challenge,False,Solving_problems_improvements_mitigation,LLMgenerated,to attend to,attend-to-family,STRONG-TRUE,,,,,,,,,
to attend to this condition,False,Solving_problems_improvements_mitigation,LLMgenerated,to attend to,attend-to-family,STRONG-TRUE,,,,,,,,,
to attend to this disease,False,Solving_problems_improvements_mitigation,LLMgenerated,to attend to,attend-to-family,STRONG-TRUE,,,,,,,,,
to attend to this effect,False,Solving_problems_improvements_mitigation,LLMgenerated,to attend to,attend-to-family,STRONG-TRUE,,,,,,,,,
to attend to this issue,False,Solving_problems_improvements_mitigation,LLMgenerated,to attend to,attend-to-family,STRONG-TRUE,,,,,,,,,
to attend to this limitation,False,Solving_problems_improvements_mitigation,LLMgenerated,to attend to,attend-to-family,STRONG-TRUE,,,,,,,,,
to attend to this problem,False,Solving_problems_improvements_mitigation,LLMgenerated,to attend to,attend-to-family,STRONG-TRUE,,,,,,,,,
to attend to this symptom,False,Solving_problems_improvements_mitigation,LLMgenerated,to attend to,attend-to-family,STRONG-TRUE,,,,,,,,,
to attend to those issues,False,Solving_problems_improvements_mitigation,LLMgenerated,to attend to,attend-to-family,STRONG-TRUE,,,,,,,,,
to attend to those problems,False,Solving_problems_improvements_mitigation,LLMgenerated,to attend to,attend-to-family,STRONG-TRUE,,,,,,,,,
to attend to those symptoms,False,Solving_problems_improvements_mitigation,LLMgenerated,to attend to,attend-to-family,STRONG-TRUE,,,,,,,,,
"to avoid these limitations, we design",False,Solving_problems_improvements_mitigation,LLMgenerated,to avoid,avoid-combined,STRONG-TRUE,,,,,,,,,
"to avoid these limitations, we develop",False,Solving_problems_improvements_mitigation,LLMgenerated,to avoid,avoid-combined,STRONG-TRUE,,,,,,,,,
"to avoid these limitations, we introduce",False,Solving_problems_improvements_mitigation,LLMgenerated,to avoid,avoid-combined,STRONG-TRUE,,,,,,,,,
"to avoid these limitations, we present",False,Solving_problems_improvements_mitigation,LLMgenerated,to avoid,avoid-combined,STRONG-TRUE,,,,,,,,,
"to avoid these limitations, we propose",False,Solving_problems_improvements_mitigation,LLMgenerated,to avoid,avoid-combined,STRONG-TRUE,,,,,,,,,
"to avoid this issue, we design",False,Solving_problems_improvements_mitigation,LLMgenerated,to avoid,avoid-combined,STRONG-TRUE,,,,,,,,,
"to avoid this issue, we develop",False,Solving_problems_improvements_mitigation,LLMgenerated,to avoid,avoid-combined,STRONG-TRUE,,,,,,,,,
"to avoid this issue, we introduce",False,Solving_problems_improvements_mitigation,LLMgenerated,to avoid,avoid-combined,STRONG-TRUE,,,,,,,,,
"to avoid this issue, we present",False,Solving_problems_improvements_mitigation,LLMgenerated,to avoid,avoid-combined,STRONG-TRUE,,,,,,,,,
"to avoid this issue, we propose",False,Solving_problems_improvements_mitigation,LLMgenerated,to avoid,avoid-combined,STRONG-TRUE,,,,,,,,,
"to avoid this limitation, we design",False,Solving_problems_improvements_mitigation,LLMgenerated,to avoid,avoid-combined,STRONG-TRUE,,,,,,,,,
"to avoid this limitation, we develop",False,Solving_problems_improvements_mitigation,LLMgenerated,to avoid,avoid-combined,STRONG-TRUE,,,,,,,,,
"to avoid this limitation, we introduce",False,Solving_problems_improvements_mitigation,LLMgenerated,to avoid,avoid-combined,STRONG-TRUE,,,,,,,,,
"to avoid this limitation, we present",False,Solving_problems_improvements_mitigation,LLMgenerated,to avoid,avoid-combined,STRONG-TRUE,,,,,,,,,
"to avoid this limitation, we propose",False,Solving_problems_improvements_mitigation,LLMgenerated,to avoid,avoid-combined,STRONG-TRUE,,,,,,,,,
"to avoid this, we design",False,Solving_problems_improvements_mitigation,LLMgenerated,to avoid,avoid-combined,STRONG-TRUE,,,,,,,,,
"to avoid this, we develop",False,Solving_problems_improvements_mitigation,LLMgenerated,to avoid,avoid-combined,STRONG-TRUE,,,,,,,,,
"to avoid this, we introduce",False,Solving_problems_improvements_mitigation,LLMgenerated,to avoid,avoid-combined,STRONG-TRUE,,,,,,,,,
"to avoid this, we present",False,Solving_problems_improvements_mitigation,LLMgenerated,to avoid,avoid-combined,STRONG-TRUE,,,,,,,,,
"to avoid this, we propose",False,Solving_problems_improvements_mitigation,LLMgenerated,to avoid,avoid-combined,STRONG-TRUE,,,,,,,,,
avoiding these biases,False,Solving_problems_improvements_mitigation,LLMgenerated,to avoid,avoid-family,STRONG-TRUE,,,,,,,,,
avoiding these effects,False,Solving_problems_improvements_mitigation,LLMgenerated,to avoid,avoid-family,STRONG-TRUE,,,,,,,,,
avoiding these issues,False,Solving_problems_improvements_mitigation,LLMgenerated,to avoid,avoid-family,STRONG-TRUE,,,,,,,,,
avoiding these limitations,False,Solving_problems_improvements_mitigation,LLMgenerated,to avoid,avoid-family,STRONG-TRUE,,,,,,,,,
avoiding these points,False,Solving_problems_improvements_mitigation,LLMgenerated,to avoid,avoid-family,STRONG-TRUE,,,,,,,,,
avoiding these problems,False,Solving_problems_improvements_mitigation,LLMgenerated,to avoid,avoid-family,STRONG-TRUE,,,,,,,,,
avoiding these risks,False,Solving_problems_improvements_mitigation,LLMgenerated,to avoid,avoid-family,STRONG-TRUE,,,,,,,,,
avoiding this bias,False,Solving_problems_improvements_mitigation,LLMgenerated,to avoid,avoid-family,STRONG-TRUE,,,,,,,,,
avoiding this effect,False,Solving_problems_improvements_mitigation,LLMgenerated,to avoid,avoid-family,STRONG-TRUE,,,,,,,,,
avoiding this issue,False,Solving_problems_improvements_mitigation,LLMgenerated,to avoid,avoid-family,STRONG-TRUE,,,,,,,,,
avoiding this limitation,False,Solving_problems_improvements_mitigation,LLMgenerated,to avoid,avoid-family,STRONG-TRUE,,,,,,,,,
avoiding this point,False,Solving_problems_improvements_mitigation,LLMgenerated,to avoid,avoid-family,STRONG-TRUE,,,,,,,,,
avoiding this problem,False,Solving_problems_improvements_mitigation,LLMgenerated,to avoid,avoid-family,STRONG-TRUE,,,,,,,,,
avoiding this risk,False,Solving_problems_improvements_mitigation,LLMgenerated,to avoid,avoid-family,STRONG-TRUE,,,,,,,,,
avoiding those points,False,Solving_problems_improvements_mitigation,LLMgenerated,to avoid,avoid-family,STRONG-TRUE,,,,,,,,,
to avoid the above,False,Solving_problems_improvements_mitigation,LLMgenerated,to avoid,avoid-family,STRONG-TRUE,,,,,,,,,
to avoid the above limitations,False,Solving_problems_improvements_mitigation,LLMgenerated,to avoid,avoid-family,STRONG-TRUE,,,,,,,,,
to avoid the aforementioned limitation,False,Solving_problems_improvements_mitigation,LLMgenerated,to avoid,avoid-family,STRONG-TRUE,,,,,,,,,
to avoid the limitations of this approach,False,Solving_problems_improvements_mitigation,LLMgenerated,to avoid,avoid-family,STRONG-TRUE,,,,,,,,,
to avoid these bias problems,False,Solving_problems_improvements_mitigation,LLMgenerated,to avoid,avoid-family,STRONG-TRUE,,,,,,,,,
to avoid these biases,False,Solving_problems_improvements_mitigation,LLMgenerated,to avoid,avoid-family,STRONG-TRUE,,,,,,,,,
to avoid these challenges,False,Solving_problems_improvements_mitigation,LLMgenerated,to avoid,avoid-family,STRONG-TRUE,,,,,,,,,
to avoid these concerns,False,Solving_problems_improvements_mitigation,LLMgenerated,to avoid,avoid-family,STRONG-TRUE,,,,,,,,,
to avoid these differences,False,Solving_problems_improvements_mitigation,LLMgenerated,to avoid,avoid-family,STRONG-TRUE,,,,,,,,,
to avoid these effects,False,Solving_problems_improvements_mitigation,LLMgenerated,to avoid,avoid-family,STRONG-TRUE,,,,,,,,,
to avoid these issues,False,Solving_problems_improvements_mitigation,LLMgenerated,to avoid,avoid-family,STRONG-TRUE,,,,,,,,,
to avoid these limitations,False,Solving_problems_improvements_mitigation,LLMgenerated,to avoid,avoid-family,STRONG-TRUE,,,,,,,,,
to avoid these points,False,Solving_problems_improvements_mitigation,LLMgenerated,to avoid,avoid-family,STRONG-TRUE,,,,,,,,,
to avoid these possibilities,False,Solving_problems_improvements_mitigation,LLMgenerated,to avoid,avoid-family,STRONG-TRUE,,,,,,,,,
to avoid these potential limitations,False,Solving_problems_improvements_mitigation,LLMgenerated,to avoid,avoid-family,STRONG-TRUE,,,,,,,,,
to avoid these potential limitations and biases,False,Solving_problems_improvements_mitigation,LLMgenerated,to avoid,avoid-family,STRONG-TRUE,,,,,,,,,
to avoid these risks,False,Solving_problems_improvements_mitigation,LLMgenerated,to avoid,avoid-family,STRONG-TRUE,,,,,,,,,
to avoid these symptoms,False,Solving_problems_improvements_mitigation,LLMgenerated,to avoid,avoid-family,STRONG-TRUE,,,,,,,,,
to avoid these threats,False,Solving_problems_improvements_mitigation,LLMgenerated,to avoid,avoid-family,STRONG-TRUE,,,,,,,,,
to avoid this,False,Solving_problems_improvements_mitigation,LLMgenerated,to avoid,avoid-family,STRONG-TRUE,,,,,,,,,
to avoid this bias,False,Solving_problems_improvements_mitigation,LLMgenerated,to avoid,avoid-family,STRONG-TRUE,,,,,,,,,
to avoid this disease,False,Solving_problems_improvements_mitigation,LLMgenerated,to avoid,avoid-family,STRONG-TRUE,,,,,,,,,
to avoid this effect,False,Solving_problems_improvements_mitigation,LLMgenerated,to avoid,avoid-family,STRONG-TRUE,,,,,,,,,
to avoid this issue,False,Solving_problems_improvements_mitigation,LLMgenerated,to avoid,avoid-family,STRONG-TRUE,,,,,,,,,
to avoid this limitation,False,Solving_problems_improvements_mitigation,LLMgenerated,to avoid,avoid-family,STRONG-TRUE,,,,,,,,,
to avoid this point,False,Solving_problems_improvements_mitigation,LLMgenerated,to avoid,avoid-family,STRONG-TRUE,,,,,,,,,
to avoid this possibility,False,Solving_problems_improvements_mitigation,LLMgenerated,to avoid,avoid-family,STRONG-TRUE,,,,,,,,,
to avoid this problem,False,Solving_problems_improvements_mitigation,LLMgenerated,to avoid,avoid-family,STRONG-TRUE,,,,,,,,,
to avoid this risk,False,Solving_problems_improvements_mitigation,LLMgenerated,to avoid,avoid-family,STRONG-TRUE,,,,,,,,,
to avoid this symptom,False,Solving_problems_improvements_mitigation,LLMgenerated,to avoid,avoid-family,STRONG-TRUE,,,,,,,,,
to avoid this threat,False,Solving_problems_improvements_mitigation,LLMgenerated,to avoid,avoid-family,STRONG-TRUE,,,,,,,,,
to avoid those challenges,False,Solving_problems_improvements_mitigation,LLMgenerated,to avoid,avoid-family,STRONG-TRUE,,,,,,,,,
to avoid those issues,False,Solving_problems_improvements_mitigation,LLMgenerated,to avoid,avoid-family,STRONG-TRUE,,,,,,,,,
to avoid those limitations,False,Solving_problems_improvements_mitigation,LLMgenerated,to avoid,avoid-family,STRONG-TRUE,,,,,,,,,
to avoid those points,False,Solving_problems_improvements_mitigation,LLMgenerated,to avoid,avoid-family,STRONG-TRUE,,,,,,,,,
to avoid those problems,False,Solving_problems_improvements_mitigation,LLMgenerated,to avoid,avoid-family,STRONG-TRUE,,,,,,,,,
to avoid those symptoms,False,Solving_problems_improvements_mitigation,LLMgenerated,to avoid,avoid-family,STRONG-TRUE,,,,,,,,,
"to bypass these limitations, we design",False,Solving_problems_improvements_mitigation,LLMgenerated,to bypass,bypass-combined,STRONG-TRUE,,,,,,,,,
"to bypass these limitations, we develop",False,Solving_problems_improvements_mitigation,LLMgenerated,to bypass,bypass-combined,STRONG-TRUE,,,,,,,,,
"to bypass these limitations, we introduce",False,Solving_problems_improvements_mitigation,LLMgenerated,to bypass,bypass-combined,STRONG-TRUE,,,,,,,,,
"to bypass these limitations, we present",False,Solving_problems_improvements_mitigation,LLMgenerated,to bypass,bypass-combined,STRONG-TRUE,,,,,,,,,
"to bypass these limitations, we propose",False,Solving_problems_improvements_mitigation,LLMgenerated,to bypass,bypass-combined,STRONG-TRUE,,,,,,,,,
"to bypass this issue, we design",False,Solving_problems_improvements_mitigation,LLMgenerated,to bypass,bypass-combined,STRONG-TRUE,,,,,,,,,
"to bypass this issue, we develop",False,Solving_problems_improvements_mitigation,LLMgenerated,to bypass,bypass-combined,STRONG-TRUE,,,,,,,,,
"to bypass this issue, we introduce",False,Solving_problems_improvements_mitigation,LLMgenerated,to bypass,bypass-combined,STRONG-TRUE,,,,,,,,,
"to bypass this issue, we present",False,Solving_problems_improvements_mitigation,LLMgenerated,to bypass,bypass-combined,STRONG-TRUE,,,,,,,,,
"to bypass this issue, we propose",False,Solving_problems_improvements_mitigation,LLMgenerated,to bypass,bypass-combined,STRONG-TRUE,,,,,,,,,
"to bypass this limitation, we design",False,Solving_problems_improvements_mitigation,LLMgenerated,to bypass,bypass-combined,STRONG-TRUE,,,,,,,,,
"to bypass this limitation, we develop",False,Solving_problems_improvements_mitigation,LLMgenerated,to bypass,bypass-combined,STRONG-TRUE,,,,,,,,,
"to bypass this limitation, we introduce",False,Solving_problems_improvements_mitigation,LLMgenerated,to bypass,bypass-combined,STRONG-TRUE,,,,,,,,,
"to bypass this limitation, we present",False,Solving_problems_improvements_mitigation,LLMgenerated,to bypass,bypass-combined,STRONG-TRUE,,,,,,,,,
"to bypass this limitation, we propose",False,Solving_problems_improvements_mitigation,LLMgenerated,to bypass,bypass-combined,STRONG-TRUE,,,,,,,,,
"to bypass this, we design",False,Solving_problems_improvements_mitigation,LLMgenerated,to bypass,bypass-combined,STRONG-TRUE,,,,,,,,,
"to bypass this, we develop",False,Solving_problems_improvements_mitigation,LLMgenerated,to bypass,bypass-combined,STRONG-TRUE,,,,,,,,,
"to bypass this, we introduce",False,Solving_problems_improvements_mitigation,LLMgenerated,to bypass,bypass-combined,STRONG-TRUE,,,,,,,,,
"to bypass this, we present",False,Solving_problems_improvements_mitigation,LLMgenerated,to bypass,bypass-combined,STRONG-TRUE,,,,,,,,,
"to bypass this, we propose",False,Solving_problems_improvements_mitigation,LLMgenerated,to bypass,bypass-combined,STRONG-TRUE,,,,,,,,,
bypassing these biases,False,Solving_problems_improvements_mitigation,LLMgenerated,to bypass,bypass-family,STRONG-TRUE,,,,,,,,,
bypassing these effects,False,Solving_problems_improvements_mitigation,LLMgenerated,to bypass,bypass-family,STRONG-TRUE,,,,,,,,,
bypassing these issues,False,Solving_problems_improvements_mitigation,LLMgenerated,to bypass,bypass-family,STRONG-TRUE,,,,,,,,,
bypassing these limitations,False,Solving_problems_improvements_mitigation,LLMgenerated,to bypass,bypass-family,STRONG-TRUE,,,,,,,,,
bypassing these points,False,Solving_problems_improvements_mitigation,LLMgenerated,to bypass,bypass-family,STRONG-TRUE,,,,,,,,,
bypassing these problems,False,Solving_problems_improvements_mitigation,LLMgenerated,to bypass,bypass-family,STRONG-TRUE,,,,,,,,,
bypassing these risks,False,Solving_problems_improvements_mitigation,LLMgenerated,to bypass,bypass-family,STRONG-TRUE,,,,,,,,,
bypassing this bias,False,Solving_problems_improvements_mitigation,LLMgenerated,to bypass,bypass-family,STRONG-TRUE,,,,,,,,,
bypassing this effect,False,Solving_problems_improvements_mitigation,LLMgenerated,to bypass,bypass-family,STRONG-TRUE,,,,,,,,,
bypassing this issue,False,Solving_problems_improvements_mitigation,LLMgenerated,to bypass,bypass-family,STRONG-TRUE,,,,,,,,,
bypassing this limitation,False,Solving_problems_improvements_mitigation,LLMgenerated,to bypass,bypass-family,STRONG-TRUE,,,,,,,,,
bypassing this point,False,Solving_problems_improvements_mitigation,LLMgenerated,to bypass,bypass-family,STRONG-TRUE,,,,,,,,,
bypassing this problem,False,Solving_problems_improvements_mitigation,LLMgenerated,to bypass,bypass-family,STRONG-TRUE,,,,,,,,,
bypassing this risk,False,Solving_problems_improvements_mitigation,LLMgenerated,to bypass,bypass-family,STRONG-TRUE,,,,,,,,,
bypassing those points,False,Solving_problems_improvements_mitigation,LLMgenerated,to bypass,bypass-family,STRONG-TRUE,,,,,,,,,
to bypass the above,False,Solving_problems_improvements_mitigation,LLMgenerated,to bypass,bypass-family,STRONG-TRUE,,,,,,,,,
to bypass the above limitations,False,Solving_problems_improvements_mitigation,LLMgenerated,to bypass,bypass-family,STRONG-TRUE,,,,,,,,,
to bypass the aforementioned limitation,False,Solving_problems_improvements_mitigation,LLMgenerated,to bypass,bypass-family,STRONG-TRUE,,,,,,,,,
to bypass the limitations of this approach,False,Solving_problems_improvements_mitigation,LLMgenerated,to bypass,bypass-family,STRONG-TRUE,,,,,,,,,
to bypass these bias problems,False,Solving_problems_improvements_mitigation,LLMgenerated,to bypass,bypass-family,STRONG-TRUE,,,,,,,,,
to bypass these biases,False,Solving_problems_improvements_mitigation,LLMgenerated,to bypass,bypass-family,STRONG-TRUE,,,,,,,,,
to bypass these challenges,False,Solving_problems_improvements_mitigation,LLMgenerated,to bypass,bypass-family,STRONG-TRUE,,,,,,,,,
to bypass these concerns,False,Solving_problems_improvements_mitigation,LLMgenerated,to bypass,bypass-family,STRONG-TRUE,,,,,,,,,
to bypass these differences,False,Solving_problems_improvements_mitigation,LLMgenerated,to bypass,bypass-family,STRONG-TRUE,,,,,,,,,
to bypass these effects,False,Solving_problems_improvements_mitigation,LLMgenerated,to bypass,bypass-family,STRONG-TRUE,,,,,,,,,
to bypass these issues,False,Solving_problems_improvements_mitigation,LLMgenerated,to bypass,bypass-family,STRONG-TRUE,,,,,,,,,
to bypass these limitations,False,Solving_problems_improvements_mitigation,LLMgenerated,to bypass,bypass-family,STRONG-TRUE,,,,,,,,,
to bypass these points,False,Solving_problems_improvements_mitigation,LLMgenerated,to bypass,bypass-family,STRONG-TRUE,,,,,,,,,
to bypass these possibilities,False,Solving_problems_improvements_mitigation,LLMgenerated,to bypass,bypass-family,STRONG-TRUE,,,,,,,,,
to bypass these potential limitations,False,Solving_problems_improvements_mitigation,LLMgenerated,to bypass,bypass-family,STRONG-TRUE,,,,,,,,,
to bypass these potential limitations and biases,False,Solving_problems_improvements_mitigation,LLMgenerated,to bypass,bypass-family,STRONG-TRUE,,,,,,,,,
to bypass these risks,False,Solving_problems_improvements_mitigation,LLMgenerated,to bypass,bypass-family,STRONG-TRUE,,,,,,,,,
to bypass these symptoms,False,Solving_problems_improvements_mitigation,LLMgenerated,to bypass,bypass-family,STRONG-TRUE,,,,,,,,,
to bypass these threats,False,Solving_problems_improvements_mitigation,LLMgenerated,to bypass,bypass-family,STRONG-TRUE,,,,,,,,,
to bypass this,False,Solving_problems_improvements_mitigation,LLMgenerated,to bypass,bypass-family,STRONG-TRUE,,,,,,,,,
to bypass this bias,False,Solving_problems_improvements_mitigation,LLMgenerated,to bypass,bypass-family,STRONG-TRUE,,,,,,,,,
to bypass this disease,False,Solving_problems_improvements_mitigation,LLMgenerated,to bypass,bypass-family,STRONG-TRUE,,,,,,,,,
to bypass this effect,False,Solving_problems_improvements_mitigation,LLMgenerated,to bypass,bypass-family,STRONG-TRUE,,,,,,,,,
to bypass this issue,False,Solving_problems_improvements_mitigation,LLMgenerated,to bypass,bypass-family,STRONG-TRUE,,,,,,,,,
to bypass this limitation,False,Solving_problems_improvements_mitigation,LLMgenerated,to bypass,bypass-family,STRONG-TRUE,,,,,,,,,
to bypass this point,False,Solving_problems_improvements_mitigation,LLMgenerated,to bypass,bypass-family,STRONG-TRUE,,,,,,,,,
to bypass this possibility,False,Solving_problems_improvements_mitigation,LLMgenerated,to bypass,bypass-family,STRONG-TRUE,,,,,,,,,
to bypass this problem,False,Solving_problems_improvements_mitigation,LLMgenerated,to bypass,bypass-family,STRONG-TRUE,,,,,,,,,
to bypass this risk,False,Solving_problems_improvements_mitigation,LLMgenerated,to bypass,bypass-family,STRONG-TRUE,,,,,,,,,
to bypass this symptom,False,Solving_problems_improvements_mitigation,LLMgenerated,to bypass,bypass-family,STRONG-TRUE,,,,,,,,,
to bypass this threat,False,Solving_problems_improvements_mitigation,LLMgenerated,to bypass,bypass-family,STRONG-TRUE,,,,,,,,,
to bypass those challenges,False,Solving_problems_improvements_mitigation,LLMgenerated,to bypass,bypass-family,STRONG-TRUE,,,,,,,,,
to bypass those issues,False,Solving_problems_improvements_mitigation,LLMgenerated,to bypass,bypass-family,STRONG-TRUE,,,,,,,,,
to bypass those limitations,False,Solving_problems_improvements_mitigation,LLMgenerated,to bypass,bypass-family,STRONG-TRUE,,,,,,,,,
to bypass those points,False,Solving_problems_improvements_mitigation,LLMgenerated,to bypass,bypass-family,STRONG-TRUE,,,,,,,,,
to bypass those problems,False,Solving_problems_improvements_mitigation,LLMgenerated,to bypass,bypass-family,STRONG-TRUE,,,,,,,,,
to bypass those symptoms,False,Solving_problems_improvements_mitigation,LLMgenerated,to bypass,bypass-family,STRONG-TRUE,,,,,,,,,
to care for these challenges,False,Solving_problems_improvements_mitigation,LLMgenerated,to care for,care-for-family,STRONG-TRUE,,,,,,,,,
to care for these conditions,False,Solving_problems_improvements_mitigation,LLMgenerated,to care for,care-for-family,STRONG-TRUE,,,,,,,,,
to care for these effects,False,Solving_problems_improvements_mitigation,LLMgenerated,to care for,care-for-family,STRONG-TRUE,,,,,,,,,
to care for these issues,False,Solving_problems_improvements_mitigation,LLMgenerated,to care for,care-for-family,STRONG-TRUE,,,,,,,,,
to care for these limitations,False,Solving_problems_improvements_mitigation,LLMgenerated,to care for,care-for-family,STRONG-TRUE,,,,,,,,,
to care for these problems,False,Solving_problems_improvements_mitigation,LLMgenerated,to care for,care-for-family,STRONG-TRUE,,,,,,,,,
to care for these symptoms,False,Solving_problems_improvements_mitigation,LLMgenerated,to care for,care-for-family,STRONG-TRUE,,,,,,,,,
to care for this,False,Solving_problems_improvements_mitigation,LLMgenerated,to care for,care-for-family,STRONG-TRUE,,,,,,,,,
to care for this challenge,False,Solving_problems_improvements_mitigation,LLMgenerated,to care for,care-for-family,STRONG-TRUE,,,,,,,,,
to care for this condition,False,Solving_problems_improvements_mitigation,LLMgenerated,to care for,care-for-family,STRONG-TRUE,,,,,,,,,
to care for this disease,False,Solving_problems_improvements_mitigation,LLMgenerated,to care for,care-for-family,STRONG-TRUE,,,,,,,,,
to care for this effect,False,Solving_problems_improvements_mitigation,LLMgenerated,to care for,care-for-family,STRONG-TRUE,,,,,,,,,
to care for this issue,False,Solving_problems_improvements_mitigation,LLMgenerated,to care for,care-for-family,STRONG-TRUE,,,,,,,,,
to care for this limitation,False,Solving_problems_improvements_mitigation,LLMgenerated,to care for,care-for-family,STRONG-TRUE,,,,,,,,,
to care for this problem,False,Solving_problems_improvements_mitigation,LLMgenerated,to care for,care-for-family,STRONG-TRUE,,,,,,,,,
to care for this symptom,False,Solving_problems_improvements_mitigation,LLMgenerated,to care for,care-for-family,STRONG-TRUE,,,,,,,,,
to care for those issues,False,Solving_problems_improvements_mitigation,LLMgenerated,to care for,care-for-family,STRONG-TRUE,,,,,,,,,
to care for those problems,False,Solving_problems_improvements_mitigation,LLMgenerated,to care for,care-for-family,STRONG-TRUE,,,,,,,,,
to care for those symptoms,False,Solving_problems_improvements_mitigation,LLMgenerated,to care for,care-for-family,STRONG-TRUE,,,,,,,,,
"accordingly, to address this",False,Solving_problems_improvements_mitigation,LLMgenerated,accordingly,causal-purposive-conjoined,STRONG-TRUE,,,,,,,,,
"accordingly, to address this limitation",False,Solving_problems_improvements_mitigation,LLMgenerated,accordingly,causal-purposive-conjoined,STRONG-TRUE,,,,,,,,,
"accordingly, to mitigate this",False,Solving_problems_improvements_mitigation,LLMgenerated,accordingly,causal-purposive-conjoined,STRONG-TRUE,,,,,,,,,
"accordingly, to overcome this",False,Solving_problems_improvements_mitigation,LLMgenerated,accordingly,causal-purposive-conjoined,STRONG-TRUE,,,,,,,,,
"accordingly, to overcome this limitation",False,Solving_problems_improvements_mitigation,LLMgenerated,accordingly,causal-purposive-conjoined,STRONG-TRUE,,,,,,,,,
"accordingly, to resolve this",False,Solving_problems_improvements_mitigation,LLMgenerated,accordingly,causal-purposive-conjoined,STRONG-TRUE,,,,,,,,,
"accordingly, to tackle this",False,Solving_problems_improvements_mitigation,LLMgenerated,accordingly,causal-purposive-conjoined,STRONG-TRUE,,,,,,,,,
"consequently, to address this",False,common_irrelevant,LLMgenerated,consequently,causal-purposive-conjoined,STRONG-TRUE,,,,,,,,,
"consequently, to address this limitation",False,common_irrelevant,LLMgenerated,consequently,causal-purposive-conjoined,STRONG-TRUE,,,,,,,,,
"consequently, to mitigate this",False,common_irrelevant,LLMgenerated,consequently,causal-purposive-conjoined,STRONG-TRUE,,,,,,,,,
"consequently, to overcome this",False,common_irrelevant,LLMgenerated,consequently,causal-purposive-conjoined,STRONG-TRUE,,,,,,,,,
"consequently, to overcome this limitation",False,common_irrelevant,LLMgenerated,consequently,causal-purposive-conjoined,STRONG-TRUE,,,,,,,,,
"consequently, to resolve this",False,common_irrelevant,LLMgenerated,consequently,causal-purposive-conjoined,STRONG-TRUE,,,,,,,,,
"consequently, to tackle this",False,common_irrelevant,LLMgenerated,consequently,causal-purposive-conjoined,STRONG-TRUE,,,,,,,,,
"hence, to address this",False,Solving_problems_improvements_mitigation,LLMgenerated,hence,causal-purposive-conjoined,STRONG-TRUE,,,,,,,,,
"hence, to address this limitation",False,Solving_problems_improvements_mitigation,LLMgenerated,hence,causal-purposive-conjoined,STRONG-TRUE,,,,,,,,,
"hence, to mitigate this",False,Solving_problems_improvements_mitigation,LLMgenerated,hence,causal-purposive-conjoined,STRONG-TRUE,,,,,,,,,
"hence, to overcome this",False,Solving_problems_improvements_mitigation,LLMgenerated,hence,causal-purposive-conjoined,STRONG-TRUE,,,,,,,,,
"hence, to overcome this limitation",False,Solving_problems_improvements_mitigation,LLMgenerated,hence,causal-purposive-conjoined,STRONG-TRUE,,,,,,,,,
"hence, to resolve this",False,Solving_problems_improvements_mitigation,LLMgenerated,hence,causal-purposive-conjoined,STRONG-TRUE,,,,,,,,,
"hence, to tackle this",False,Solving_problems_improvements_mitigation,LLMgenerated,hence,causal-purposive-conjoined,STRONG-TRUE,,,,,,,,,
"therefore, to address this",False,Solving_problems_improvements_mitigation,LLMgenerated,therefore,causal-purposive-conjoined,STRONG-TRUE,,,,,,,,,
"therefore, to address this limitation",False,Solving_problems_improvements_mitigation,LLMgenerated,therefore,causal-purposive-conjoined,STRONG-TRUE,,,,,,,,,
"therefore, to mitigate this",False,Solving_problems_improvements_mitigation,LLMgenerated,therefore,causal-purposive-conjoined,STRONG-TRUE,,,,,,,,,
"therefore, to overcome this",False,Solving_problems_improvements_mitigation,LLMgenerated,therefore,causal-purposive-conjoined,STRONG-TRUE,,,,,,,,,
"therefore, to overcome this limitation",False,Solving_problems_improvements_mitigation,LLMgenerated,therefore,causal-purposive-conjoined,STRONG-TRUE,,,,,,,,,
"therefore, to resolve this",False,Solving_problems_improvements_mitigation,LLMgenerated,therefore,causal-purposive-conjoined,STRONG-TRUE,,,,,,,,,
"therefore, to tackle this",False,Solving_problems_improvements_mitigation,LLMgenerated,therefore,causal-purposive-conjoined,STRONG-TRUE,,,,,,,,,
"thus, to address this",False,Solving_problems_improvements_mitigation,LLMgenerated,thus,causal-purposive-conjoined,STRONG-TRUE,,,,,,,,,
"thus, to address this limitation",False,Solving_problems_improvements_mitigation,LLMgenerated,thus,causal-purposive-conjoined,STRONG-TRUE,,,,,,,,,
"thus, to mitigate this",False,Solving_problems_improvements_mitigation,LLMgenerated,thus,causal-purposive-conjoined,STRONG-TRUE,,,,,,,,,
"thus, to overcome this",False,Solving_problems_improvements_mitigation,LLMgenerated,thus,causal-purposive-conjoined,STRONG-TRUE,,,,,,,,,
"thus, to overcome this limitation",False,Solving_problems_improvements_mitigation,LLMgenerated,thus,causal-purposive-conjoined,STRONG-TRUE,,,,,,,,,
"thus, to resolve this",False,Solving_problems_improvements_mitigation,LLMgenerated,thus,causal-purposive-conjoined,STRONG-TRUE,,,,,,,,,
"thus, to tackle this",False,Solving_problems_improvements_mitigation,LLMgenerated,thus,causal-purposive-conjoined,STRONG-TRUE,,,,,,,,,
"to circumvent these limitations, we design",False,Solving_problems_improvements_mitigation,LLMgenerated,to circumvent,circumvent-combined,STRONG-TRUE,,,,,,,,,
"to circumvent these limitations, we develop",False,Solving_problems_improvements_mitigation,LLMgenerated,to circumvent,circumvent-combined,STRONG-TRUE,,,,,,,,,
"to circumvent these limitations, we introduce",False,Solving_problems_improvements_mitigation,LLMgenerated,to circumvent,circumvent-combined,STRONG-TRUE,,,,,,,,,
"to circumvent these limitations, we present",False,Solving_problems_improvements_mitigation,LLMgenerated,to circumvent,circumvent-combined,STRONG-TRUE,,,,,,,,,
"to circumvent these limitations, we propose",False,Solving_problems_improvements_mitigation,LLMgenerated,to circumvent,circumvent-combined,STRONG-TRUE,,,,,,,,,
"to circumvent this issue, we design",False,Solving_problems_improvements_mitigation,LLMgenerated,to circumvent,circumvent-combined,STRONG-TRUE,,,,,,,,,
"to circumvent this issue, we develop",False,Solving_problems_improvements_mitigation,LLMgenerated,to circumvent,circumvent-combined,STRONG-TRUE,,,,,,,,,
"to circumvent this issue, we introduce",False,Solving_problems_improvements_mitigation,LLMgenerated,to circumvent,circumvent-combined,STRONG-TRUE,,,,,,,,,
"to circumvent this issue, we present",False,Solving_problems_improvements_mitigation,LLMgenerated,to circumvent,circumvent-combined,STRONG-TRUE,,,,,,,,,
"to circumvent this issue, we propose",False,Solving_problems_improvements_mitigation,LLMgenerated,to circumvent,circumvent-combined,STRONG-TRUE,,,,,,,,,
"to circumvent this limitation, we design",False,Solving_problems_improvements_mitigation,LLMgenerated,to circumvent,circumvent-combined,STRONG-TRUE,,,,,,,,,
"to circumvent this limitation, we develop",False,Solving_problems_improvements_mitigation,LLMgenerated,to circumvent,circumvent-combined,STRONG-TRUE,,,,,,,,,
"to circumvent this limitation, we introduce",False,Solving_problems_improvements_mitigation,LLMgenerated,to circumvent,circumvent-combined,STRONG-TRUE,,,,,,,,,
"to circumvent this limitation, we present",False,Solving_problems_improvements_mitigation,LLMgenerated,to circumvent,circumvent-combined,STRONG-TRUE,,,,,,,,,
"to circumvent this limitation, we propose",False,Solving_problems_improvements_mitigation,LLMgenerated,to circumvent,circumvent-combined,STRONG-TRUE,,,,,,,,,
"to circumvent this, we design",False,Solving_problems_improvements_mitigation,LLMgenerated,to circumvent,circumvent-combined,STRONG-TRUE,,,,,,,,,
"to circumvent this, we develop",False,Solving_problems_improvements_mitigation,LLMgenerated,to circumvent,circumvent-combined,STRONG-TRUE,,,,,,,,,
"to circumvent this, we introduce",False,Solving_problems_improvements_mitigation,LLMgenerated,to circumvent,circumvent-combined,STRONG-TRUE,,,,,,,,,
"to circumvent this, we present",False,Solving_problems_improvements_mitigation,LLMgenerated,to circumvent,circumvent-combined,STRONG-TRUE,,,,,,,,,
"to circumvent this, we propose",False,Solving_problems_improvements_mitigation,LLMgenerated,to circumvent,circumvent-combined,STRONG-TRUE,,,,,,,,,
circumventing these biases,False,Solving_problems_improvements_mitigation,LLMgenerated,to circumvent,circumvent-family,STRONG-TRUE,,,,,,,,,
circumventing these effects,False,Solving_problems_improvements_mitigation,LLMgenerated,to circumvent,circumvent-family,STRONG-TRUE,,,,,,,,,
circumventing these issues,False,Solving_problems_improvements_mitigation,LLMgenerated,to circumvent,circumvent-family,STRONG-TRUE,,,,,,,,,
circumventing these limitations,False,Solving_problems_improvements_mitigation,LLMgenerated,to circumvent,circumvent-family,STRONG-TRUE,,,,,,,,,
circumventing these points,False,Solving_problems_improvements_mitigation,LLMgenerated,to circumvent,circumvent-family,STRONG-TRUE,,,,,,,,,
circumventing these problems,False,Solving_problems_improvements_mitigation,LLMgenerated,to circumvent,circumvent-family,STRONG-TRUE,,,,,,,,,
circumventing these risks,False,Solving_problems_improvements_mitigation,LLMgenerated,to circumvent,circumvent-family,STRONG-TRUE,,,,,,,,,
circumventing this bias,False,Solving_problems_improvements_mitigation,LLMgenerated,to circumvent,circumvent-family,STRONG-TRUE,,,,,,,,,
circumventing this effect,False,Solving_problems_improvements_mitigation,LLMgenerated,to circumvent,circumvent-family,STRONG-TRUE,,,,,,,,,
circumventing this issue,False,Solving_problems_improvements_mitigation,LLMgenerated,to circumvent,circumvent-family,STRONG-TRUE,,,,,,,,,
circumventing this limitation,False,Solving_problems_improvements_mitigation,LLMgenerated,to circumvent,circumvent-family,STRONG-TRUE,,,,,,,,,
circumventing this point,False,Solving_problems_improvements_mitigation,LLMgenerated,to circumvent,circumvent-family,STRONG-TRUE,,,,,,,,,
circumventing this problem,False,Solving_problems_improvements_mitigation,LLMgenerated,to circumvent,circumvent-family,STRONG-TRUE,,,,,,,,,
circumventing this risk,False,Solving_problems_improvements_mitigation,LLMgenerated,to circumvent,circumvent-family,STRONG-TRUE,,,,,,,,,
circumventing those points,False,Solving_problems_improvements_mitigation,LLMgenerated,to circumvent,circumvent-family,STRONG-TRUE,,,,,,,,,
to circumvent the above,False,Solving_problems_improvements_mitigation,LLMgenerated,to circumvent,circumvent-family,STRONG-TRUE,,,,,,,,,
to circumvent the above limitations,False,Solving_problems_improvements_mitigation,LLMgenerated,to circumvent,circumvent-family,STRONG-TRUE,,,,,,,,,
to circumvent the aforementioned limitation,False,Solving_problems_improvements_mitigation,LLMgenerated,to circumvent,circumvent-family,STRONG-TRUE,,,,,,,,,
to circumvent the limitations of this approach,False,Solving_problems_improvements_mitigation,LLMgenerated,to circumvent,circumvent-family,STRONG-TRUE,,,,,,,,,
to circumvent these bias problems,False,Solving_problems_improvements_mitigation,LLMgenerated,to circumvent,circumvent-family,STRONG-TRUE,,,,,,,,,
to circumvent these biases,False,Solving_problems_improvements_mitigation,LLMgenerated,to circumvent,circumvent-family,STRONG-TRUE,,,,,,,,,
to circumvent these challenges,False,Solving_problems_improvements_mitigation,LLMgenerated,to circumvent,circumvent-family,STRONG-TRUE,,,,,,,,,
to circumvent these concerns,False,Solving_problems_improvements_mitigation,LLMgenerated,to circumvent,circumvent-family,STRONG-TRUE,,,,,,,,,
to circumvent these differences,False,Solving_problems_improvements_mitigation,LLMgenerated,to circumvent,circumvent-family,STRONG-TRUE,,,,,,,,,
to circumvent these effects,False,Solving_problems_improvements_mitigation,LLMgenerated,to circumvent,circumvent-family,STRONG-TRUE,,,,,,,,,
to circumvent these issues,False,Solving_problems_improvements_mitigation,LLMgenerated,to circumvent,circumvent-family,STRONG-TRUE,,,,,,,,,
to circumvent these limitations,False,Solving_problems_improvements_mitigation,LLMgenerated,to circumvent,circumvent-family,STRONG-TRUE,,,,,,,,,
to circumvent these points,False,Solving_problems_improvements_mitigation,LLMgenerated,to circumvent,circumvent-family,STRONG-TRUE,,,,,,,,,
to circumvent these possibilities,False,Solving_problems_improvements_mitigation,LLMgenerated,to circumvent,circumvent-family,STRONG-TRUE,,,,,,,,,
to circumvent these potential limitations,False,Solving_problems_improvements_mitigation,LLMgenerated,to circumvent,circumvent-family,STRONG-TRUE,,,,,,,,,
to circumvent these potential limitations and biases,False,Solving_problems_improvements_mitigation,LLMgenerated,to circumvent,circumvent-family,STRONG-TRUE,,,,,,,,,
to circumvent these risks,False,Solving_problems_improvements_mitigation,LLMgenerated,to circumvent,circumvent-family,STRONG-TRUE,,,,,,,,,
to circumvent these symptoms,False,Solving_problems_improvements_mitigation,LLMgenerated,to circumvent,circumvent-family,STRONG-TRUE,,,,,,,,,
to circumvent these threats,False,Solving_problems_improvements_mitigation,LLMgenerated,to circumvent,circumvent-family,STRONG-TRUE,,,,,,,,,
to circumvent this,False,Solving_problems_improvements_mitigation,LLMgenerated,to circumvent,circumvent-family,STRONG-TRUE,,,,,,,,,
to circumvent this bias,False,Solving_problems_improvements_mitigation,LLMgenerated,to circumvent,circumvent-family,STRONG-TRUE,,,,,,,,,
to circumvent this disease,False,Solving_problems_improvements_mitigation,LLMgenerated,to circumvent,circumvent-family,STRONG-TRUE,,,,,,,,,
to circumvent this effect,False,Solving_problems_improvements_mitigation,LLMgenerated,to circumvent,circumvent-family,STRONG-TRUE,,,,,,,,,
to circumvent this issue,False,Solving_problems_improvements_mitigation,LLMgenerated,to circumvent,circumvent-family,STRONG-TRUE,,,,,,,,,
to circumvent this limitation,False,Solving_problems_improvements_mitigation,LLMgenerated,to circumvent,circumvent-family,STRONG-TRUE,,,,,,,,,
to circumvent this point,False,Solving_problems_improvements_mitigation,LLMgenerated,to circumvent,circumvent-family,STRONG-TRUE,,,,,,,,,
to circumvent this possibility,False,Solving_problems_improvements_mitigation,LLMgenerated,to circumvent,circumvent-family,STRONG-TRUE,,,,,,,,,
to circumvent this problem,False,Solving_problems_improvements_mitigation,LLMgenerated,to circumvent,circumvent-family,STRONG-TRUE,,,,,,,,,
to circumvent this risk,False,Solving_problems_improvements_mitigation,LLMgenerated,to circumvent,circumvent-family,STRONG-TRUE,,,,,,,,,
to circumvent this symptom,False,Solving_problems_improvements_mitigation,LLMgenerated,to circumvent,circumvent-family,STRONG-TRUE,,,,,,,,,
to circumvent this threat,False,Solving_problems_improvements_mitigation,LLMgenerated,to circumvent,circumvent-family,STRONG-TRUE,,,,,,,,,
to circumvent those challenges,False,Solving_problems_improvements_mitigation,LLMgenerated,to circumvent,circumvent-family,STRONG-TRUE,,,,,,,,,
to circumvent those issues,False,Solving_problems_improvements_mitigation,LLMgenerated,to circumvent,circumvent-family,STRONG-TRUE,,,,,,,,,
to circumvent those limitations,False,Solving_problems_improvements_mitigation,LLMgenerated,to circumvent,circumvent-family,STRONG-TRUE,,,,,,,,,
to circumvent those points,False,Solving_problems_improvements_mitigation,LLMgenerated,to circumvent,circumvent-family,STRONG-TRUE,,,,,,,,,
to circumvent those problems,False,Solving_problems_improvements_mitigation,LLMgenerated,to circumvent,circumvent-family,STRONG-TRUE,,,,,,,,,
to circumvent those symptoms,False,Solving_problems_improvements_mitigation,LLMgenerated,to circumvent,circumvent-family,STRONG-TRUE,,,,,,,,,
"to combat these limitations, we design",False,Solving_problems_improvements_mitigation,LLMgenerated,to combat,combat-combined,STRONG-TRUE,,,,,,,,,
"to combat these limitations, we develop",False,Solving_problems_improvements_mitigation,LLMgenerated,to combat,combat-combined,STRONG-TRUE,,,,,,,,,
"to combat these limitations, we introduce",False,Solving_problems_improvements_mitigation,LLMgenerated,to combat,combat-combined,STRONG-TRUE,,,,,,,,,
"to combat these limitations, we present",False,Solving_problems_improvements_mitigation,LLMgenerated,to combat,combat-combined,STRONG-TRUE,,,,,,,,,
"to combat these limitations, we propose",False,Solving_problems_improvements_mitigation,LLMgenerated,to combat,combat-combined,STRONG-TRUE,,,,,,,,,
"to combat this issue, we design",False,Solving_problems_improvements_mitigation,LLMgenerated,to combat,combat-combined,STRONG-TRUE,,,,,,,,,
"to combat this issue, we develop",False,Solving_problems_improvements_mitigation,LLMgenerated,to combat,combat-combined,STRONG-TRUE,,,,,,,,,
"to combat this issue, we introduce",False,Solving_problems_improvements_mitigation,LLMgenerated,to combat,combat-combined,STRONG-TRUE,,,,,,,,,
"to combat this issue, we present",False,Solving_problems_improvements_mitigation,LLMgenerated,to combat,combat-combined,STRONG-TRUE,,,,,,,,,
"to combat this issue, we propose",False,Solving_problems_improvements_mitigation,LLMgenerated,to combat,combat-combined,STRONG-TRUE,,,,,,,,,
"to combat this limitation, we design",False,Solving_problems_improvements_mitigation,LLMgenerated,to combat,combat-combined,STRONG-TRUE,,,,,,,,,
"to combat this limitation, we develop",False,Solving_problems_improvements_mitigation,LLMgenerated,to combat,combat-combined,STRONG-TRUE,,,,,,,,,
"to combat this limitation, we introduce",False,Solving_problems_improvements_mitigation,LLMgenerated,to combat,combat-combined,STRONG-TRUE,,,,,,,,,
"to combat this limitation, we present",False,Solving_problems_improvements_mitigation,LLMgenerated,to combat,combat-combined,STRONG-TRUE,,,,,,,,,
"to combat this limitation, we propose",False,Solving_problems_improvements_mitigation,LLMgenerated,to combat,combat-combined,STRONG-TRUE,,,,,,,,,
"to combat this, we design",False,Solving_problems_improvements_mitigation,LLMgenerated,to combat,combat-combined,STRONG-TRUE,,,,,,,,,
"to combat this, we develop",False,Solving_problems_improvements_mitigation,LLMgenerated,to combat,combat-combined,STRONG-TRUE,,,,,,,,,
"to combat this, we introduce",False,Solving_problems_improvements_mitigation,LLMgenerated,to combat,combat-combined,STRONG-TRUE,,,,,,,,,
"to combat this, we present",False,Solving_problems_improvements_mitigation,LLMgenerated,to combat,combat-combined,STRONG-TRUE,,,,,,,,,
"to combat this, we propose",False,Solving_problems_improvements_mitigation,LLMgenerated,to combat,combat-combined,STRONG-TRUE,,,,,,,,,
combating these biases,False,Solving_problems_improvements_mitigation,LLMgenerated,to combat,combat-family,STRONG-TRUE,,,,,,,,,
combating these effects,False,Solving_problems_improvements_mitigation,LLMgenerated,to combat,combat-family,STRONG-TRUE,,,,,,,,,
combating these issues,False,Solving_problems_improvements_mitigation,LLMgenerated,to combat,combat-family,STRONG-TRUE,,,,,,,,,
combating these limitations,False,Solving_problems_improvements_mitigation,LLMgenerated,to combat,combat-family,STRONG-TRUE,,,,,,,,,
combating these points,False,Solving_problems_improvements_mitigation,LLMgenerated,to combat,combat-family,STRONG-TRUE,,,,,,,,,
combating these problems,False,Solving_problems_improvements_mitigation,LLMgenerated,to combat,combat-family,STRONG-TRUE,,,,,,,,,
combating these risks,False,Solving_problems_improvements_mitigation,LLMgenerated,to combat,combat-family,STRONG-TRUE,,,,,,,,,
combating this bias,False,Solving_problems_improvements_mitigation,LLMgenerated,to combat,combat-family,STRONG-TRUE,,,,,,,,,
combating this effect,False,Solving_problems_improvements_mitigation,LLMgenerated,to combat,combat-family,STRONG-TRUE,,,,,,,,,
combating this issue,False,Solving_problems_improvements_mitigation,LLMgenerated,to combat,combat-family,STRONG-TRUE,,,,,,,,,
combating this limitation,False,Solving_problems_improvements_mitigation,LLMgenerated,to combat,combat-family,STRONG-TRUE,,,,,,,,,
combating this point,False,Solving_problems_improvements_mitigation,LLMgenerated,to combat,combat-family,STRONG-TRUE,,,,,,,,,
combating this problem,False,Solving_problems_improvements_mitigation,LLMgenerated,to combat,combat-family,STRONG-TRUE,,,,,,,,,
combating this risk,False,Solving_problems_improvements_mitigation,LLMgenerated,to combat,combat-family,STRONG-TRUE,,,,,,,,,
combating those points,False,Solving_problems_improvements_mitigation,LLMgenerated,to combat,combat-family,STRONG-TRUE,,,,,,,,,
to combat the above,False,Solving_problems_improvements_mitigation,LLMgenerated,to combat,combat-family,STRONG-TRUE,,,,,,,,,
to combat the above limitations,False,Solving_problems_improvements_mitigation,LLMgenerated,to combat,combat-family,STRONG-TRUE,,,,,,,,,
to combat the aforementioned limitation,False,Solving_problems_improvements_mitigation,LLMgenerated,to combat,combat-family,STRONG-TRUE,,,,,,,,,
to combat the limitations of this approach,False,Solving_problems_improvements_mitigation,LLMgenerated,to combat,combat-family,STRONG-TRUE,,,,,,,,,
to combat these bias problems,False,Solving_problems_improvements_mitigation,LLMgenerated,to combat,combat-family,STRONG-TRUE,,,,,,,,,
to combat these biases,False,Solving_problems_improvements_mitigation,LLMgenerated,to combat,combat-family,STRONG-TRUE,,,,,,,,,
to combat these challenges,False,Solving_problems_improvements_mitigation,LLMgenerated,to combat,combat-family,STRONG-TRUE,,,,,,,,,
to combat these concerns,False,Solving_problems_improvements_mitigation,LLMgenerated,to combat,combat-family,STRONG-TRUE,,,,,,,,,
to combat these differences,False,Solving_problems_improvements_mitigation,LLMgenerated,to combat,combat-family,STRONG-TRUE,,,,,,,,,
to combat these effects,False,Solving_problems_improvements_mitigation,LLMgenerated,to combat,combat-family,STRONG-TRUE,,,,,,,,,
to combat these issues,False,Solving_problems_improvements_mitigation,LLMgenerated,to combat,combat-family,STRONG-TRUE,,,,,,,,,
to combat these limitations,False,Solving_problems_improvements_mitigation,LLMgenerated,to combat,combat-family,STRONG-TRUE,,,,,,,,,
to combat these points,False,Solving_problems_improvements_mitigation,LLMgenerated,to combat,combat-family,STRONG-TRUE,,,,,,,,,
to combat these possibilities,False,Solving_problems_improvements_mitigation,LLMgenerated,to combat,combat-family,STRONG-TRUE,,,,,,,,,
to combat these potential limitations,False,Solving_problems_improvements_mitigation,LLMgenerated,to combat,combat-family,STRONG-TRUE,,,,,,,,,
to combat these potential limitations and biases,False,Solving_problems_improvements_mitigation,LLMgenerated,to combat,combat-family,STRONG-TRUE,,,,,,,,,
to combat these risks,False,Solving_problems_improvements_mitigation,LLMgenerated,to combat,combat-family,STRONG-TRUE,,,,,,,,,
to combat these symptoms,False,Solving_problems_improvements_mitigation,LLMgenerated,to combat,combat-family,STRONG-TRUE,,,,,,,,,
to combat these threats,False,Solving_problems_improvements_mitigation,LLMgenerated,to combat,combat-family,STRONG-TRUE,,,,,,,,,
to combat this,False,Solving_problems_improvements_mitigation,LLMgenerated,to combat,combat-family,STRONG-TRUE,,,,,,,,,
to combat this bias,False,Solving_problems_improvements_mitigation,LLMgenerated,to combat,combat-family,STRONG-TRUE,,,,,,,,,
to combat this disease,False,Solving_problems_improvements_mitigation,LLMgenerated,to combat,combat-family,STRONG-TRUE,,,,,,,,,
to combat this effect,False,Solving_problems_improvements_mitigation,LLMgenerated,to combat,combat-family,STRONG-TRUE,,,,,,,,,
to combat this issue,False,Solving_problems_improvements_mitigation,LLMgenerated,to combat,combat-family,STRONG-TRUE,,,,,,,,,
to combat this limitation,False,Solving_problems_improvements_mitigation,LLMgenerated,to combat,combat-family,STRONG-TRUE,,,,,,,,,
to combat this point,False,Solving_problems_improvements_mitigation,LLMgenerated,to combat,combat-family,STRONG-TRUE,,,,,,,,,
to combat this possibility,False,Solving_problems_improvements_mitigation,LLMgenerated,to combat,combat-family,STRONG-TRUE,,,,,,,,,
to combat this problem,False,Solving_problems_improvements_mitigation,LLMgenerated,to combat,combat-family,STRONG-TRUE,,,,,,,,,
to combat this risk,False,Solving_problems_improvements_mitigation,LLMgenerated,to combat,combat-family,STRONG-TRUE,,,,,,,,,
to combat this symptom,False,Solving_problems_improvements_mitigation,LLMgenerated,to combat,combat-family,STRONG-TRUE,,,,,,,,,
to combat this threat,False,Solving_problems_improvements_mitigation,LLMgenerated,to combat,combat-family,STRONG-TRUE,,,,,,,,,
to combat those challenges,False,Solving_problems_improvements_mitigation,LLMgenerated,to combat,combat-family,STRONG-TRUE,,,,,,,,,
to combat those issues,False,Solving_problems_improvements_mitigation,LLMgenerated,to combat,combat-family,STRONG-TRUE,,,,,,,,,
to combat those limitations,False,Solving_problems_improvements_mitigation,LLMgenerated,to combat,combat-family,STRONG-TRUE,,,,,,,,,
to combat those points,False,Solving_problems_improvements_mitigation,LLMgenerated,to combat,combat-family,STRONG-TRUE,,,,,,,,,
to combat those problems,False,Solving_problems_improvements_mitigation,LLMgenerated,to combat,combat-family,STRONG-TRUE,,,,,,,,,
to combat those symptoms,False,Solving_problems_improvements_mitigation,LLMgenerated,to combat,combat-family,STRONG-TRUE,,,,,,,,,
to cope with the above,False,Solving_problems_improvements_mitigation,LLMgenerated,to cope with,cope-with-family,STRONG-TRUE,,,,,,,,,
to cope with the aforementioned limitation,False,Solving_problems_improvements_mitigation,LLMgenerated,to cope with,cope-with-family,STRONG-TRUE,,,,,,,,,
to cope with these challenges,False,Solving_problems_improvements_mitigation,LLMgenerated,to cope with,cope-with-family,STRONG-TRUE,,,,,,,,,
to cope with these issues,False,Solving_problems_improvements_mitigation,LLMgenerated,to cope with,cope-with-family,STRONG-TRUE,,,,,,,,,
to cope with these limitations,False,Solving_problems_improvements_mitigation,LLMgenerated,to cope with,cope-with-family,STRONG-TRUE,,,,,,,,,
to cope with this,False,Solving_problems_improvements_mitigation,LLMgenerated,to cope with,cope-with-family,STRONG-TRUE,,,,,,,,,
to cope with this issue,False,Solving_problems_improvements_mitigation,LLMgenerated,to cope with,cope-with-family,STRONG-TRUE,,,,,,,,,
to cope with this limitation,False,Solving_problems_improvements_mitigation,LLMgenerated,to cope with,cope-with-family,STRONG-TRUE,,,,,,,,,
to cope with this problem,False,Solving_problems_improvements_mitigation,LLMgenerated,to cope with,cope-with-family,STRONG-TRUE,,,,,,,,,
"to counter these limitations, we design",False,Solving_problems_improvements_mitigation,LLMgenerated,to counter,counter-combined,STRONG-TRUE,,,,,,,,,
"to counter these limitations, we develop",False,Solving_problems_improvements_mitigation,LLMgenerated,to counter,counter-combined,STRONG-TRUE,,,,,,,,,
"to counter these limitations, we introduce",False,Solving_problems_improvements_mitigation,LLMgenerated,to counter,counter-combined,STRONG-TRUE,,,,,,,,,
"to counter these limitations, we present",False,Solving_problems_improvements_mitigation,LLMgenerated,to counter,counter-combined,STRONG-TRUE,,,,,,,,,
"to counter these limitations, we propose",False,Solving_problems_improvements_mitigation,LLMgenerated,to counter,counter-combined,STRONG-TRUE,,,,,,,,,
"to counter this issue, we design",False,Solving_problems_improvements_mitigation,LLMgenerated,to counter,counter-combined,STRONG-TRUE,,,,,,,,,
"to counter this issue, we develop",False,Solving_problems_improvements_mitigation,LLMgenerated,to counter,counter-combined,STRONG-TRUE,,,,,,,,,
"to counter this issue, we introduce",False,Solving_problems_improvements_mitigation,LLMgenerated,to counter,counter-combined,STRONG-TRUE,,,,,,,,,
"to counter this issue, we present",False,Solving_problems_improvements_mitigation,LLMgenerated,to counter,counter-combined,STRONG-TRUE,,,,,,,,,
"to counter this issue, we propose",False,Solving_problems_improvements_mitigation,LLMgenerated,to counter,counter-combined,STRONG-TRUE,,,,,,,,,
"to counter this limitation, we design",False,Solving_problems_improvements_mitigation,LLMgenerated,to counter,counter-combined,STRONG-TRUE,,,,,,,,,
"to counter this limitation, we develop",False,Solving_problems_improvements_mitigation,LLMgenerated,to counter,counter-combined,STRONG-TRUE,,,,,,,,,
"to counter this limitation, we introduce",False,Solving_problems_improvements_mitigation,LLMgenerated,to counter,counter-combined,STRONG-TRUE,,,,,,,,,
"to counter this limitation, we present",False,Solving_problems_improvements_mitigation,LLMgenerated,to counter,counter-combined,STRONG-TRUE,,,,,,,,,
"to counter this limitation, we propose",False,Solving_problems_improvements_mitigation,LLMgenerated,to counter,counter-combined,STRONG-TRUE,,,,,,,,,
"to counter this, we design",False,Solving_problems_improvements_mitigation,LLMgenerated,to counter,counter-combined,STRONG-TRUE,,,,,,,,,
"to counter this, we develop",False,Solving_problems_improvements_mitigation,LLMgenerated,to counter,counter-combined,STRONG-TRUE,,,,,,,,,
"to counter this, we introduce",False,Solving_problems_improvements_mitigation,LLMgenerated,to counter,counter-combined,STRONG-TRUE,,,,,,,,,
"to counter this, we present",False,Solving_problems_improvements_mitigation,LLMgenerated,to counter,counter-combined,STRONG-TRUE,,,,,,,,,
"to counter this, we propose",False,Solving_problems_improvements_mitigation,LLMgenerated,to counter,counter-combined,STRONG-TRUE,,,,,,,,,
countering these biases,False,Solving_problems_improvements_mitigation,LLMgenerated,to counter,counter-family,STRONG-TRUE,,,,,,,,,
countering these effects,False,Solving_problems_improvements_mitigation,LLMgenerated,to counter,counter-family,STRONG-TRUE,,,,,,,,,
countering these issues,False,Solving_problems_improvements_mitigation,LLMgenerated,to counter,counter-family,STRONG-TRUE,,,,,,,,,
countering these limitations,False,Solving_problems_improvements_mitigation,LLMgenerated,to counter,counter-family,STRONG-TRUE,,,,,,,,,
countering these points,False,Solving_problems_improvements_mitigation,LLMgenerated,to counter,counter-family,STRONG-TRUE,,,,,,,,,
countering these problems,False,Solving_problems_improvements_mitigation,LLMgenerated,to counter,counter-family,STRONG-TRUE,,,,,,,,,
countering these risks,False,Solving_problems_improvements_mitigation,LLMgenerated,to counter,counter-family,STRONG-TRUE,,,,,,,,,
countering this bias,False,Solving_problems_improvements_mitigation,LLMgenerated,to counter,counter-family,STRONG-TRUE,,,,,,,,,
countering this effect,False,Solving_problems_improvements_mitigation,LLMgenerated,to counter,counter-family,STRONG-TRUE,,,,,,,,,
countering this issue,False,Solving_problems_improvements_mitigation,LLMgenerated,to counter,counter-family,STRONG-TRUE,,,,,,,,,
countering this limitation,False,Solving_problems_improvements_mitigation,LLMgenerated,to counter,counter-family,STRONG-TRUE,,,,,,,,,
countering this point,False,Solving_problems_improvements_mitigation,LLMgenerated,to counter,counter-family,STRONG-TRUE,,,,,,,,,
countering this problem,False,Solving_problems_improvements_mitigation,LLMgenerated,to counter,counter-family,STRONG-TRUE,,,,,,,,,
countering this risk,False,Solving_problems_improvements_mitigation,LLMgenerated,to counter,counter-family,STRONG-TRUE,,,,,,,,,
countering those points,False,Solving_problems_improvements_mitigation,LLMgenerated,to counter,counter-family,STRONG-TRUE,,,,,,,,,
to counter the above,False,Solving_problems_improvements_mitigation,LLMgenerated,to counter,counter-family,STRONG-TRUE,,,,,,,,,
to counter the above limitations,False,Solving_problems_improvements_mitigation,LLMgenerated,to counter,counter-family,STRONG-TRUE,,,,,,,,,
to counter the aforementioned limitation,False,Solving_problems_improvements_mitigation,LLMgenerated,to counter,counter-family,STRONG-TRUE,,,,,,,,,
to counter the limitations of this approach,False,Solving_problems_improvements_mitigation,LLMgenerated,to counter,counter-family,STRONG-TRUE,,,,,,,,,
to counter these bias problems,False,Solving_problems_improvements_mitigation,LLMgenerated,to counter,counter-family,STRONG-TRUE,,,,,,,,,
to counter these biases,False,Solving_problems_improvements_mitigation,LLMgenerated,to counter,counter-family,STRONG-TRUE,,,,,,,,,
to counter these challenges,False,Solving_problems_improvements_mitigation,LLMgenerated,to counter,counter-family,STRONG-TRUE,,,,,,,,,
to counter these concerns,False,Solving_problems_improvements_mitigation,LLMgenerated,to counter,counter-family,STRONG-TRUE,,,,,,,,,
to counter these differences,False,Solving_problems_improvements_mitigation,LLMgenerated,to counter,counter-family,STRONG-TRUE,,,,,,,,,
to counter these effects,False,Solving_problems_improvements_mitigation,LLMgenerated,to counter,counter-family,STRONG-TRUE,,,,,,,,,
to counter these issues,False,Solving_problems_improvements_mitigation,LLMgenerated,to counter,counter-family,STRONG-TRUE,,,,,,,,,
to counter these limitations,False,Solving_problems_improvements_mitigation,LLMgenerated,to counter,counter-family,STRONG-TRUE,,,,,,,,,
to counter these points,False,Solving_problems_improvements_mitigation,LLMgenerated,to counter,counter-family,STRONG-TRUE,,,,,,,,,
to counter these possibilities,False,Solving_problems_improvements_mitigation,LLMgenerated,to counter,counter-family,STRONG-TRUE,,,,,,,,,
to counter these potential limitations,False,Solving_problems_improvements_mitigation,LLMgenerated,to counter,counter-family,STRONG-TRUE,,,,,,,,,
to counter these potential limitations and biases,False,Solving_problems_improvements_mitigation,LLMgenerated,to counter,counter-family,STRONG-TRUE,,,,,,,,,
to counter these risks,False,Solving_problems_improvements_mitigation,LLMgenerated,to counter,counter-family,STRONG-TRUE,,,,,,,,,
to counter these symptoms,False,Solving_problems_improvements_mitigation,LLMgenerated,to counter,counter-family,STRONG-TRUE,,,,,,,,,
to counter these threats,False,Solving_problems_improvements_mitigation,LLMgenerated,to counter,counter-family,STRONG-TRUE,,,,,,,,,
to counter this,False,Solving_problems_improvements_mitigation,LLMgenerated,to counter,counter-family,STRONG-TRUE,,,,,,,,,
to counter this bias,False,Solving_problems_improvements_mitigation,LLMgenerated,to counter,counter-family,STRONG-TRUE,,,,,,,,,
to counter this disease,False,Solving_problems_improvements_mitigation,LLMgenerated,to counter,counter-family,STRONG-TRUE,,,,,,,,,
to counter this effect,False,Solving_problems_improvements_mitigation,LLMgenerated,to counter,counter-family,STRONG-TRUE,,,,,,,,,
to counter this issue,False,Solving_problems_improvements_mitigation,LLMgenerated,to counter,counter-family,STRONG-TRUE,,,,,,,,,
to counter this limitation,False,Solving_problems_improvements_mitigation,LLMgenerated,to counter,counter-family,STRONG-TRUE,,,,,,,,,
to counter this point,False,Solving_problems_improvements_mitigation,LLMgenerated,to counter,counter-family,STRONG-TRUE,,,,,,,,,
to counter this possibility,False,Solving_problems_improvements_mitigation,LLMgenerated,to counter,counter-family,STRONG-TRUE,,,,,,,,,
to counter this problem,False,Solving_problems_improvements_mitigation,LLMgenerated,to counter,counter-family,STRONG-TRUE,,,,,,,,,
to counter this risk,False,Solving_problems_improvements_mitigation,LLMgenerated,to counter,counter-family,STRONG-TRUE,,,,,,,,,
to counter this symptom,False,Solving_problems_improvements_mitigation,LLMgenerated,to counter,counter-family,STRONG-TRUE,,,,,,,,,
to counter this threat,False,Solving_problems_improvements_mitigation,LLMgenerated,to counter,counter-family,STRONG-TRUE,,,,,,,,,
to counter those challenges,False,Solving_problems_improvements_mitigation,LLMgenerated,to counter,counter-family,STRONG-TRUE,,,,,,,,,
to counter those issues,False,Solving_problems_improvements_mitigation,LLMgenerated,to counter,counter-family,STRONG-TRUE,,,,,,,,,
to counter those limitations,False,Solving_problems_improvements_mitigation,LLMgenerated,to counter,counter-family,STRONG-TRUE,,,,,,,,,
to counter those points,False,Solving_problems_improvements_mitigation,LLMgenerated,to counter,counter-family,STRONG-TRUE,,,,,,,,,
to counter those problems,False,Solving_problems_improvements_mitigation,LLMgenerated,to counter,counter-family,STRONG-TRUE,,,,,,,,,
to counter those symptoms,False,Solving_problems_improvements_mitigation,LLMgenerated,to counter,counter-family,STRONG-TRUE,,,,,,,,,
"to counteract these limitations, we design",False,Solving_problems_improvements_mitigation,LLMgenerated,to counteract,counteract-combined,STRONG-TRUE,,,,,,,,,
"to counteract these limitations, we develop",False,Solving_problems_improvements_mitigation,LLMgenerated,to counteract,counteract-combined,STRONG-TRUE,,,,,,,,,
"to counteract these limitations, we introduce",False,Solving_problems_improvements_mitigation,LLMgenerated,to counteract,counteract-combined,STRONG-TRUE,,,,,,,,,
"to counteract these limitations, we present",False,Solving_problems_improvements_mitigation,LLMgenerated,to counteract,counteract-combined,STRONG-TRUE,,,,,,,,,
"to counteract these limitations, we propose",False,Solving_problems_improvements_mitigation,LLMgenerated,to counteract,counteract-combined,STRONG-TRUE,,,,,,,,,
"to counteract this issue, we design",False,Solving_problems_improvements_mitigation,LLMgenerated,to counteract,counteract-combined,STRONG-TRUE,,,,,,,,,
"to counteract this issue, we develop",False,Solving_problems_improvements_mitigation,LLMgenerated,to counteract,counteract-combined,STRONG-TRUE,,,,,,,,,
"to counteract this issue, we introduce",False,Solving_problems_improvements_mitigation,LLMgenerated,to counteract,counteract-combined,STRONG-TRUE,,,,,,,,,
"to counteract this issue, we present",False,Solving_problems_improvements_mitigation,LLMgenerated,to counteract,counteract-combined,STRONG-TRUE,,,,,,,,,
"to counteract this issue, we propose",False,Solving_problems_improvements_mitigation,LLMgenerated,to counteract,counteract-combined,STRONG-TRUE,,,,,,,,,
"to counteract this limitation, we design",False,Solving_problems_improvements_mitigation,LLMgenerated,to counteract,counteract-combined,STRONG-TRUE,,,,,,,,,
"to counteract this limitation, we develop",False,Solving_problems_improvements_mitigation,LLMgenerated,to counteract,counteract-combined,STRONG-TRUE,,,,,,,,,
"to counteract this limitation, we introduce",False,Solving_problems_improvements_mitigation,LLMgenerated,to counteract,counteract-combined,STRONG-TRUE,,,,,,,,,
"to counteract this limitation, we present",False,Solving_problems_improvements_mitigation,LLMgenerated,to counteract,counteract-combined,STRONG-TRUE,,,,,,,,,
"to counteract this limitation, we propose",False,Solving_problems_improvements_mitigation,LLMgenerated,to counteract,counteract-combined,STRONG-TRUE,,,,,,,,,
"to counteract this, we design",False,Solving_problems_improvements_mitigation,LLMgenerated,to counteract,counteract-combined,STRONG-TRUE,,,,,,,,,
"to counteract this, we develop",False,Solving_problems_improvements_mitigation,LLMgenerated,to counteract,counteract-combined,STRONG-TRUE,,,,,,,,,
"to counteract this, we introduce",False,Solving_problems_improvements_mitigation,LLMgenerated,to counteract,counteract-combined,STRONG-TRUE,,,,,,,,,
"to counteract this, we present",False,Solving_problems_improvements_mitigation,LLMgenerated,to counteract,counteract-combined,STRONG-TRUE,,,,,,,,,
"to counteract this, we propose",False,Solving_problems_improvements_mitigation,LLMgenerated,to counteract,counteract-combined,STRONG-TRUE,,,,,,,,,
to counteract the above,False,Solving_problems_improvements_mitigation,LLMgenerated,to counteract,counteract-family,STRONG-TRUE,,,,,,,,,
to counteract the above limitations,False,Solving_problems_improvements_mitigation,LLMgenerated,to counteract,counteract-family,STRONG-TRUE,,,,,,,,,
to counteract the aforementioned limitation,False,Solving_problems_improvements_mitigation,LLMgenerated,to counteract,counteract-family,STRONG-TRUE,,,,,,,,,
to counteract the limitations of this approach,False,Solving_problems_improvements_mitigation,LLMgenerated,to counteract,counteract-family,STRONG-TRUE,,,,,,,,,
to counteract these bias problems,False,Solving_problems_improvements_mitigation,LLMgenerated,to counteract,counteract-family,STRONG-TRUE,,,,,,,,,
to counteract these biases,False,Solving_problems_improvements_mitigation,LLMgenerated,to counteract,counteract-family,STRONG-TRUE,,,,,,,,,
to counteract these challenges,False,Solving_problems_improvements_mitigation,LLMgenerated,to counteract,counteract-family,STRONG-TRUE,,,,,,,,,
to counteract these concerns,False,Solving_problems_improvements_mitigation,LLMgenerated,to counteract,counteract-family,STRONG-TRUE,,,,,,,,,
to counteract these differences,False,Solving_problems_improvements_mitigation,LLMgenerated,to counteract,counteract-family,STRONG-TRUE,,,,,,,,,
to counteract these effects,False,Solving_problems_improvements_mitigation,LLMgenerated,to counteract,counteract-family,STRONG-TRUE,,,,,,,,,
to counteract these issues,False,Solving_problems_improvements_mitigation,LLMgenerated,to counteract,counteract-family,STRONG-TRUE,,,,,,,,,
to counteract these limitations,False,Solving_problems_improvements_mitigation,LLMgenerated,to counteract,counteract-family,STRONG-TRUE,,,,,,,,,
to counteract these points,False,Solving_problems_improvements_mitigation,LLMgenerated,to counteract,counteract-family,STRONG-TRUE,,,,,,,,,
to counteract these possibilities,False,Solving_problems_improvements_mitigation,LLMgenerated,to counteract,counteract-family,STRONG-TRUE,,,,,,,,,
to counteract these potential limitations,False,Solving_problems_improvements_mitigation,LLMgenerated,to counteract,counteract-family,STRONG-TRUE,,,,,,,,,
to counteract these potential limitations and biases,False,Solving_problems_improvements_mitigation,LLMgenerated,to counteract,counteract-family,STRONG-TRUE,,,,,,,,,
to counteract these risks,False,Solving_problems_improvements_mitigation,LLMgenerated,to counteract,counteract-family,STRONG-TRUE,,,,,,,,,
to counteract these symptoms,False,Solving_problems_improvements_mitigation,LLMgenerated,to counteract,counteract-family,STRONG-TRUE,,,,,,,,,
to counteract these threats,False,Solving_problems_improvements_mitigation,LLMgenerated,to counteract,counteract-family,STRONG-TRUE,,,,,,,,,
to counteract this,False,Solving_problems_improvements_mitigation,LLMgenerated,to counteract,counteract-family,STRONG-TRUE,,,,,,,,,
to counteract this bias,False,Solving_problems_improvements_mitigation,LLMgenerated,to counteract,counteract-family,STRONG-TRUE,,,,,,,,,
to counteract this disease,False,Solving_problems_improvements_mitigation,LLMgenerated,to counteract,counteract-family,STRONG-TRUE,,,,,,,,,
to counteract this effect,False,Solving_problems_improvements_mitigation,LLMgenerated,to counteract,counteract-family,STRONG-TRUE,,,,,,,,,
to counteract this issue,False,Solving_problems_improvements_mitigation,LLMgenerated,to counteract,counteract-family,STRONG-TRUE,,,,,,,,,
to counteract this limitation,False,Solving_problems_improvements_mitigation,LLMgenerated,to counteract,counteract-family,STRONG-TRUE,,,,,,,,,
to counteract this point,False,Solving_problems_improvements_mitigation,LLMgenerated,to counteract,counteract-family,STRONG-TRUE,,,,,,,,,
to counteract this possibility,False,Solving_problems_improvements_mitigation,LLMgenerated,to counteract,counteract-family,STRONG-TRUE,,,,,,,,,
to counteract this problem,False,Solving_problems_improvements_mitigation,LLMgenerated,to counteract,counteract-family,STRONG-TRUE,,,,,,,,,
to counteract this risk,False,Solving_problems_improvements_mitigation,LLMgenerated,to counteract,counteract-family,STRONG-TRUE,,,,,,,,,
to counteract this symptom,False,Solving_problems_improvements_mitigation,LLMgenerated,to counteract,counteract-family,STRONG-TRUE,,,,,,,,,
to counteract this threat,False,Solving_problems_improvements_mitigation,LLMgenerated,to counteract,counteract-family,STRONG-TRUE,,,,,,,,,
to counteract those challenges,False,Solving_problems_improvements_mitigation,LLMgenerated,to counteract,counteract-family,STRONG-TRUE,,,,,,,,,
to counteract those issues,False,Solving_problems_improvements_mitigation,LLMgenerated,to counteract,counteract-family,STRONG-TRUE,,,,,,,,,
to counteract those limitations,False,Solving_problems_improvements_mitigation,LLMgenerated,to counteract,counteract-family,STRONG-TRUE,,,,,,,,,
to counteract those points,False,Solving_problems_improvements_mitigation,LLMgenerated,to counteract,counteract-family,STRONG-TRUE,,,,,,,,,
to counteract those problems,False,Solving_problems_improvements_mitigation,LLMgenerated,to counteract,counteract-family,STRONG-TRUE,,,,,,,,,
to counteract those symptoms,False,Solving_problems_improvements_mitigation,LLMgenerated,to counteract,counteract-family,STRONG-TRUE,,,,,,,,,
curing these biases,False,Solving_problems_improvements_mitigation,LLMgenerated,to cure,cure-family,STRONG-TRUE,,,,,,,,,
curing these effects,False,Solving_problems_improvements_mitigation,LLMgenerated,to cure,cure-family,STRONG-TRUE,,,,,,,,,
curing these issues,False,Solving_problems_improvements_mitigation,LLMgenerated,to cure,cure-family,STRONG-TRUE,,,,,,,,,
curing these limitations,False,Solving_problems_improvements_mitigation,LLMgenerated,to cure,cure-family,STRONG-TRUE,,,,,,,,,
curing these points,False,Solving_problems_improvements_mitigation,LLMgenerated,to cure,cure-family,STRONG-TRUE,,,,,,,,,
curing these problems,False,Solving_problems_improvements_mitigation,LLMgenerated,to cure,cure-family,STRONG-TRUE,,,,,,,,,
curing these risks,False,Solving_problems_improvements_mitigation,LLMgenerated,to cure,cure-family,STRONG-TRUE,,,,,,,,,
curing this bias,False,Solving_problems_improvements_mitigation,LLMgenerated,to cure,cure-family,STRONG-TRUE,,,,,,,,,
curing this effect,False,Solving_problems_improvements_mitigation,LLMgenerated,to cure,cure-family,STRONG-TRUE,,,,,,,,,
curing this issue,False,Solving_problems_improvements_mitigation,LLMgenerated,to cure,cure-family,STRONG-TRUE,,,,,,,,,
curing this limitation,False,Solving_problems_improvements_mitigation,LLMgenerated,to cure,cure-family,STRONG-TRUE,,,,,,,,,
curing this point,False,Solving_problems_improvements_mitigation,LLMgenerated,to cure,cure-family,STRONG-TRUE,,,,,,,,,
curing this problem,False,Solving_problems_improvements_mitigation,LLMgenerated,to cure,cure-family,STRONG-TRUE,,,,,,,,,
curing this risk,False,Solving_problems_improvements_mitigation,LLMgenerated,to cure,cure-family,STRONG-TRUE,,,,,,,,,
curing those points,False,Solving_problems_improvements_mitigation,LLMgenerated,to cure,cure-family,STRONG-TRUE,,,,,,,,,
to cure these challenges,False,Solving_problems_improvements_mitigation,LLMgenerated,to cure,cure-family,STRONG-TRUE,,,,,,,,,
to cure these conditions,False,Solving_problems_improvements_mitigation,LLMgenerated,to cure,cure-family,STRONG-TRUE,,,,,,,,,
to cure these effects,False,Solving_problems_improvements_mitigation,LLMgenerated,to cure,cure-family,STRONG-TRUE,,,,,,,,,
to cure these issues,False,Solving_problems_improvements_mitigation,LLMgenerated,to cure,cure-family,STRONG-TRUE,,,,,,,,,
to cure these limitations,False,Solving_problems_improvements_mitigation,LLMgenerated,to cure,cure-family,STRONG-TRUE,,,,,,,,,
to cure these problems,False,Solving_problems_improvements_mitigation,LLMgenerated,to cure,cure-family,STRONG-TRUE,,,,,,,,,
to cure these symptoms,False,Solving_problems_improvements_mitigation,LLMgenerated,to cure,cure-family,STRONG-TRUE,,,,,,,,,
to cure this,False,Solving_problems_improvements_mitigation,LLMgenerated,to cure,cure-family,STRONG-TRUE,,,,,,,,,
to cure this challenge,False,Solving_problems_improvements_mitigation,LLMgenerated,to cure,cure-family,STRONG-TRUE,,,,,,,,,
to cure this condition,False,Solving_problems_improvements_mitigation,LLMgenerated,to cure,cure-family,STRONG-TRUE,,,,,,,,,
to cure this disease,False,Solving_problems_improvements_mitigation,LLMgenerated,to cure,cure-family,STRONG-TRUE,,,,,,,,,
to cure this effect,False,Solving_problems_improvements_mitigation,LLMgenerated,to cure,cure-family,STRONG-TRUE,,,,,,,,,
to cure this issue,False,Solving_problems_improvements_mitigation,LLMgenerated,to cure,cure-family,STRONG-TRUE,,,,,,,,,
to cure this limitation,False,Solving_problems_improvements_mitigation,LLMgenerated,to cure,cure-family,STRONG-TRUE,,,,,,,,,
to cure this problem,False,Solving_problems_improvements_mitigation,LLMgenerated,to cure,cure-family,STRONG-TRUE,,,,,,,,,
to cure this symptom,False,Solving_problems_improvements_mitigation,LLMgenerated,to cure,cure-family,STRONG-TRUE,,,,,,,,,
to cure those issues,False,Solving_problems_improvements_mitigation,LLMgenerated,to cure,cure-family,STRONG-TRUE,,,,,,,,,
to cure those problems,False,Solving_problems_improvements_mitigation,LLMgenerated,to cure,cure-family,STRONG-TRUE,,,,,,,,,
to cure those symptoms,False,Solving_problems_improvements_mitigation,LLMgenerated,to cure,cure-family,STRONG-TRUE,,,,,,,,,
to deal with the above,False,Solving_problems_improvements_mitigation,LLMgenerated,to deal with,deal-with-family,STRONG-TRUE,,,,,,,,,
to deal with the aforementioned limitation,False,Solving_problems_improvements_mitigation,LLMgenerated,to deal with,deal-with-family,STRONG-TRUE,,,,,,,,,
to deal with these challenges,False,Solving_problems_improvements_mitigation,LLMgenerated,to deal with,deal-with-family,STRONG-TRUE,,,,,,,,,
to deal with these issues,False,Solving_problems_improvements_mitigation,LLMgenerated,to deal with,deal-with-family,STRONG-TRUE,,,,,,,,,
to deal with these limitations,False,Solving_problems_improvements_mitigation,LLMgenerated,to deal with,deal-with-family,STRONG-TRUE,,,,,,,,,
to deal with this,False,Solving_problems_improvements_mitigation,LLMgenerated,to deal with,deal-with-family,STRONG-TRUE,,,,,,,,,
to deal with this issue,False,Solving_problems_improvements_mitigation,LLMgenerated,to deal with,deal-with-family,STRONG-TRUE,,,,,,,,,
to deal with this limitation,False,Solving_problems_improvements_mitigation,LLMgenerated,to deal with,deal-with-family,STRONG-TRUE,,,,,,,,,
to deal with this problem,False,Solving_problems_improvements_mitigation,LLMgenerated,to deal with,deal-with-family,STRONG-TRUE,,,,,,,,,
"to eliminate these limitations, we design",False,Solving_problems_improvements_mitigation,LLMgenerated,to eliminate,eliminate-combined,STRONG-TRUE,,,,,,,,,
"to eliminate these limitations, we develop",False,Solving_problems_improvements_mitigation,LLMgenerated,to eliminate,eliminate-combined,STRONG-TRUE,,,,,,,,,
"to eliminate these limitations, we introduce",False,Solving_problems_improvements_mitigation,LLMgenerated,to eliminate,eliminate-combined,STRONG-TRUE,,,,,,,,,
"to eliminate these limitations, we present",False,Solving_problems_improvements_mitigation,LLMgenerated,to eliminate,eliminate-combined,STRONG-TRUE,,,,,,,,,
"to eliminate these limitations, we propose",False,Solving_problems_improvements_mitigation,LLMgenerated,to eliminate,eliminate-combined,STRONG-TRUE,,,,,,,,,
"to eliminate this issue, we design",False,Solving_problems_improvements_mitigation,LLMgenerated,to eliminate,eliminate-combined,STRONG-TRUE,,,,,,,,,
"to eliminate this issue, we develop",False,Solving_problems_improvements_mitigation,LLMgenerated,to eliminate,eliminate-combined,STRONG-TRUE,,,,,,,,,
"to eliminate this issue, we introduce",False,Solving_problems_improvements_mitigation,LLMgenerated,to eliminate,eliminate-combined,STRONG-TRUE,,,,,,,,,
"to eliminate this issue, we present",False,Solving_problems_improvements_mitigation,LLMgenerated,to eliminate,eliminate-combined,STRONG-TRUE,,,,,,,,,
"to eliminate this issue, we propose",False,Solving_problems_improvements_mitigation,LLMgenerated,to eliminate,eliminate-combined,STRONG-TRUE,,,,,,,,,
"to eliminate this limitation, we design",False,Solving_problems_improvements_mitigation,LLMgenerated,to eliminate,eliminate-combined,STRONG-TRUE,,,,,,,,,
"to eliminate this limitation, we develop",False,Solving_problems_improvements_mitigation,LLMgenerated,to eliminate,eliminate-combined,STRONG-TRUE,,,,,,,,,
"to eliminate this limitation, we introduce",False,Solving_problems_improvements_mitigation,LLMgenerated,to eliminate,eliminate-combined,STRONG-TRUE,,,,,,,,,
"to eliminate this limitation, we present",False,Solving_problems_improvements_mitigation,LLMgenerated,to eliminate,eliminate-combined,STRONG-TRUE,,,,,,,,,
"to eliminate this limitation, we propose",False,Solving_problems_improvements_mitigation,LLMgenerated,to eliminate,eliminate-combined,STRONG-TRUE,,,,,,,,,
"to eliminate this, we design",False,Solving_problems_improvements_mitigation,LLMgenerated,to eliminate,eliminate-combined,STRONG-TRUE,,,,,,,,,
"to eliminate this, we develop",False,Solving_problems_improvements_mitigation,LLMgenerated,to eliminate,eliminate-combined,STRONG-TRUE,,,,,,,,,
"to eliminate this, we introduce",False,Solving_problems_improvements_mitigation,LLMgenerated,to eliminate,eliminate-combined,STRONG-TRUE,,,,,,,,,
"to eliminate this, we present",False,Solving_problems_improvements_mitigation,LLMgenerated,to eliminate,eliminate-combined,STRONG-TRUE,,,,,,,,,
"to eliminate this, we propose",False,Solving_problems_improvements_mitigation,LLMgenerated,to eliminate,eliminate-combined,STRONG-TRUE,,,,,,,,,
eliminating these biases,False,Solving_problems_improvements_mitigation,LLMgenerated,to eliminate,eliminate-family,STRONG-TRUE,,,,,,,,,
eliminating these effects,False,Solving_problems_improvements_mitigation,LLMgenerated,to eliminate,eliminate-family,STRONG-TRUE,,,,,,,,,
eliminating these issues,False,Solving_problems_improvements_mitigation,LLMgenerated,to eliminate,eliminate-family,STRONG-TRUE,,,,,,,,,
eliminating these limitations,False,Solving_problems_improvements_mitigation,LLMgenerated,to eliminate,eliminate-family,STRONG-TRUE,,,,,,,,,
eliminating these points,False,Solving_problems_improvements_mitigation,LLMgenerated,to eliminate,eliminate-family,STRONG-TRUE,,,,,,,,,
eliminating these problems,False,Solving_problems_improvements_mitigation,LLMgenerated,to eliminate,eliminate-family,STRONG-TRUE,,,,,,,,,
eliminating these risks,False,Solving_problems_improvements_mitigation,LLMgenerated,to eliminate,eliminate-family,STRONG-TRUE,,,,,,,,,
eliminating this bias,False,Solving_problems_improvements_mitigation,LLMgenerated,to eliminate,eliminate-family,STRONG-TRUE,,,,,,,,,
eliminating this effect,False,Solving_problems_improvements_mitigation,LLMgenerated,to eliminate,eliminate-family,STRONG-TRUE,,,,,,,,,
eliminating this issue,False,Solving_problems_improvements_mitigation,LLMgenerated,to eliminate,eliminate-family,STRONG-TRUE,,,,,,,,,
eliminating this limitation,False,Solving_problems_improvements_mitigation,LLMgenerated,to eliminate,eliminate-family,STRONG-TRUE,,,,,,,,,
eliminating this point,False,Solving_problems_improvements_mitigation,LLMgenerated,to eliminate,eliminate-family,STRONG-TRUE,,,,,,,,,
eliminating this problem,False,Solving_problems_improvements_mitigation,LLMgenerated,to eliminate,eliminate-family,STRONG-TRUE,,,,,,,,,
eliminating this risk,False,Solving_problems_improvements_mitigation,LLMgenerated,to eliminate,eliminate-family,STRONG-TRUE,,,,,,,,,
eliminating those points,False,Solving_problems_improvements_mitigation,LLMgenerated,to eliminate,eliminate-family,STRONG-TRUE,,,,,,,,,
to eliminate the above,False,Solving_problems_improvements_mitigation,LLMgenerated,to eliminate,eliminate-family,STRONG-TRUE,,,,,,,,,
to eliminate the above limitations,False,Solving_problems_improvements_mitigation,LLMgenerated,to eliminate,eliminate-family,STRONG-TRUE,,,,,,,,,
to eliminate the aforementioned limitation,False,Solving_problems_improvements_mitigation,LLMgenerated,to eliminate,eliminate-family,STRONG-TRUE,,,,,,,,,
to eliminate the limitations of this approach,False,Solving_problems_improvements_mitigation,LLMgenerated,to eliminate,eliminate-family,STRONG-TRUE,,,,,,,,,
to eliminate these bias problems,False,Solving_problems_improvements_mitigation,LLMgenerated,to eliminate,eliminate-family,STRONG-TRUE,,,,,,,,,
to eliminate these biases,False,Solving_problems_improvements_mitigation,LLMgenerated,to eliminate,eliminate-family,STRONG-TRUE,,,,,,,,,
to eliminate these challenges,False,Solving_problems_improvements_mitigation,LLMgenerated,to eliminate,eliminate-family,STRONG-TRUE,,,,,,,,,
to eliminate these concerns,False,Solving_problems_improvements_mitigation,LLMgenerated,to eliminate,eliminate-family,STRONG-TRUE,,,,,,,,,
to eliminate these differences,False,Solving_problems_improvements_mitigation,LLMgenerated,to eliminate,eliminate-family,STRONG-TRUE,,,,,,,,,
to eliminate these effects,False,Solving_problems_improvements_mitigation,LLMgenerated,to eliminate,eliminate-family,STRONG-TRUE,,,,,,,,,
to eliminate these issues,False,Solving_problems_improvements_mitigation,LLMgenerated,to eliminate,eliminate-family,STRONG-TRUE,,,,,,,,,
to eliminate these limitations,False,Solving_problems_improvements_mitigation,LLMgenerated,to eliminate,eliminate-family,STRONG-TRUE,,,,,,,,,
to eliminate these points,False,Solving_problems_improvements_mitigation,LLMgenerated,to eliminate,eliminate-family,STRONG-TRUE,,,,,,,,,
to eliminate these possibilities,False,Solving_problems_improvements_mitigation,LLMgenerated,to eliminate,eliminate-family,STRONG-TRUE,,,,,,,,,
to eliminate these potential limitations,False,Solving_problems_improvements_mitigation,LLMgenerated,to eliminate,eliminate-family,STRONG-TRUE,,,,,,,,,
to eliminate these potential limitations and biases,False,Solving_problems_improvements_mitigation,LLMgenerated,to eliminate,eliminate-family,STRONG-TRUE,,,,,,,,,
to eliminate these risks,False,Solving_problems_improvements_mitigation,LLMgenerated,to eliminate,eliminate-family,STRONG-TRUE,,,,,,,,,
to eliminate these symptoms,False,Solving_problems_improvements_mitigation,LLMgenerated,to eliminate,eliminate-family,STRONG-TRUE,,,,,,,,,
to eliminate these threats,False,Solving_problems_improvements_mitigation,LLMgenerated,to eliminate,eliminate-family,STRONG-TRUE,,,,,,,,,
to eliminate this,False,Solving_problems_improvements_mitigation,LLMgenerated,to eliminate,eliminate-family,STRONG-TRUE,,,,,,,,,
to eliminate this bias,False,Solving_problems_improvements_mitigation,LLMgenerated,to eliminate,eliminate-family,STRONG-TRUE,,,,,,,,,
to eliminate this disease,False,Solving_problems_improvements_mitigation,LLMgenerated,to eliminate,eliminate-family,STRONG-TRUE,,,,,,,,,
to eliminate this effect,False,Solving_problems_improvements_mitigation,LLMgenerated,to eliminate,eliminate-family,STRONG-TRUE,,,,,,,,,
to eliminate this issue,False,Solving_problems_improvements_mitigation,LLMgenerated,to eliminate,eliminate-family,STRONG-TRUE,,,,,,,,,
to eliminate this limitation,False,Solving_problems_improvements_mitigation,LLMgenerated,to eliminate,eliminate-family,STRONG-TRUE,,,,,,,,,
to eliminate this point,False,Solving_problems_improvements_mitigation,LLMgenerated,to eliminate,eliminate-family,STRONG-TRUE,,,,,,,,,
to eliminate this possibility,False,Solving_problems_improvements_mitigation,LLMgenerated,to eliminate,eliminate-family,STRONG-TRUE,,,,,,,,,
to eliminate this problem,False,Solving_problems_improvements_mitigation,LLMgenerated,to eliminate,eliminate-family,STRONG-TRUE,,,,,,,,,
to eliminate this risk,False,Solving_problems_improvements_mitigation,LLMgenerated,to eliminate,eliminate-family,STRONG-TRUE,,,,,,,,,
to eliminate this symptom,False,Solving_problems_improvements_mitigation,LLMgenerated,to eliminate,eliminate-family,STRONG-TRUE,,,,,,,,,
to eliminate this threat,False,Solving_problems_improvements_mitigation,LLMgenerated,to eliminate,eliminate-family,STRONG-TRUE,,,,,,,,,
to eliminate those challenges,False,Solving_problems_improvements_mitigation,LLMgenerated,to eliminate,eliminate-family,STRONG-TRUE,,,,,,,,,
to eliminate those issues,False,Solving_problems_improvements_mitigation,LLMgenerated,to eliminate,eliminate-family,STRONG-TRUE,,,,,,,,,
to eliminate those limitations,False,Solving_problems_improvements_mitigation,LLMgenerated,to eliminate,eliminate-family,STRONG-TRUE,,,,,,,,,
to eliminate those points,False,Solving_problems_improvements_mitigation,LLMgenerated,to eliminate,eliminate-family,STRONG-TRUE,,,,,,,,,
to eliminate those problems,False,Solving_problems_improvements_mitigation,LLMgenerated,to eliminate,eliminate-family,STRONG-TRUE,,,,,,,,,
to eliminate those symptoms,False,Solving_problems_improvements_mitigation,LLMgenerated,to eliminate,eliminate-family,STRONG-TRUE,,,,,,,,,
to fight the above,False,Solving_problems_improvements_mitigation,LLMgenerated,to fight,fight-family,STRONG-TRUE,,,,,,,,,
to fight the aforementioned limitation,False,Solving_problems_improvements_mitigation,LLMgenerated,to fight,fight-family,STRONG-TRUE,,,,,,,,,
to fight these challenges,False,Solving_problems_improvements_mitigation,LLMgenerated,to fight,fight-family,STRONG-TRUE,,,,,,,,,
to fight these issues,False,Solving_problems_improvements_mitigation,LLMgenerated,to fight,fight-family,STRONG-TRUE,,,,,,,,,
to fight these limitations,False,Solving_problems_improvements_mitigation,LLMgenerated,to fight,fight-family,STRONG-TRUE,,,,,,,,,
to fight this,False,Solving_problems_improvements_mitigation,LLMgenerated,to fight,fight-family,STRONG-TRUE,,,,,,,,,
to fight this issue,False,Solving_problems_improvements_mitigation,LLMgenerated,to fight,fight-family,STRONG-TRUE,,,,,,,,,
to fight this limitation,False,Solving_problems_improvements_mitigation,LLMgenerated,to fight,fight-family,STRONG-TRUE,,,,,,,,,
to fight this problem,False,Solving_problems_improvements_mitigation,LLMgenerated,to fight,fight-family,STRONG-TRUE,,,,,,,,,
"to fix these limitations, we design",False,Solving_problems_improvements_mitigation,LLMgenerated,to fix,fix-combined,STRONG-TRUE,,,,,,,,,
"to fix these limitations, we develop",False,Solving_problems_improvements_mitigation,LLMgenerated,to fix,fix-combined,STRONG-TRUE,,,,,,,,,
"to fix these limitations, we introduce",False,Solving_problems_improvements_mitigation,LLMgenerated,to fix,fix-combined,STRONG-TRUE,,,,,,,,,
"to fix these limitations, we present",False,Solving_problems_improvements_mitigation,LLMgenerated,to fix,fix-combined,STRONG-TRUE,,,,,,,,,
"to fix these limitations, we propose",False,Solving_problems_improvements_mitigation,LLMgenerated,to fix,fix-combined,STRONG-TRUE,,,,,,,,,
"to fix this issue, we design",False,Solving_problems_improvements_mitigation,LLMgenerated,to fix,fix-combined,STRONG-TRUE,,,,,,,,,
"to fix this issue, we develop",False,Solving_problems_improvements_mitigation,LLMgenerated,to fix,fix-combined,STRONG-TRUE,,,,,,,,,
"to fix this issue, we introduce",False,Solving_problems_improvements_mitigation,LLMgenerated,to fix,fix-combined,STRONG-TRUE,,,,,,,,,
"to fix this issue, we present",False,Solving_problems_improvements_mitigation,LLMgenerated,to fix,fix-combined,STRONG-TRUE,,,,,,,,,
"to fix this issue, we propose",False,Solving_problems_improvements_mitigation,LLMgenerated,to fix,fix-combined,STRONG-TRUE,,,,,,,,,
"to fix this limitation, we design",False,Solving_problems_improvements_mitigation,LLMgenerated,to fix,fix-combined,STRONG-TRUE,,,,,,,,,
"to fix this limitation, we develop",False,Solving_problems_improvements_mitigation,LLMgenerated,to fix,fix-combined,STRONG-TRUE,,,,,,,,,
"to fix this limitation, we introduce",False,Solving_problems_improvements_mitigation,LLMgenerated,to fix,fix-combined,STRONG-TRUE,,,,,,,,,
"to fix this limitation, we present",False,Solving_problems_improvements_mitigation,LLMgenerated,to fix,fix-combined,STRONG-TRUE,,,,,,,,,
"to fix this limitation, we propose",False,Solving_problems_improvements_mitigation,LLMgenerated,to fix,fix-combined,STRONG-TRUE,,,,,,,,,
"to fix this, we design",False,Solving_problems_improvements_mitigation,LLMgenerated,to fix,fix-combined,STRONG-TRUE,,,,,,,,,
"to fix this, we develop",False,Solving_problems_improvements_mitigation,LLMgenerated,to fix,fix-combined,STRONG-TRUE,,,,,,,,,
"to fix this, we introduce",False,Solving_problems_improvements_mitigation,LLMgenerated,to fix,fix-combined,STRONG-TRUE,,,,,,,,,
"to fix this, we present",False,Solving_problems_improvements_mitigation,LLMgenerated,to fix,fix-combined,STRONG-TRUE,,,,,,,,,
"to fix this, we propose",False,Solving_problems_improvements_mitigation,LLMgenerated,to fix,fix-combined,STRONG-TRUE,,,,,,,,,
fixing these biases,False,Solving_problems_improvements_mitigation,LLMgenerated,to fix,fix-family,STRONG-TRUE,,,,,,,,,
fixing these effects,False,Solving_problems_improvements_mitigation,LLMgenerated,to fix,fix-family,STRONG-TRUE,,,,,,,,,
fixing these issues,False,Solving_problems_improvements_mitigation,LLMgenerated,to fix,fix-family,STRONG-TRUE,,,,,,,,,
fixing these limitations,False,Solving_problems_improvements_mitigation,LLMgenerated,to fix,fix-family,STRONG-TRUE,,,,,,,,,
fixing these points,False,Solving_problems_improvements_mitigation,LLMgenerated,to fix,fix-family,STRONG-TRUE,,,,,,,,,
fixing these problems,False,Solving_problems_improvements_mitigation,LLMgenerated,to fix,fix-family,STRONG-TRUE,,,,,,,,,
fixing these risks,False,Solving_problems_improvements_mitigation,LLMgenerated,to fix,fix-family,STRONG-TRUE,,,,,,,,,
fixing this bias,False,Solving_problems_improvements_mitigation,LLMgenerated,to fix,fix-family,STRONG-TRUE,,,,,,,,,
fixing this effect,False,Solving_problems_improvements_mitigation,LLMgenerated,to fix,fix-family,STRONG-TRUE,,,,,,,,,
fixing this issue,False,Solving_problems_improvements_mitigation,LLMgenerated,to fix,fix-family,STRONG-TRUE,,,,,,,,,
fixing this limitation,False,Solving_problems_improvements_mitigation,LLMgenerated,to fix,fix-family,STRONG-TRUE,,,,,,,,,
fixing this point,False,Solving_problems_improvements_mitigation,LLMgenerated,to fix,fix-family,STRONG-TRUE,,,,,,,,,
fixing this problem,False,Solving_problems_improvements_mitigation,LLMgenerated,to fix,fix-family,STRONG-TRUE,,,,,,,,,
fixing this risk,False,Solving_problems_improvements_mitigation,LLMgenerated,to fix,fix-family,STRONG-TRUE,,,,,,,,,
fixing those points,False,Solving_problems_improvements_mitigation,LLMgenerated,to fix,fix-family,STRONG-TRUE,,,,,,,,,
to fix the above,False,Solving_problems_improvements_mitigation,LLMgenerated,to fix,fix-family,STRONG-TRUE,,,,,,,,,
to fix the above limitations,False,Solving_problems_improvements_mitigation,LLMgenerated,to fix,fix-family,STRONG-TRUE,,,,,,,,,
to fix the aforementioned limitation,False,Solving_problems_improvements_mitigation,LLMgenerated,to fix,fix-family,STRONG-TRUE,,,,,,,,,
to fix the limitations of this approach,False,Solving_problems_improvements_mitigation,LLMgenerated,to fix,fix-family,STRONG-TRUE,,,,,,,,,
to fix these bias problems,False,Solving_problems_improvements_mitigation,LLMgenerated,to fix,fix-family,STRONG-TRUE,,,,,,,,,
to fix these biases,False,Solving_problems_improvements_mitigation,LLMgenerated,to fix,fix-family,STRONG-TRUE,,,,,,,,,
to fix these challenges,False,Solving_problems_improvements_mitigation,LLMgenerated,to fix,fix-family,STRONG-TRUE,,,,,,,,,
to fix these concerns,False,Solving_problems_improvements_mitigation,LLMgenerated,to fix,fix-family,STRONG-TRUE,,,,,,,,,
to fix these differences,False,Solving_problems_improvements_mitigation,LLMgenerated,to fix,fix-family,STRONG-TRUE,,,,,,,,,
to fix these effects,False,Solving_problems_improvements_mitigation,LLMgenerated,to fix,fix-family,STRONG-TRUE,,,,,,,,,
to fix these issues,False,Solving_problems_improvements_mitigation,LLMgenerated,to fix,fix-family,STRONG-TRUE,,,,,,,,,
to fix these limitations,False,Solving_problems_improvements_mitigation,LLMgenerated,to fix,fix-family,STRONG-TRUE,,,,,,,,,
to fix these points,False,Solving_problems_improvements_mitigation,LLMgenerated,to fix,fix-family,STRONG-TRUE,,,,,,,,,
to fix these possibilities,False,Solving_problems_improvements_mitigation,LLMgenerated,to fix,fix-family,STRONG-TRUE,,,,,,,,,
to fix these potential limitations,False,Solving_problems_improvements_mitigation,LLMgenerated,to fix,fix-family,STRONG-TRUE,,,,,,,,,
to fix these potential limitations and biases,False,Solving_problems_improvements_mitigation,LLMgenerated,to fix,fix-family,STRONG-TRUE,,,,,,,,,
to fix these risks,False,Solving_problems_improvements_mitigation,LLMgenerated,to fix,fix-family,STRONG-TRUE,,,,,,,,,
to fix these symptoms,False,Solving_problems_improvements_mitigation,LLMgenerated,to fix,fix-family,STRONG-TRUE,,,,,,,,,
to fix these threats,False,Solving_problems_improvements_mitigation,LLMgenerated,to fix,fix-family,STRONG-TRUE,,,,,,,,,
to fix this,False,Solving_problems_improvements_mitigation,LLMgenerated,to fix,fix-family,STRONG-TRUE,,,,,,,,,
to fix this bias,False,Solving_problems_improvements_mitigation,LLMgenerated,to fix,fix-family,STRONG-TRUE,,,,,,,,,
to fix this disease,False,Solving_problems_improvements_mitigation,LLMgenerated,to fix,fix-family,STRONG-TRUE,,,,,,,,,
to fix this effect,False,Solving_problems_improvements_mitigation,LLMgenerated,to fix,fix-family,STRONG-TRUE,,,,,,,,,
to fix this issue,False,Solving_problems_improvements_mitigation,LLMgenerated,to fix,fix-family,STRONG-TRUE,,,,,,,,,
to fix this limitation,False,Solving_problems_improvements_mitigation,LLMgenerated,to fix,fix-family,STRONG-TRUE,,,,,,,,,
to fix this point,False,Solving_problems_improvements_mitigation,LLMgenerated,to fix,fix-family,STRONG-TRUE,,,,,,,,,
to fix this possibility,False,Solving_problems_improvements_mitigation,LLMgenerated,to fix,fix-family,STRONG-TRUE,,,,,,,,,
to fix this problem,False,Solving_problems_improvements_mitigation,LLMgenerated,to fix,fix-family,STRONG-TRUE,,,,,,,,,
to fix this risk,False,Solving_problems_improvements_mitigation,LLMgenerated,to fix,fix-family,STRONG-TRUE,,,,,,,,,
to fix this symptom,False,Solving_problems_improvements_mitigation,LLMgenerated,to fix,fix-family,STRONG-TRUE,,,,,,,,,
to fix this threat,False,Solving_problems_improvements_mitigation,LLMgenerated,to fix,fix-family,STRONG-TRUE,,,,,,,,,
to fix those challenges,False,Solving_problems_improvements_mitigation,LLMgenerated,to fix,fix-family,STRONG-TRUE,,,,,,,,,
to fix those issues,False,Solving_problems_improvements_mitigation,LLMgenerated,to fix,fix-family,STRONG-TRUE,,,,,,,,,
to fix those limitations,False,Solving_problems_improvements_mitigation,LLMgenerated,to fix,fix-family,STRONG-TRUE,,,,,,,,,
to fix those points,False,Solving_problems_improvements_mitigation,LLMgenerated,to fix,fix-family,STRONG-TRUE,,,,,,,,,
to fix those problems,False,Solving_problems_improvements_mitigation,LLMgenerated,to fix,fix-family,STRONG-TRUE,,,,,,,,,
to fix those symptoms,False,Solving_problems_improvements_mitigation,LLMgenerated,to fix,fix-family,STRONG-TRUE,,,,,,,,,
to bridge the gap,False,Solving_problems_improvements_mitigation,LLMgenerated,to bridge,gap-family,STRONG-TRUE,,,,,,,,,
to bridge these gaps,False,Solving_problems_improvements_mitigation,LLMgenerated,to bridge,gap-family,STRONG-TRUE,,,,,,,,,
to bridge this gap,False,Solving_problems_improvements_mitigation,LLMgenerated,to bridge,gap-family,STRONG-TRUE,,,,,,,,,
to close the gap,False,Solving_problems_improvements_mitigation,LLMgenerated,to close,gap-family,STRONG-TRUE,,,,,,,,,
to close these gaps,False,Solving_problems_improvements_mitigation,LLMgenerated,to close,gap-family,STRONG-TRUE,,,,,,,,,
to close this gap,False,Solving_problems_improvements_mitigation,LLMgenerated,to close,gap-family,STRONG-TRUE,,,,,,,,,
to fill the gap,False,Solving_problems_improvements_mitigation,LLMgenerated,to fill,gap-family,STRONG-TRUE,,,,,,,,,
to fill these gaps,False,Solving_problems_improvements_mitigation,LLMgenerated,to fill,gap-family,STRONG-TRUE,,,,,,,,,
to fill this gap,False,Solving_problems_improvements_mitigation,LLMgenerated,to fill,gap-family,STRONG-TRUE,,,,,,,,,
to narrow the gap,False,Solving_problems_improvements_mitigation,LLMgenerated,to narrow,gap-family,STRONG-TRUE,,,,,,,,,
to narrow these gaps,False,Solving_problems_improvements_mitigation,LLMgenerated,to narrow,gap-family,STRONG-TRUE,,,,,,,,,
to narrow this gap,False,Solving_problems_improvements_mitigation,LLMgenerated,to narrow,gap-family,STRONG-TRUE,,,,,,,,,
to get around the above,False,Solving_problems_improvements_mitigation,LLMgenerated,to get around,get-around-family,STRONG-TRUE,,,,,,,,,
to get around the aforementioned limitation,False,Solving_problems_improvements_mitigation,LLMgenerated,to get around,get-around-family,STRONG-TRUE,,,,,,,,,
to get around these challenges,False,Solving_problems_improvements_mitigation,LLMgenerated,to get around,get-around-family,STRONG-TRUE,,,,,,,,,
to get around these issues,False,Solving_problems_improvements_mitigation,LLMgenerated,to get around,get-around-family,STRONG-TRUE,,,,,,,,,
to get around these limitations,False,Solving_problems_improvements_mitigation,LLMgenerated,to get around,get-around-family,STRONG-TRUE,,,,,,,,,
to get around this,False,Solving_problems_improvements_mitigation,LLMgenerated,to get around,get-around-family,STRONG-TRUE,,,,,,,,,
to get around this issue,False,Solving_problems_improvements_mitigation,LLMgenerated,to get around,get-around-family,STRONG-TRUE,,,,,,,,,
to get around this limitation,False,Solving_problems_improvements_mitigation,LLMgenerated,to get around,get-around-family,STRONG-TRUE,,,,,,,,,
to get around this problem,False,Solving_problems_improvements_mitigation,LLMgenerated,to get around,get-around-family,STRONG-TRUE,,,,,,,,,
"to handle these limitations, we design",False,Solving_problems_improvements_mitigation,LLMgenerated,to handle,handle-combined,STRONG-TRUE,,,,,,,,,
"to handle these limitations, we develop",False,Solving_problems_improvements_mitigation,LLMgenerated,to handle,handle-combined,STRONG-TRUE,,,,,,,,,
"to handle these limitations, we introduce",False,Solving_problems_improvements_mitigation,LLMgenerated,to handle,handle-combined,STRONG-TRUE,,,,,,,,,
"to handle these limitations, we present",False,Solving_problems_improvements_mitigation,LLMgenerated,to handle,handle-combined,STRONG-TRUE,,,,,,,,,
"to handle these limitations, we propose",False,Solving_problems_improvements_mitigation,LLMgenerated,to handle,handle-combined,STRONG-TRUE,,,,,,,,,
"to handle this issue, we design",False,Solving_problems_improvements_mitigation,LLMgenerated,to handle,handle-combined,STRONG-TRUE,,,,,,,,,
"to handle this issue, we develop",False,Solving_problems_improvements_mitigation,LLMgenerated,to handle,handle-combined,STRONG-TRUE,,,,,,,,,
"to handle this issue, we introduce",False,Solving_problems_improvements_mitigation,LLMgenerated,to handle,handle-combined,STRONG-TRUE,,,,,,,,,
"to handle this issue, we present",False,Solving_problems_improvements_mitigation,LLMgenerated,to handle,handle-combined,STRONG-TRUE,,,,,,,,,
"to handle this issue, we propose",False,Solving_problems_improvements_mitigation,LLMgenerated,to handle,handle-combined,STRONG-TRUE,,,,,,,,,
"to handle this limitation, we design",False,Solving_problems_improvements_mitigation,LLMgenerated,to handle,handle-combined,STRONG-TRUE,,,,,,,,,
"to handle this limitation, we develop",False,Solving_problems_improvements_mitigation,LLMgenerated,to handle,handle-combined,STRONG-TRUE,,,,,,,,,
"to handle this limitation, we introduce",False,Solving_problems_improvements_mitigation,LLMgenerated,to handle,handle-combined,STRONG-TRUE,,,,,,,,,
"to handle this limitation, we present",False,Solving_problems_improvements_mitigation,LLMgenerated,to handle,handle-combined,STRONG-TRUE,,,,,,,,,
"to handle this limitation, we propose",False,Solving_problems_improvements_mitigation,LLMgenerated,to handle,handle-combined,STRONG-TRUE,,,,,,,,,
"to handle this, we design",False,Solving_problems_improvements_mitigation,LLMgenerated,to handle,handle-combined,STRONG-TRUE,,,,,,,,,
"to handle this, we develop",False,Solving_problems_improvements_mitigation,LLMgenerated,to handle,handle-combined,STRONG-TRUE,,,,,,,,,
"to handle this, we introduce",False,Solving_problems_improvements_mitigation,LLMgenerated,to handle,handle-combined,STRONG-TRUE,,,,,,,,,
"to handle this, we present",False,Solving_problems_improvements_mitigation,LLMgenerated,to handle,handle-combined,STRONG-TRUE,,,,,,,,,
"to handle this, we propose",False,Solving_problems_improvements_mitigation,LLMgenerated,to handle,handle-combined,STRONG-TRUE,,,,,,,,,
handling these biases,False,Solving_problems_improvements_mitigation,LLMgenerated,to handle,handle-family,STRONG-TRUE,,,,,,,,,
handling these effects,False,Solving_problems_improvements_mitigation,LLMgenerated,to handle,handle-family,STRONG-TRUE,,,,,,,,,
handling these issues,False,Solving_problems_improvements_mitigation,LLMgenerated,to handle,handle-family,STRONG-TRUE,,,,,,,,,
handling these limitations,False,Solving_problems_improvements_mitigation,LLMgenerated,to handle,handle-family,STRONG-TRUE,,,,,,,,,
handling these points,False,Solving_problems_improvements_mitigation,LLMgenerated,to handle,handle-family,STRONG-TRUE,,,,,,,,,
handling these problems,False,Solving_problems_improvements_mitigation,LLMgenerated,to handle,handle-family,STRONG-TRUE,,,,,,,,,
handling these risks,False,Solving_problems_improvements_mitigation,LLMgenerated,to handle,handle-family,STRONG-TRUE,,,,,,,,,
handling this bias,False,Solving_problems_improvements_mitigation,LLMgenerated,to handle,handle-family,STRONG-TRUE,,,,,,,,,
handling this effect,False,Solving_problems_improvements_mitigation,LLMgenerated,to handle,handle-family,STRONG-TRUE,,,,,,,,,
handling this issue,False,Solving_problems_improvements_mitigation,LLMgenerated,to handle,handle-family,STRONG-TRUE,,,,,,,,,
handling this limitation,False,Solving_problems_improvements_mitigation,LLMgenerated,to handle,handle-family,STRONG-TRUE,,,,,,,,,
handling this point,False,Solving_problems_improvements_mitigation,LLMgenerated,to handle,handle-family,STRONG-TRUE,,,,,,,,,
handling this problem,False,Solving_problems_improvements_mitigation,LLMgenerated,to handle,handle-family,STRONG-TRUE,,,,,,,,,
handling this risk,False,Solving_problems_improvements_mitigation,LLMgenerated,to handle,handle-family,STRONG-TRUE,,,,,,,,,
handling those points,False,Solving_problems_improvements_mitigation,LLMgenerated,to handle,handle-family,STRONG-TRUE,,,,,,,,,
to handle the above,False,Solving_problems_improvements_mitigation,LLMgenerated,to handle,handle-family,STRONG-TRUE,,,,,,,,,
to handle the above limitations,False,Solving_problems_improvements_mitigation,LLMgenerated,to handle,handle-family,STRONG-TRUE,,,,,,,,,
to handle the aforementioned limitation,False,Solving_problems_improvements_mitigation,LLMgenerated,to handle,handle-family,STRONG-TRUE,,,,,,,,,
to handle the limitations of this approach,False,Solving_problems_improvements_mitigation,LLMgenerated,to handle,handle-family,STRONG-TRUE,,,,,,,,,
to handle these bias problems,False,Solving_problems_improvements_mitigation,LLMgenerated,to handle,handle-family,STRONG-TRUE,,,,,,,,,
to handle these biases,False,Solving_problems_improvements_mitigation,LLMgenerated,to handle,handle-family,STRONG-TRUE,,,,,,,,,
to handle these challenges,False,Solving_problems_improvements_mitigation,LLMgenerated,to handle,handle-family,STRONG-TRUE,,,,,,,,,
to handle these concerns,False,Solving_problems_improvements_mitigation,LLMgenerated,to handle,handle-family,STRONG-TRUE,,,,,,,,,
to handle these differences,False,Solving_problems_improvements_mitigation,LLMgenerated,to handle,handle-family,STRONG-TRUE,,,,,,,,,
to handle these effects,False,Solving_problems_improvements_mitigation,LLMgenerated,to handle,handle-family,STRONG-TRUE,,,,,,,,,
to handle these issues,False,Solving_problems_improvements_mitigation,LLMgenerated,to handle,handle-family,STRONG-TRUE,,,,,,,,,
to handle these limitations,False,Solving_problems_improvements_mitigation,LLMgenerated,to handle,handle-family,STRONG-TRUE,,,,,,,,,
to handle these points,False,Solving_problems_improvements_mitigation,LLMgenerated,to handle,handle-family,STRONG-TRUE,,,,,,,,,
to handle these possibilities,False,Solving_problems_improvements_mitigation,LLMgenerated,to handle,handle-family,STRONG-TRUE,,,,,,,,,
to handle these potential limitations,False,Solving_problems_improvements_mitigation,LLMgenerated,to handle,handle-family,STRONG-TRUE,,,,,,,,,
to handle these potential limitations and biases,False,Solving_problems_improvements_mitigation,LLMgenerated,to handle,handle-family,STRONG-TRUE,,,,,,,,,
to handle these risks,False,Solving_problems_improvements_mitigation,LLMgenerated,to handle,handle-family,STRONG-TRUE,,,,,,,,,
to handle these symptoms,False,Solving_problems_improvements_mitigation,LLMgenerated,to handle,handle-family,STRONG-TRUE,,,,,,,,,
to handle these threats,False,Solving_problems_improvements_mitigation,LLMgenerated,to handle,handle-family,STRONG-TRUE,,,,,,,,,
to handle this,False,Solving_problems_improvements_mitigation,LLMgenerated,to handle,handle-family,STRONG-TRUE,,,,,,,,,
to handle this bias,False,Solving_problems_improvements_mitigation,LLMgenerated,to handle,handle-family,STRONG-TRUE,,,,,,,,,
to handle this disease,False,Solving_problems_improvements_mitigation,LLMgenerated,to handle,handle-family,STRONG-TRUE,,,,,,,,,
to handle this effect,False,Solving_problems_improvements_mitigation,LLMgenerated,to handle,handle-family,STRONG-TRUE,,,,,,,,,
to handle this issue,False,Solving_problems_improvements_mitigation,LLMgenerated,to handle,handle-family,STRONG-TRUE,,,,,,,,,
to handle this limitation,False,Solving_problems_improvements_mitigation,LLMgenerated,to handle,handle-family,STRONG-TRUE,,,,,,,,,
to handle this point,False,Solving_problems_improvements_mitigation,LLMgenerated,to handle,handle-family,STRONG-TRUE,,,,,,,,,
to handle this possibility,False,Solving_problems_improvements_mitigation,LLMgenerated,to handle,handle-family,STRONG-TRUE,,,,,,,,,
to handle this problem,False,Solving_problems_improvements_mitigation,LLMgenerated,to handle,handle-family,STRONG-TRUE,,,,,,,,,
to handle this risk,False,Solving_problems_improvements_mitigation,LLMgenerated,to handle,handle-family,STRONG-TRUE,,,,,,,,,
to handle this symptom,False,Solving_problems_improvements_mitigation,LLMgenerated,to handle,handle-family,STRONG-TRUE,,,,,,,,,
to handle this threat,False,Solving_problems_improvements_mitigation,LLMgenerated,to handle,handle-family,STRONG-TRUE,,,,,,,,,
to handle those challenges,False,Solving_problems_improvements_mitigation,LLMgenerated,to handle,handle-family,STRONG-TRUE,,,,,,,,,
to handle those issues,False,Solving_problems_improvements_mitigation,LLMgenerated,to handle,handle-family,STRONG-TRUE,,,,,,,,,
to handle those limitations,False,Solving_problems_improvements_mitigation,LLMgenerated,to handle,handle-family,STRONG-TRUE,,,,,,,,,
to handle those points,False,Solving_problems_improvements_mitigation,LLMgenerated,to handle,handle-family,STRONG-TRUE,,,,,,,,,
to handle those problems,False,Solving_problems_improvements_mitigation,LLMgenerated,to handle,handle-family,STRONG-TRUE,,,,,,,,,
to handle those symptoms,False,Solving_problems_improvements_mitigation,LLMgenerated,to handle,handle-family,STRONG-TRUE,,,,,,,,,
to heal these challenges,False,Solving_problems_improvements_mitigation,LLMgenerated,to heal,heal-family,STRONG-TRUE,,,,,,,,,
to heal these conditions,False,Solving_problems_improvements_mitigation,LLMgenerated,to heal,heal-family,STRONG-TRUE,,,,,,,,,
to heal these effects,False,Solving_problems_improvements_mitigation,LLMgenerated,to heal,heal-family,STRONG-TRUE,,,,,,,,,
to heal these issues,False,Solving_problems_improvements_mitigation,LLMgenerated,to heal,heal-family,STRONG-TRUE,,,,,,,,,
to heal these limitations,False,Solving_problems_improvements_mitigation,LLMgenerated,to heal,heal-family,STRONG-TRUE,,,,,,,,,
to heal these problems,False,Solving_problems_improvements_mitigation,LLMgenerated,to heal,heal-family,STRONG-TRUE,,,,,,,,,
to heal these symptoms,False,Solving_problems_improvements_mitigation,LLMgenerated,to heal,heal-family,STRONG-TRUE,,,,,,,,,
to heal this,False,Solving_problems_improvements_mitigation,LLMgenerated,to heal,heal-family,STRONG-TRUE,,,,,,,,,
to heal this challenge,False,Solving_problems_improvements_mitigation,LLMgenerated,to heal,heal-family,STRONG-TRUE,,,,,,,,,
to heal this condition,False,Solving_problems_improvements_mitigation,LLMgenerated,to heal,heal-family,STRONG-TRUE,,,,,,,,,
to heal this disease,False,Solving_problems_improvements_mitigation,LLMgenerated,to heal,heal-family,STRONG-TRUE,,,,,,,,,
to heal this effect,False,Solving_problems_improvements_mitigation,LLMgenerated,to heal,heal-family,STRONG-TRUE,,,,,,,,,
to heal this issue,False,Solving_problems_improvements_mitigation,LLMgenerated,to heal,heal-family,STRONG-TRUE,,,,,,,,,
to heal this limitation,False,Solving_problems_improvements_mitigation,LLMgenerated,to heal,heal-family,STRONG-TRUE,,,,,,,,,
to heal this problem,False,Solving_problems_improvements_mitigation,LLMgenerated,to heal,heal-family,STRONG-TRUE,,,,,,,,,
to heal this symptom,False,Solving_problems_improvements_mitigation,LLMgenerated,to heal,heal-family,STRONG-TRUE,,,,,,,,,
to heal those issues,False,Solving_problems_improvements_mitigation,LLMgenerated,to heal,heal-family,STRONG-TRUE,,,,,,,,,
to heal those problems,False,Solving_problems_improvements_mitigation,LLMgenerated,to heal,heal-family,STRONG-TRUE,,,,,,,,,
to heal those symptoms,False,Solving_problems_improvements_mitigation,LLMgenerated,to heal,heal-family,STRONG-TRUE,,,,,,,,,
to better address this,False,Solving_problems_improvements_mitigation,LLMgenerated,to address (hedged),hedged-anaphoric,STRONG-TRUE,,,,,,,,,
to better alleviate this,False,Solving_problems_improvements_mitigation,LLMgenerated,to alleviate (hedged),hedged-anaphoric,STRONG-TRUE,,,,,,,,,
to better mitigate this,False,Solving_problems_improvements_mitigation,LLMgenerated,to mitigate (hedged),hedged-anaphoric,STRONG-TRUE,,,,,,,,,
to better overcome this,False,Solving_problems_improvements_mitigation,LLMgenerated,to overcome (hedged),hedged-anaphoric,STRONG-TRUE,,,,,,,,,
to better solve this,False,Solving_problems_improvements_mitigation,LLMgenerated,to solve (hedged),hedged-anaphoric,STRONG-TRUE,,,,,,,,,
to better tackle this,False,Solving_problems_improvements_mitigation,LLMgenerated,to tackle (hedged),hedged-anaphoric,STRONG-TRUE,,,,,,,,,
to directly address this,False,Solving_problems_improvements_mitigation,LLMgenerated,to address (hedged),hedged-anaphoric,STRONG-TRUE,,,,,,,,,
to directly alleviate this,False,Solving_problems_improvements_mitigation,LLMgenerated,to alleviate (hedged),hedged-anaphoric,STRONG-TRUE,,,,,,,,,
to directly mitigate this,False,Solving_problems_improvements_mitigation,LLMgenerated,to mitigate (hedged),hedged-anaphoric,STRONG-TRUE,,,,,,,,,
to directly overcome this,False,Solving_problems_improvements_mitigation,LLMgenerated,to overcome (hedged),hedged-anaphoric,STRONG-TRUE,,,,,,,,,
to directly solve this,False,Solving_problems_improvements_mitigation,LLMgenerated,to solve (hedged),hedged-anaphoric,STRONG-TRUE,,,,,,,,,
to directly tackle this,False,Solving_problems_improvements_mitigation,LLMgenerated,to tackle (hedged),hedged-anaphoric,STRONG-TRUE,,,,,,,,,
to effectively address this,False,Solving_problems_improvements_mitigation,LLMgenerated,to address (hedged),hedged-anaphoric,STRONG-TRUE,,,,,,,,,
to effectively alleviate this,False,Solving_problems_improvements_mitigation,LLMgenerated,to alleviate (hedged),hedged-anaphoric,STRONG-TRUE,,,,,,,,,
to effectively mitigate this,False,Solving_problems_improvements_mitigation,LLMgenerated,to mitigate (hedged),hedged-anaphoric,STRONG-TRUE,,,,,,,,,
to effectively overcome this,False,Solving_problems_improvements_mitigation,LLMgenerated,to overcome (hedged),hedged-anaphoric,STRONG-TRUE,,,,,,,,,
to effectively solve this,False,Solving_problems_improvements_mitigation,LLMgenerated,to solve (hedged),hedged-anaphoric,STRONG-TRUE,,,,,,,,,
to effectively tackle this,False,Solving_problems_improvements_mitigation,LLMgenerated,to tackle (hedged),hedged-anaphoric,STRONG-TRUE,,,,,,,,,
to fully address this,False,Solving_problems_improvements_mitigation,LLMgenerated,to address (hedged),hedged-anaphoric,STRONG-TRUE,,,,,,,,,
to fully alleviate this,False,Solving_problems_improvements_mitigation,LLMgenerated,to alleviate (hedged),hedged-anaphoric,STRONG-TRUE,,,,,,,,,
to fully mitigate this,False,Solving_problems_improvements_mitigation,LLMgenerated,to mitigate (hedged),hedged-anaphoric,STRONG-TRUE,,,,,,,,,
to fully overcome this,False,Solving_problems_improvements_mitigation,LLMgenerated,to overcome (hedged),hedged-anaphoric,STRONG-TRUE,,,,,,,,,
to fully solve this,False,Solving_problems_improvements_mitigation,LLMgenerated,to solve (hedged),hedged-anaphoric,STRONG-TRUE,,,,,,,,,
to fully tackle this,False,Solving_problems_improvements_mitigation,LLMgenerated,to tackle (hedged),hedged-anaphoric,STRONG-TRUE,,,,,,,,,
to further address this,False,Solving_problems_improvements_mitigation,LLMgenerated,to address (hedged),hedged-anaphoric,STRONG-TRUE,,,,,,,,,
to further alleviate this,False,Solving_problems_improvements_mitigation,LLMgenerated,to alleviate (hedged),hedged-anaphoric,STRONG-TRUE,,,,,,,,,
to further mitigate this,False,Solving_problems_improvements_mitigation,LLMgenerated,to mitigate (hedged),hedged-anaphoric,STRONG-TRUE,,,,,,,,,
to further overcome this,False,Solving_problems_improvements_mitigation,LLMgenerated,to overcome (hedged),hedged-anaphoric,STRONG-TRUE,,,,,,,,,
to further solve this,False,Solving_problems_improvements_mitigation,LLMgenerated,to solve (hedged),hedged-anaphoric,STRONG-TRUE,,,,,,,,,
to further tackle this,False,Solving_problems_improvements_mitigation,LLMgenerated,to tackle (hedged),hedged-anaphoric,STRONG-TRUE,,,,,,,,,
to partially address this,False,Solving_problems_improvements_mitigation,LLMgenerated,to address (hedged),hedged-anaphoric,STRONG-TRUE,,,,,,,,,
to partially alleviate this,False,Solving_problems_improvements_mitigation,LLMgenerated,to alleviate (hedged),hedged-anaphoric,STRONG-TRUE,,,,,,,,,
to partially mitigate this,False,Solving_problems_improvements_mitigation,LLMgenerated,to mitigate (hedged),hedged-anaphoric,STRONG-TRUE,,,,,,,,,
to partially overcome this,False,Solving_problems_improvements_mitigation,LLMgenerated,to overcome (hedged),hedged-anaphoric,STRONG-TRUE,,,,,,,,,
to partially solve this,False,Solving_problems_improvements_mitigation,LLMgenerated,to solve (hedged),hedged-anaphoric,STRONG-TRUE,,,,,,,,,
to partially tackle this,False,Solving_problems_improvements_mitigation,LLMgenerated,to tackle (hedged),hedged-anaphoric,STRONG-TRUE,,,,,,,,,
in order to address these limitations,False,Solving_problems_improvements_mitigation,LLMgenerated,in order to address,in-order-to-family,STRONG-TRUE,,,,,,,,,
in order to address this,False,Solving_problems_improvements_mitigation,LLMgenerated,in order to address,in-order-to-family,STRONG-TRUE,,,,,,,,,
in order to address this issue,False,Solving_problems_improvements_mitigation,LLMgenerated,in order to address,in-order-to-family,STRONG-TRUE,,,,,,,,,
in order to address this limitation,False,Solving_problems_improvements_mitigation,LLMgenerated,in order to address,in-order-to-family,STRONG-TRUE,,,,,,,,,
in order to alleviate these limitations,False,Solving_problems_improvements_mitigation,LLMgenerated,in order to alleviate,in-order-to-family,STRONG-TRUE,,,,,,,,,
in order to alleviate this,False,Solving_problems_improvements_mitigation,LLMgenerated,in order to alleviate,in-order-to-family,STRONG-TRUE,,,,,,,,,
in order to alleviate this issue,False,Solving_problems_improvements_mitigation,LLMgenerated,in order to alleviate,in-order-to-family,STRONG-TRUE,,,,,,,,,
in order to alleviate this limitation,False,Solving_problems_improvements_mitigation,LLMgenerated,in order to alleviate,in-order-to-family,STRONG-TRUE,,,,,,,,,
in order to avoid these limitations,False,Solving_problems_improvements_mitigation,LLMgenerated,in order to avoid,in-order-to-family,STRONG-TRUE,,,,,,,,,
in order to avoid this,False,Solving_problems_improvements_mitigation,LLMgenerated,in order to avoid,in-order-to-family,STRONG-TRUE,,,,,,,,,
in order to avoid this issue,False,Solving_problems_improvements_mitigation,LLMgenerated,in order to avoid,in-order-to-family,STRONG-TRUE,,,,,,,,,
in order to avoid this limitation,False,Solving_problems_improvements_mitigation,LLMgenerated,in order to avoid,in-order-to-family,STRONG-TRUE,,,,,,,,,
in order to bypass these limitations,False,Solving_problems_improvements_mitigation,LLMgenerated,in order to bypass,in-order-to-family,STRONG-TRUE,,,,,,,,,
in order to bypass this,False,Solving_problems_improvements_mitigation,LLMgenerated,in order to bypass,in-order-to-family,STRONG-TRUE,,,,,,,,,
in order to bypass this issue,False,Solving_problems_improvements_mitigation,LLMgenerated,in order to bypass,in-order-to-family,STRONG-TRUE,,,,,,,,,
in order to bypass this limitation,False,Solving_problems_improvements_mitigation,LLMgenerated,in order to bypass,in-order-to-family,STRONG-TRUE,,,,,,,,,
in order to circumvent these limitations,False,Solving_problems_improvements_mitigation,LLMgenerated,in order to circumvent,in-order-to-family,STRONG-TRUE,,,,,,,,,
in order to circumvent this,False,Solving_problems_improvements_mitigation,LLMgenerated,in order to circumvent,in-order-to-family,STRONG-TRUE,,,,,,,,,
in order to circumvent this issue,False,Solving_problems_improvements_mitigation,LLMgenerated,in order to circumvent,in-order-to-family,STRONG-TRUE,,,,,,,,,
in order to circumvent this limitation,False,Solving_problems_improvements_mitigation,LLMgenerated,in order to circumvent,in-order-to-family,STRONG-TRUE,,,,,,,,,
in order to combat these limitations,False,Solving_problems_improvements_mitigation,LLMgenerated,in order to combat,in-order-to-family,STRONG-TRUE,,,,,,,,,
in order to combat this,False,Solving_problems_improvements_mitigation,LLMgenerated,in order to combat,in-order-to-family,STRONG-TRUE,,,,,,,,,
in order to combat this issue,False,Solving_problems_improvements_mitigation,LLMgenerated,in order to combat,in-order-to-family,STRONG-TRUE,,,,,,,,,
in order to combat this limitation,False,Solving_problems_improvements_mitigation,LLMgenerated,in order to combat,in-order-to-family,STRONG-TRUE,,,,,,,,,
in order to counter these limitations,False,Solving_problems_improvements_mitigation,LLMgenerated,in order to counter,in-order-to-family,STRONG-TRUE,,,,,,,,,
in order to counter this,False,Solving_problems_improvements_mitigation,LLMgenerated,in order to counter,in-order-to-family,STRONG-TRUE,,,,,,,,,
in order to counter this issue,False,Solving_problems_improvements_mitigation,LLMgenerated,in order to counter,in-order-to-family,STRONG-TRUE,,,,,,,,,
in order to counter this limitation,False,Solving_problems_improvements_mitigation,LLMgenerated,in order to counter,in-order-to-family,STRONG-TRUE,,,,,,,,,
in order to counteract these limitations,False,Solving_problems_improvements_mitigation,LLMgenerated,in order to counteract,in-order-to-family,STRONG-TRUE,,,,,,,,,
in order to counteract this,False,Solving_problems_improvements_mitigation,LLMgenerated,in order to counteract,in-order-to-family,STRONG-TRUE,,,,,,,,,
in order to counteract this issue,False,Solving_problems_improvements_mitigation,LLMgenerated,in order to counteract,in-order-to-family,STRONG-TRUE,,,,,,,,,
in order to counteract this limitation,False,Solving_problems_improvements_mitigation,LLMgenerated,in order to counteract,in-order-to-family,STRONG-TRUE,,,,,,,,,
in order to eliminate these limitations,False,Solving_problems_improvements_mitigation,LLMgenerated,in order to eliminate,in-order-to-family,STRONG-TRUE,,,,,,,,,
in order to eliminate this,False,Solving_problems_improvements_mitigation,LLMgenerated,in order to eliminate,in-order-to-family,STRONG-TRUE,,,,,,,,,
in order to eliminate this issue,False,Solving_problems_improvements_mitigation,LLMgenerated,in order to eliminate,in-order-to-family,STRONG-TRUE,,,,,,,,,
in order to eliminate this limitation,False,Solving_problems_improvements_mitigation,LLMgenerated,in order to eliminate,in-order-to-family,STRONG-TRUE,,,,,,,,,
in order to fix these limitations,False,Solving_problems_improvements_mitigation,LLMgenerated,in order to fix,in-order-to-family,STRONG-TRUE,,,,,,,,,
in order to fix this,False,Solving_problems_improvements_mitigation,LLMgenerated,in order to fix,in-order-to-family,STRONG-TRUE,,,,,,,,,
in order to fix this issue,False,Solving_problems_improvements_mitigation,LLMgenerated,in order to fix,in-order-to-family,STRONG-TRUE,,,,,,,,,
in order to fix this limitation,False,Solving_problems_improvements_mitigation,LLMgenerated,in order to fix,in-order-to-family,STRONG-TRUE,,,,,,,,,
in order to handle these limitations,False,Solving_problems_improvements_mitigation,LLMgenerated,in order to handle,in-order-to-family,STRONG-TRUE,,,,,,,,,
in order to handle this,False,Solving_problems_improvements_mitigation,LLMgenerated,in order to handle,in-order-to-family,STRONG-TRUE,,,,,,,,,
in order to handle this issue,False,Solving_problems_improvements_mitigation,LLMgenerated,in order to handle,in-order-to-family,STRONG-TRUE,,,,,,,,,
in order to handle this limitation,False,Solving_problems_improvements_mitigation,LLMgenerated,in order to handle,in-order-to-family,STRONG-TRUE,,,,,,,,,
in order to mitigate these limitations,False,Solving_problems_improvements_mitigation,LLMgenerated,in order to mitigate,in-order-to-family,STRONG-TRUE,,,,,,,,,
in order to mitigate this,False,Solving_problems_improvements_mitigation,LLMgenerated,in order to mitigate,in-order-to-family,STRONG-TRUE,,,,,,,,,
in order to mitigate this issue,False,Solving_problems_improvements_mitigation,LLMgenerated,in order to mitigate,in-order-to-family,STRONG-TRUE,,,,,,,,,
in order to mitigate this limitation,False,Solving_problems_improvements_mitigation,LLMgenerated,in order to mitigate,in-order-to-family,STRONG-TRUE,,,,,,,,,
in order to overcome these limitations,False,Solving_problems_improvements_mitigation,LLMgenerated,in order to overcome,in-order-to-family,STRONG-TRUE,,,,,,,,,
in order to overcome this,False,Solving_problems_improvements_mitigation,LLMgenerated,in order to overcome,in-order-to-family,STRONG-TRUE,,,,,,,,,
in order to overcome this issue,False,Solving_problems_improvements_mitigation,LLMgenerated,in order to overcome,in-order-to-family,STRONG-TRUE,,,,,,,,,
in order to overcome this limitation,False,Solving_problems_improvements_mitigation,LLMgenerated,in order to overcome,in-order-to-family,STRONG-TRUE,,,,,,,,,
in order to remedy these limitations,False,Solving_problems_improvements_mitigation,LLMgenerated,in order to remedy,in-order-to-family,STRONG-TRUE,,,,,,,,,
in order to remedy this,False,Solving_problems_improvements_mitigation,LLMgenerated,in order to remedy,in-order-to-family,STRONG-TRUE,,,,,,,,,
in order to remedy this issue,False,Solving_problems_improvements_mitigation,LLMgenerated,in order to remedy,in-order-to-family,STRONG-TRUE,,,,,,,,,
in order to remedy this limitation,False,Solving_problems_improvements_mitigation,LLMgenerated,in order to remedy,in-order-to-family,STRONG-TRUE,,,,,,,,,
in order to resolve these limitations,False,Solving_problems_improvements_mitigation,LLMgenerated,in order to resolve,in-order-to-family,STRONG-TRUE,,,,,,,,,
in order to resolve this,False,Solving_problems_improvements_mitigation,LLMgenerated,in order to resolve,in-order-to-family,STRONG-TRUE,,,,,,,,,
in order to resolve this issue,False,Solving_problems_improvements_mitigation,LLMgenerated,in order to resolve,in-order-to-family,STRONG-TRUE,,,,,,,,,
in order to resolve this limitation,False,Solving_problems_improvements_mitigation,LLMgenerated,in order to resolve,in-order-to-family,STRONG-TRUE,,,,,,,,,
in order to solve these limitations,False,Solving_problems_improvements_mitigation,LLMgenerated,in order to solve,in-order-to-family,STRONG-TRUE,,,,,,,,,
in order to solve this,False,Solving_problems_improvements_mitigation,LLMgenerated,in order to solve,in-order-to-family,STRONG-TRUE,,,,,,,,,
in order to solve this issue,False,Solving_problems_improvements_mitigation,LLMgenerated,in order to solve,in-order-to-family,STRONG-TRUE,,,,,,,,,
in order to solve this limitation,False,Solving_problems_improvements_mitigation,LLMgenerated,in order to solve,in-order-to-family,STRONG-TRUE,,,,,,,,,
in order to tackle these limitations,False,Solving_problems_improvements_mitigation,LLMgenerated,in order to tackle,in-order-to-family,STRONG-TRUE,,,,,,,,,
in order to tackle this,False,Solving_problems_improvements_mitigation,LLMgenerated,in order to tackle,in-order-to-family,STRONG-TRUE,,,,,,,,,
in order to tackle this issue,False,Solving_problems_improvements_mitigation,LLMgenerated,in order to tackle,in-order-to-family,STRONG-TRUE,,,,,,,,,
in order to tackle this limitation,False,Solving_problems_improvements_mitigation,LLMgenerated,in order to tackle,in-order-to-family,STRONG-TRUE,,,,,,,,,
to manage these challenges,False,Solving_problems_improvements_mitigation,LLMgenerated,to manage,manage-family,STRONG-TRUE,,,,,,,,,
to manage these conditions,False,Solving_problems_improvements_mitigation,LLMgenerated,to manage,manage-family,STRONG-TRUE,,,,,,,,,
to manage these effects,False,Solving_problems_improvements_mitigation,LLMgenerated,to manage,manage-family,STRONG-TRUE,,,,,,,,,
to manage these issues,False,Solving_problems_improvements_mitigation,LLMgenerated,to manage,manage-family,STRONG-TRUE,,,,,,,,,
to manage these limitations,False,Solving_problems_improvements_mitigation,LLMgenerated,to manage,manage-family,STRONG-TRUE,,,,,,,,,
to manage these problems,False,Solving_problems_improvements_mitigation,LLMgenerated,to manage,manage-family,STRONG-TRUE,,,,,,,,,
to manage these symptoms,False,Solving_problems_improvements_mitigation,LLMgenerated,to manage,manage-family,STRONG-TRUE,,,,,,,,,
to manage this,False,Solving_problems_improvements_mitigation,LLMgenerated,to manage,manage-family,STRONG-TRUE,,,,,,,,,
to manage this challenge,False,Solving_problems_improvements_mitigation,LLMgenerated,to manage,manage-family,STRONG-TRUE,,,,,,,,,
to manage this condition,False,Solving_problems_improvements_mitigation,LLMgenerated,to manage,manage-family,STRONG-TRUE,,,,,,,,,
to manage this disease,False,Solving_problems_improvements_mitigation,LLMgenerated,to manage,manage-family,STRONG-TRUE,,,,,,,,,
to manage this effect,False,Solving_problems_improvements_mitigation,LLMgenerated,to manage,manage-family,STRONG-TRUE,,,,,,,,,
to manage this issue,False,Solving_problems_improvements_mitigation,LLMgenerated,to manage,manage-family,STRONG-TRUE,,,,,,,,,
to manage this limitation,False,Solving_problems_improvements_mitigation,LLMgenerated,to manage,manage-family,STRONG-TRUE,,,,,,,,,
to manage this problem,False,Solving_problems_improvements_mitigation,LLMgenerated,to manage,manage-family,STRONG-TRUE,,,,,,,,,
to manage this symptom,False,Solving_problems_improvements_mitigation,LLMgenerated,to manage,manage-family,STRONG-TRUE,,,,,,,,,
to manage those issues,False,Solving_problems_improvements_mitigation,LLMgenerated,to manage,manage-family,STRONG-TRUE,,,,,,,,,
to manage those problems,False,Solving_problems_improvements_mitigation,LLMgenerated,to manage,manage-family,STRONG-TRUE,,,,,,,,,
to manage those symptoms,False,Solving_problems_improvements_mitigation,LLMgenerated,to manage,manage-family,STRONG-TRUE,,,,,,,,,
to guard against these biases,False,Solving_problems_improvements_mitigation,LLMgenerated,to guard against,mitigate-against-family,STRONG-TRUE,,,,,,,,,
to guard against these effects,False,Solving_problems_improvements_mitigation,LLMgenerated,to guard against,mitigate-against-family,STRONG-TRUE,,,,,,,,,
to guard against these limitations,False,Solving_problems_improvements_mitigation,LLMgenerated,to guard against,mitigate-against-family,STRONG-TRUE,,,,,,,,,
to guard against these potential limitations,False,Solving_problems_improvements_mitigation,LLMgenerated,to guard against,mitigate-against-family,STRONG-TRUE,,,,,,,,,
to guard against these potential limitations and biases,False,Solving_problems_improvements_mitigation,LLMgenerated,to guard against,mitigate-against-family,STRONG-TRUE,,,,,,,,,
to guard against these risks,False,Solving_problems_improvements_mitigation,LLMgenerated,to guard against,mitigate-against-family,STRONG-TRUE,,,,,,,,,
to guard against this,False,Solving_problems_improvements_mitigation,LLMgenerated,to guard against,mitigate-against-family,STRONG-TRUE,,,,,,,,,
to guard against this bias,False,Solving_problems_improvements_mitigation,LLMgenerated,to guard against,mitigate-against-family,STRONG-TRUE,,,,,,,,,
to guard against this effect,False,Solving_problems_improvements_mitigation,LLMgenerated,to guard against,mitigate-against-family,STRONG-TRUE,,,,,,,,,
to guard against this risk,False,Solving_problems_improvements_mitigation,LLMgenerated,to guard against,mitigate-against-family,STRONG-TRUE,,,,,,,,,
to guard against this threat,False,Solving_problems_improvements_mitigation,LLMgenerated,to guard against,mitigate-against-family,STRONG-TRUE,,,,,,,,,
to mitigate against these biases,False,Solving_problems_improvements_mitigation,LLMgenerated,to mitigate against,mitigate-against-family,STRONG-TRUE,,,,,,,,,
to mitigate against these effects,False,Solving_problems_improvements_mitigation,LLMgenerated,to mitigate against,mitigate-against-family,STRONG-TRUE,,,,,,,,,
to mitigate against these limitations,False,Solving_problems_improvements_mitigation,LLMgenerated,to mitigate against,mitigate-against-family,STRONG-TRUE,,,,,,,,,
to mitigate against these potential limitations,False,Solving_problems_improvements_mitigation,LLMgenerated,to mitigate against,mitigate-against-family,STRONG-TRUE,,,,,,,,,
to mitigate against these potential limitations and biases,False,Solving_problems_improvements_mitigation,LLMgenerated,to mitigate against,mitigate-against-family,STRONG-TRUE,,,,,,,,,
to mitigate against these risks,False,Solving_problems_improvements_mitigation,LLMgenerated,to mitigate against,mitigate-against-family,STRONG-TRUE,,,,,,,,,
to mitigate against this,False,Solving_problems_improvements_mitigation,LLMgenerated,to mitigate against,mitigate-against-family,STRONG-TRUE,,,,,,,,,
to mitigate against this bias,False,Solving_problems_improvements_mitigation,LLMgenerated,to mitigate against,mitigate-against-family,STRONG-TRUE,,,,,,,,,
to mitigate against this effect,False,Solving_problems_improvements_mitigation,LLMgenerated,to mitigate against,mitigate-against-family,STRONG-TRUE,,,,,,,,,
to mitigate against this risk,False,Solving_problems_improvements_mitigation,LLMgenerated,to mitigate against,mitigate-against-family,STRONG-TRUE,,,,,,,,,
to mitigate against this threat,False,Solving_problems_improvements_mitigation,LLMgenerated,to mitigate against,mitigate-against-family,STRONG-TRUE,,,,,,,,,
to protect against these biases,False,Solving_problems_improvements_mitigation,LLMgenerated,to protect against,mitigate-against-family,STRONG-TRUE,,,,,,,,,
to protect against these effects,False,Solving_problems_improvements_mitigation,LLMgenerated,to protect against,mitigate-against-family,STRONG-TRUE,,,,,,,,,
to protect against these limitations,False,Solving_problems_improvements_mitigation,LLMgenerated,to protect against,mitigate-against-family,STRONG-TRUE,,,,,,,,,
to protect against these potential limitations,False,Solving_problems_improvements_mitigation,LLMgenerated,to protect against,mitigate-against-family,STRONG-TRUE,,,,,,,,,
to protect against these potential limitations and biases,False,Solving_problems_improvements_mitigation,LLMgenerated,to protect against,mitigate-against-family,STRONG-TRUE,,,,,,,,,
to protect against these risks,False,Solving_problems_improvements_mitigation,LLMgenerated,to protect against,mitigate-against-family,STRONG-TRUE,,,,,,,,,
to protect against this,False,Solving_problems_improvements_mitigation,LLMgenerated,to protect against,mitigate-against-family,STRONG-TRUE,,,,,,,,,
to protect against this bias,False,Solving_problems_improvements_mitigation,LLMgenerated,to protect against,mitigate-against-family,STRONG-TRUE,,,,,,,,,
to protect against this effect,False,Solving_problems_improvements_mitigation,LLMgenerated,to protect against,mitigate-against-family,STRONG-TRUE,,,,,,,,,
to protect against this risk,False,Solving_problems_improvements_mitigation,LLMgenerated,to protect against,mitigate-against-family,STRONG-TRUE,,,,,,,,,
to protect against this threat,False,Solving_problems_improvements_mitigation,LLMgenerated,to protect against,mitigate-against-family,STRONG-TRUE,,,,,,,,,
"to mitigate these limitations, we design",False,Solving_problems_improvements_mitigation,LLMgenerated,to mitigate,mitigate-combined,STRONG-TRUE,,,,,,,,,
"to mitigate these limitations, we develop",False,Solving_problems_improvements_mitigation,LLMgenerated,to mitigate,mitigate-combined,STRONG-TRUE,,,,,,,,,
"to mitigate these limitations, we introduce",False,Solving_problems_improvements_mitigation,LLMgenerated,to mitigate,mitigate-combined,STRONG-TRUE,,,,,,,,,
"to mitigate these limitations, we present",False,Solving_problems_improvements_mitigation,LLMgenerated,to mitigate,mitigate-combined,STRONG-TRUE,,,,,,,,,
"to mitigate these limitations, we propose",False,Solving_problems_improvements_mitigation,LLMgenerated,to mitigate,mitigate-combined,STRONG-TRUE,,,,,,,,,
"to mitigate this issue, we design",False,Solving_problems_improvements_mitigation,LLMgenerated,to mitigate,mitigate-combined,STRONG-TRUE,,,,,,,,,
"to mitigate this issue, we develop",False,Solving_problems_improvements_mitigation,LLMgenerated,to mitigate,mitigate-combined,STRONG-TRUE,,,,,,,,,
"to mitigate this issue, we introduce",False,Solving_problems_improvements_mitigation,LLMgenerated,to mitigate,mitigate-combined,STRONG-TRUE,,,,,,,,,
"to mitigate this issue, we present",False,Solving_problems_improvements_mitigation,LLMgenerated,to mitigate,mitigate-combined,STRONG-TRUE,,,,,,,,,
"to mitigate this issue, we propose",False,Solving_problems_improvements_mitigation,LLMgenerated,to mitigate,mitigate-combined,STRONG-TRUE,,,,,,,,,
"to mitigate this limitation, we design",False,Solving_problems_improvements_mitigation,LLMgenerated,to mitigate,mitigate-combined,STRONG-TRUE,,,,,,,,,
"to mitigate this limitation, we develop",False,Solving_problems_improvements_mitigation,LLMgenerated,to mitigate,mitigate-combined,STRONG-TRUE,,,,,,,,,
"to mitigate this limitation, we introduce",False,Solving_problems_improvements_mitigation,LLMgenerated,to mitigate,mitigate-combined,STRONG-TRUE,,,,,,,,,
"to mitigate this limitation, we present",False,Solving_problems_improvements_mitigation,LLMgenerated,to mitigate,mitigate-combined,STRONG-TRUE,,,,,,,,,
"to mitigate this limitation, we propose",False,Solving_problems_improvements_mitigation,LLMgenerated,to mitigate,mitigate-combined,STRONG-TRUE,,,,,,,,,
"to mitigate this, we design",False,Solving_problems_improvements_mitigation,LLMgenerated,to mitigate,mitigate-combined,STRONG-TRUE,,,,,,,,,
"to mitigate this, we develop",False,Solving_problems_improvements_mitigation,LLMgenerated,to mitigate,mitigate-combined,STRONG-TRUE,,,,,,,,,
"to mitigate this, we introduce",False,Solving_problems_improvements_mitigation,LLMgenerated,to mitigate,mitigate-combined,STRONG-TRUE,,,,,,,,,
"to mitigate this, we present",False,Solving_problems_improvements_mitigation,LLMgenerated,to mitigate,mitigate-combined,STRONG-TRUE,,,,,,,,,
"to mitigate this, we propose",False,Solving_problems_improvements_mitigation,LLMgenerated,to mitigate,mitigate-combined,STRONG-TRUE,,,,,,,,,
mitigating these biases,False,Solving_problems_improvements_mitigation,LLMgenerated,to mitigate,mitigate-family,STRONG-TRUE,,,,,,,,,
mitigating these effects,False,Solving_problems_improvements_mitigation,LLMgenerated,to mitigate,mitigate-family,STRONG-TRUE,,,,,,,,,
mitigating these issues,False,Solving_problems_improvements_mitigation,LLMgenerated,to mitigate,mitigate-family,STRONG-TRUE,,,,,,,,,
mitigating these limitations,False,Solving_problems_improvements_mitigation,LLMgenerated,to mitigate,mitigate-family,STRONG-TRUE,,,,,,,,,
mitigating these points,False,Solving_problems_improvements_mitigation,LLMgenerated,to mitigate,mitigate-family,STRONG-TRUE,,,,,,,,,
mitigating these problems,False,Solving_problems_improvements_mitigation,LLMgenerated,to mitigate,mitigate-family,STRONG-TRUE,,,,,,,,,
mitigating these risks,False,Solving_problems_improvements_mitigation,LLMgenerated,to mitigate,mitigate-family,STRONG-TRUE,,,,,,,,,
mitigating this bias,False,Solving_problems_improvements_mitigation,LLMgenerated,to mitigate,mitigate-family,STRONG-TRUE,,,,,,,,,
mitigating this effect,False,Solving_problems_improvements_mitigation,LLMgenerated,to mitigate,mitigate-family,STRONG-TRUE,,,,,,,,,
mitigating this issue,False,Solving_problems_improvements_mitigation,LLMgenerated,to mitigate,mitigate-family,STRONG-TRUE,,,,,,,,,
mitigating this limitation,False,Solving_problems_improvements_mitigation,LLMgenerated,to mitigate,mitigate-family,STRONG-TRUE,,,,,,,,,
mitigating this point,False,Solving_problems_improvements_mitigation,LLMgenerated,to mitigate,mitigate-family,STRONG-TRUE,,,,,,,,,
mitigating this problem,False,Solving_problems_improvements_mitigation,LLMgenerated,to mitigate,mitigate-family,STRONG-TRUE,,,,,,,,,
mitigating this risk,False,Solving_problems_improvements_mitigation,LLMgenerated,to mitigate,mitigate-family,STRONG-TRUE,,,,,,,,,
mitigating those points,False,Solving_problems_improvements_mitigation,LLMgenerated,to mitigate,mitigate-family,STRONG-TRUE,,,,,,,,,
to mitigate the above,False,Solving_problems_improvements_mitigation,LLMgenerated,to mitigate,mitigate-family,STRONG-TRUE,,,,,,,,,
to mitigate the above limitations,False,Solving_problems_improvements_mitigation,LLMgenerated,to mitigate,mitigate-family,STRONG-TRUE,,,,,,,,,
to mitigate the aforementioned limitation,False,Solving_problems_improvements_mitigation,LLMgenerated,to mitigate,mitigate-family,STRONG-TRUE,,,,,,,,,
to mitigate the limitations of this approach,False,Solving_problems_improvements_mitigation,LLMgenerated,to mitigate,mitigate-family,STRONG-TRUE,,,,,,,,,
to mitigate these bias problems,False,Solving_problems_improvements_mitigation,LLMgenerated,to mitigate,mitigate-family,STRONG-TRUE,,,,,,,,,
to mitigate these biases,False,Solving_problems_improvements_mitigation,LLMgenerated,to mitigate,mitigate-family,STRONG-TRUE,,,,,,,,,
to mitigate these challenges,False,Solving_problems_improvements_mitigation,LLMgenerated,to mitigate,mitigate-family,STRONG-TRUE,,,,,,,,,
to mitigate these concerns,False,Solving_problems_improvements_mitigation,LLMgenerated,to mitigate,mitigate-family,STRONG-TRUE,,,,,,,,,
to mitigate these differences,False,Solving_problems_improvements_mitigation,LLMgenerated,to mitigate,mitigate-family,STRONG-TRUE,,,,,,,,,
to mitigate these effects,False,Solving_problems_improvements_mitigation,LLMgenerated,to mitigate,mitigate-family,STRONG-TRUE,,,,,,,,,
to mitigate these issues,False,Solving_problems_improvements_mitigation,LLMgenerated,to mitigate,mitigate-family,STRONG-TRUE,,,,,,,,,
to mitigate these limitations,False,Solving_problems_improvements_mitigation,LLMgenerated,to mitigate,mitigate-family,STRONG-TRUE,,,,,,,,,
to mitigate these points,False,Solving_problems_improvements_mitigation,LLMgenerated,to mitigate,mitigate-family,STRONG-TRUE,,,,,,,,,
to mitigate these possibilities,False,Solving_problems_improvements_mitigation,LLMgenerated,to mitigate,mitigate-family,STRONG-TRUE,,,,,,,,,
to mitigate these potential limitations,False,Solving_problems_improvements_mitigation,LLMgenerated,to mitigate,mitigate-family,STRONG-TRUE,,,,,,,,,
to mitigate these potential limitations and biases,False,Solving_problems_improvements_mitigation,LLMgenerated,to mitigate,mitigate-family,STRONG-TRUE,,,,,,,,,
to mitigate these risks,False,Solving_problems_improvements_mitigation,LLMgenerated,to mitigate,mitigate-family,STRONG-TRUE,,,,,,,,,
to mitigate these symptoms,False,Solving_problems_improvements_mitigation,LLMgenerated,to mitigate,mitigate-family,STRONG-TRUE,,,,,,,,,
to mitigate these threats,False,Solving_problems_improvements_mitigation,LLMgenerated,to mitigate,mitigate-family,STRONG-TRUE,,,,,,,,,
to mitigate this,False,Solving_problems_improvements_mitigation,LLMgenerated,to mitigate,mitigate-family,STRONG-TRUE,,,,,,,,,
to mitigate this bias,False,Solving_problems_improvements_mitigation,LLMgenerated,to mitigate,mitigate-family,STRONG-TRUE,,,,,,,,,
to mitigate this disease,False,Solving_problems_improvements_mitigation,LLMgenerated,to mitigate,mitigate-family,STRONG-TRUE,,,,,,,,,
to mitigate this effect,False,Solving_problems_improvements_mitigation,LLMgenerated,to mitigate,mitigate-family,STRONG-TRUE,,,,,,,,,
to mitigate this issue,False,Solving_problems_improvements_mitigation,LLMgenerated,to mitigate,mitigate-family,STRONG-TRUE,,,,,,,,,
to mitigate this limitation,False,Solving_problems_improvements_mitigation,LLMgenerated,to mitigate,mitigate-family,STRONG-TRUE,,,,,,,,,
to mitigate this point,False,Solving_problems_improvements_mitigation,LLMgenerated,to mitigate,mitigate-family,STRONG-TRUE,,,,,,,,,
to mitigate this possibility,False,Solving_problems_improvements_mitigation,LLMgenerated,to mitigate,mitigate-family,STRONG-TRUE,,,,,,,,,
to mitigate this problem,False,Solving_problems_improvements_mitigation,LLMgenerated,to mitigate,mitigate-family,STRONG-TRUE,,,,,,,,,
to mitigate this risk,False,Solving_problems_improvements_mitigation,LLMgenerated,to mitigate,mitigate-family,STRONG-TRUE,,,,,,,,,
to mitigate this symptom,False,Solving_problems_improvements_mitigation,LLMgenerated,to mitigate,mitigate-family,STRONG-TRUE,,,,,,,,,
to mitigate this threat,False,Solving_problems_improvements_mitigation,LLMgenerated,to mitigate,mitigate-family,STRONG-TRUE,,,,,,,,,
to mitigate those challenges,False,Solving_problems_improvements_mitigation,LLMgenerated,to mitigate,mitigate-family,STRONG-TRUE,,,,,,,,,
to mitigate those issues,False,Solving_problems_improvements_mitigation,LLMgenerated,to mitigate,mitigate-family,STRONG-TRUE,,,,,,,,,
to mitigate those limitations,False,Solving_problems_improvements_mitigation,LLMgenerated,to mitigate,mitigate-family,STRONG-TRUE,,,,,,,,,
to mitigate those points,False,Solving_problems_improvements_mitigation,LLMgenerated,to mitigate,mitigate-family,STRONG-TRUE,,,,,,,,,
to mitigate those problems,False,Solving_problems_improvements_mitigation,LLMgenerated,to mitigate,mitigate-family,STRONG-TRUE,,,,,,,,,
to mitigate those symptoms,False,Solving_problems_improvements_mitigation,LLMgenerated,to mitigate,mitigate-family,STRONG-TRUE,,,,,,,,,
"inspired by these challenges, we design",False,Solving_problems_improvements_mitigation,LLMgenerated,inspired by,motivation-family,STRONG-TRUE,,,,,,,,,
"inspired by these challenges, we develop",False,Solving_problems_improvements_mitigation,LLMgenerated,inspired by,motivation-family,STRONG-TRUE,,,,,,,,,
"inspired by these challenges, we introduce",False,Solving_problems_improvements_mitigation,LLMgenerated,inspired by,motivation-family,STRONG-TRUE,,,,,,,,,
"inspired by these challenges, we present",False,Solving_problems_improvements_mitigation,LLMgenerated,inspired by,motivation-family,STRONG-TRUE,,,,,,,,,
"inspired by these challenges, we propose",False,Solving_problems_improvements_mitigation,LLMgenerated,inspired by,motivation-family,STRONG-TRUE,,,,,,,,,
"inspired by these issues, we design",False,Solving_problems_improvements_mitigation,LLMgenerated,inspired by,motivation-family,STRONG-TRUE,,,,,,,,,
"inspired by these issues, we develop",False,Solving_problems_improvements_mitigation,LLMgenerated,inspired by,motivation-family,STRONG-TRUE,,,,,,,,,
"inspired by these issues, we introduce",False,Solving_problems_improvements_mitigation,LLMgenerated,inspired by,motivation-family,STRONG-TRUE,,,,,,,,,
"inspired by these issues, we present",False,Solving_problems_improvements_mitigation,LLMgenerated,inspired by,motivation-family,STRONG-TRUE,,,,,,,,,
"inspired by these issues, we propose",False,Solving_problems_improvements_mitigation,LLMgenerated,inspired by,motivation-family,STRONG-TRUE,,,,,,,,,
"inspired by these limitations, we design",False,Solving_problems_improvements_mitigation,LLMgenerated,inspired by,motivation-family,STRONG-TRUE,,,,,,,,,
"inspired by these limitations, we develop",False,Solving_problems_improvements_mitigation,LLMgenerated,inspired by,motivation-family,STRONG-TRUE,,,,,,,,,
"inspired by these limitations, we introduce",False,Solving_problems_improvements_mitigation,LLMgenerated,inspired by,motivation-family,STRONG-TRUE,,,,,,,,,
"inspired by these limitations, we present",False,Solving_problems_improvements_mitigation,LLMgenerated,inspired by,motivation-family,STRONG-TRUE,,,,,,,,,
"inspired by these limitations, we propose",False,Solving_problems_improvements_mitigation,LLMgenerated,inspired by,motivation-family,STRONG-TRUE,,,,,,,,,
"inspired by this challenge, we design",False,Solving_problems_improvements_mitigation,LLMgenerated,inspired by,motivation-family,STRONG-TRUE,,,,,,,,,
"inspired by this challenge, we develop",False,Solving_problems_improvements_mitigation,LLMgenerated,inspired by,motivation-family,STRONG-TRUE,,,,,,,,,
"inspired by this challenge, we introduce",False,Solving_problems_improvements_mitigation,LLMgenerated,inspired by,motivation-family,STRONG-TRUE,,,,,,,,,
"inspired by this challenge, we present",False,Solving_problems_improvements_mitigation,LLMgenerated,inspired by,motivation-family,STRONG-TRUE,,,,,,,,,
"inspired by this challenge, we propose",False,Solving_problems_improvements_mitigation,LLMgenerated,inspired by,motivation-family,STRONG-TRUE,,,,,,,,,
"inspired by this gap, we design",False,Solving_problems_improvements_mitigation,LLMgenerated,inspired by,motivation-family,STRONG-TRUE,,,,,,,,,
"inspired by this gap, we develop",False,Solving_problems_improvements_mitigation,LLMgenerated,inspired by,motivation-family,STRONG-TRUE,,,,,,,,,
"inspired by this gap, we introduce",False,Solving_problems_improvements_mitigation,LLMgenerated,inspired by,motivation-family,STRONG-TRUE,,,,,,,,,
"inspired by this gap, we present",False,Solving_problems_improvements_mitigation,LLMgenerated,inspired by,motivation-family,STRONG-TRUE,,,,,,,,,
"inspired by this gap, we propose",False,Solving_problems_improvements_mitigation,LLMgenerated,inspired by,motivation-family,STRONG-TRUE,,,,,,,,,
"inspired by this issue, we design",False,Solving_problems_improvements_mitigation,LLMgenerated,inspired by,motivation-family,STRONG-TRUE,,,,,,,,,
"inspired by this issue, we develop",False,Solving_problems_improvements_mitigation,LLMgenerated,inspired by,motivation-family,STRONG-TRUE,,,,,,,,,
"inspired by this issue, we introduce",False,Solving_problems_improvements_mitigation,LLMgenerated,inspired by,motivation-family,STRONG-TRUE,,,,,,,,,
"inspired by this issue, we present",False,Solving_problems_improvements_mitigation,LLMgenerated,inspired by,motivation-family,STRONG-TRUE,,,,,,,,,
"inspired by this issue, we propose",False,Solving_problems_improvements_mitigation,LLMgenerated,inspired by,motivation-family,STRONG-TRUE,,,,,,,,,
"inspired by this limitation, we design",False,Solving_problems_improvements_mitigation,LLMgenerated,inspired by,motivation-family,STRONG-TRUE,,,,,,,,,
"inspired by this limitation, we develop",False,Solving_problems_improvements_mitigation,LLMgenerated,inspired by,motivation-family,STRONG-TRUE,,,,,,,,,
"inspired by this limitation, we introduce",False,Solving_problems_improvements_mitigation,LLMgenerated,inspired by,motivation-family,STRONG-TRUE,,,,,,,,,
"inspired by this limitation, we present",False,Solving_problems_improvements_mitigation,LLMgenerated,inspired by,motivation-family,STRONG-TRUE,,,,,,,,,
"inspired by this limitation, we propose",False,Solving_problems_improvements_mitigation,LLMgenerated,inspired by,motivation-family,STRONG-TRUE,,,,,,,,,
"inspired by this problem, we design",False,Solving_problems_improvements_mitigation,LLMgenerated,inspired by,motivation-family,STRONG-TRUE,,,,,,,,,
"inspired by this problem, we develop",False,Solving_problems_improvements_mitigation,LLMgenerated,inspired by,motivation-family,STRONG-TRUE,,,,,,,,,
"inspired by this problem, we introduce",False,Solving_problems_improvements_mitigation,LLMgenerated,inspired by,motivation-family,STRONG-TRUE,,,,,,,,,
"inspired by this problem, we present",False,Solving_problems_improvements_mitigation,LLMgenerated,inspired by,motivation-family,STRONG-TRUE,,,,,,,,,
"inspired by this problem, we propose",False,Solving_problems_improvements_mitigation,LLMgenerated,inspired by,motivation-family,STRONG-TRUE,,,,,,,,,
"motivated by these challenges, we design",False,Solving_problems_improvements_mitigation,LLMgenerated,motivated by,motivation-family,STRONG-TRUE,,,,,,,,,
"motivated by these challenges, we develop",False,Solving_problems_improvements_mitigation,LLMgenerated,motivated by,motivation-family,STRONG-TRUE,,,,,,,,,
"motivated by these challenges, we introduce",False,Solving_problems_improvements_mitigation,LLMgenerated,motivated by,motivation-family,STRONG-TRUE,,,,,,,,,
"motivated by these challenges, we present",False,Solving_problems_improvements_mitigation,LLMgenerated,motivated by,motivation-family,STRONG-TRUE,,,,,,,,,
"motivated by these challenges, we propose",False,Solving_problems_improvements_mitigation,LLMgenerated,motivated by,motivation-family,STRONG-TRUE,,,,,,,,,
"motivated by these issues, we design",False,Solving_problems_improvements_mitigation,LLMgenerated,motivated by,motivation-family,STRONG-TRUE,,,,,,,,,
"motivated by these issues, we develop",False,Solving_problems_improvements_mitigation,LLMgenerated,motivated by,motivation-family,STRONG-TRUE,,,,,,,,,
"motivated by these issues, we introduce",False,Solving_problems_improvements_mitigation,LLMgenerated,motivated by,motivation-family,STRONG-TRUE,,,,,,,,,
"motivated by these issues, we present",False,Solving_problems_improvements_mitigation,LLMgenerated,motivated by,motivation-family,STRONG-TRUE,,,,,,,,,
"motivated by these issues, we propose",False,Solving_problems_improvements_mitigation,LLMgenerated,motivated by,motivation-family,STRONG-TRUE,,,,,,,,,
"motivated by these limitations, we design",False,Solving_problems_improvements_mitigation,LLMgenerated,motivated by,motivation-family,STRONG-TRUE,,,,,,,,,
"motivated by these limitations, we develop",False,Solving_problems_improvements_mitigation,LLMgenerated,motivated by,motivation-family,STRONG-TRUE,,,,,,,,,
"motivated by these limitations, we introduce",False,Solving_problems_improvements_mitigation,LLMgenerated,motivated by,motivation-family,STRONG-TRUE,,,,,,,,,
"motivated by these limitations, we present",False,Solving_problems_improvements_mitigation,LLMgenerated,motivated by,motivation-family,STRONG-TRUE,,,,,,,,,
"motivated by these limitations, we propose",False,Solving_problems_improvements_mitigation,LLMgenerated,motivated by,motivation-family,STRONG-TRUE,,,,,,,,,
"motivated by this challenge, we design",False,Solving_problems_improvements_mitigation,LLMgenerated,motivated by,motivation-family,STRONG-TRUE,,,,,,,,,
"motivated by this challenge, we develop",False,Solving_problems_improvements_mitigation,LLMgenerated,motivated by,motivation-family,STRONG-TRUE,,,,,,,,,
"motivated by this challenge, we introduce",False,Solving_problems_improvements_mitigation,LLMgenerated,motivated by,motivation-family,STRONG-TRUE,,,,,,,,,
"motivated by this challenge, we present",False,Solving_problems_improvements_mitigation,LLMgenerated,motivated by,motivation-family,STRONG-TRUE,,,,,,,,,
"motivated by this challenge, we propose",False,Solving_problems_improvements_mitigation,LLMgenerated,motivated by,motivation-family,STRONG-TRUE,,,,,,,,,
"motivated by this gap, we design",False,Solving_problems_improvements_mitigation,LLMgenerated,motivated by,motivation-family,STRONG-TRUE,,,,,,,,,
"motivated by this gap, we develop",False,Solving_problems_improvements_mitigation,LLMgenerated,motivated by,motivation-family,STRONG-TRUE,,,,,,,,,
"motivated by this gap, we introduce",False,Solving_problems_improvements_mitigation,LLMgenerated,motivated by,motivation-family,STRONG-TRUE,,,,,,,,,
"motivated by this gap, we present",False,Solving_problems_improvements_mitigation,LLMgenerated,motivated by,motivation-family,STRONG-TRUE,,,,,,,,,
"motivated by this gap, we propose",False,Solving_problems_improvements_mitigation,LLMgenerated,motivated by,motivation-family,STRONG-TRUE,,,,,,,,,
"motivated by this issue, we design",False,Solving_problems_improvements_mitigation,LLMgenerated,motivated by,motivation-family,STRONG-TRUE,,,,,,,,,
"motivated by this issue, we develop",False,Solving_problems_improvements_mitigation,LLMgenerated,motivated by,motivation-family,STRONG-TRUE,,,,,,,,,
"motivated by this issue, we introduce",False,Solving_problems_improvements_mitigation,LLMgenerated,motivated by,motivation-family,STRONG-TRUE,,,,,,,,,
"motivated by this issue, we present",False,Solving_problems_improvements_mitigation,LLMgenerated,motivated by,motivation-family,STRONG-TRUE,,,,,,,,,
"motivated by this issue, we propose",False,Solving_problems_improvements_mitigation,LLMgenerated,motivated by,motivation-family,STRONG-TRUE,,,,,,,,,
"motivated by this limitation, we design",False,Solving_problems_improvements_mitigation,LLMgenerated,motivated by,motivation-family,STRONG-TRUE,,,,,,,,,
"motivated by this limitation, we develop",False,Solving_problems_improvements_mitigation,LLMgenerated,motivated by,motivation-family,STRONG-TRUE,,,,,,,,,
"motivated by this limitation, we introduce",False,Solving_problems_improvements_mitigation,LLMgenerated,motivated by,motivation-family,STRONG-TRUE,,,,,,,,,
"motivated by this limitation, we present",False,Solving_problems_improvements_mitigation,LLMgenerated,motivated by,motivation-family,STRONG-TRUE,,,,,,,,,
"motivated by this limitation, we propose",False,Solving_problems_improvements_mitigation,LLMgenerated,motivated by,motivation-family,STRONG-TRUE,,,,,,,,,
"motivated by this problem, we design",False,Solving_problems_improvements_mitigation,LLMgenerated,motivated by,motivation-family,STRONG-TRUE,,,,,,,,,
"motivated by this problem, we develop",False,Solving_problems_improvements_mitigation,LLMgenerated,motivated by,motivation-family,STRONG-TRUE,,,,,,,,,
"motivated by this problem, we introduce",False,Solving_problems_improvements_mitigation,LLMgenerated,motivated by,motivation-family,STRONG-TRUE,,,,,,,,,
"motivated by this problem, we present",False,Solving_problems_improvements_mitigation,LLMgenerated,motivated by,motivation-family,STRONG-TRUE,,,,,,,,,
"motivated by this problem, we propose",False,Solving_problems_improvements_mitigation,LLMgenerated,motivated by,motivation-family,STRONG-TRUE,,,,,,,,,
"necessitated by these challenges, we design",False,Solving_problems_improvements_mitigation,LLMgenerated,necessitated by,motivation-family,STRONG-TRUE,,,,,,,,,
"necessitated by these challenges, we develop",False,Solving_problems_improvements_mitigation,LLMgenerated,necessitated by,motivation-family,STRONG-TRUE,,,,,,,,,
"necessitated by these challenges, we introduce",False,Solving_problems_improvements_mitigation,LLMgenerated,necessitated by,motivation-family,STRONG-TRUE,,,,,,,,,
"necessitated by these challenges, we present",False,Solving_problems_improvements_mitigation,LLMgenerated,necessitated by,motivation-family,STRONG-TRUE,,,,,,,,,
"necessitated by these challenges, we propose",False,Solving_problems_improvements_mitigation,LLMgenerated,necessitated by,motivation-family,STRONG-TRUE,,,,,,,,,
"necessitated by these issues, we design",False,Solving_problems_improvements_mitigation,LLMgenerated,necessitated by,motivation-family,STRONG-TRUE,,,,,,,,,
"necessitated by these issues, we develop",False,Solving_problems_improvements_mitigation,LLMgenerated,necessitated by,motivation-family,STRONG-TRUE,,,,,,,,,
"necessitated by these issues, we introduce",False,Solving_problems_improvements_mitigation,LLMgenerated,necessitated by,motivation-family,STRONG-TRUE,,,,,,,,,
"necessitated by these issues, we present",False,Solving_problems_improvements_mitigation,LLMgenerated,necessitated by,motivation-family,STRONG-TRUE,,,,,,,,,
"necessitated by these issues, we propose",False,Solving_problems_improvements_mitigation,LLMgenerated,necessitated by,motivation-family,STRONG-TRUE,,,,,,,,,
"necessitated by these limitations, we design",False,Solving_problems_improvements_mitigation,LLMgenerated,necessitated by,motivation-family,STRONG-TRUE,,,,,,,,,
"necessitated by these limitations, we develop",False,Solving_problems_improvements_mitigation,LLMgenerated,necessitated by,motivation-family,STRONG-TRUE,,,,,,,,,
"necessitated by these limitations, we introduce",False,Solving_problems_improvements_mitigation,LLMgenerated,necessitated by,motivation-family,STRONG-TRUE,,,,,,,,,
"necessitated by these limitations, we present",False,Solving_problems_improvements_mitigation,LLMgenerated,necessitated by,motivation-family,STRONG-TRUE,,,,,,,,,
"necessitated by these limitations, we propose",False,Solving_problems_improvements_mitigation,LLMgenerated,necessitated by,motivation-family,STRONG-TRUE,,,,,,,,,
"necessitated by this challenge, we design",False,Solving_problems_improvements_mitigation,LLMgenerated,necessitated by,motivation-family,STRONG-TRUE,,,,,,,,,
"necessitated by this challenge, we develop",False,Solving_problems_improvements_mitigation,LLMgenerated,necessitated by,motivation-family,STRONG-TRUE,,,,,,,,,
"necessitated by this challenge, we introduce",False,Solving_problems_improvements_mitigation,LLMgenerated,necessitated by,motivation-family,STRONG-TRUE,,,,,,,,,
"necessitated by this challenge, we present",False,Solving_problems_improvements_mitigation,LLMgenerated,necessitated by,motivation-family,STRONG-TRUE,,,,,,,,,
"necessitated by this challenge, we propose",False,Solving_problems_improvements_mitigation,LLMgenerated,necessitated by,motivation-family,STRONG-TRUE,,,,,,,,,
"necessitated by this gap, we design",False,Solving_problems_improvements_mitigation,LLMgenerated,necessitated by,motivation-family,STRONG-TRUE,,,,,,,,,
"necessitated by this gap, we develop",False,Solving_problems_improvements_mitigation,LLMgenerated,necessitated by,motivation-family,STRONG-TRUE,,,,,,,,,
"necessitated by this gap, we introduce",False,Solving_problems_improvements_mitigation,LLMgenerated,necessitated by,motivation-family,STRONG-TRUE,,,,,,,,,
"necessitated by this gap, we present",False,Solving_problems_improvements_mitigation,LLMgenerated,necessitated by,motivation-family,STRONG-TRUE,,,,,,,,,
"necessitated by this gap, we propose",False,Solving_problems_improvements_mitigation,LLMgenerated,necessitated by,motivation-family,STRONG-TRUE,,,,,,,,,
"necessitated by this issue, we design",False,Solving_problems_improvements_mitigation,LLMgenerated,necessitated by,motivation-family,STRONG-TRUE,,,,,,,,,
"necessitated by this issue, we develop",False,Solving_problems_improvements_mitigation,LLMgenerated,necessitated by,motivation-family,STRONG-TRUE,,,,,,,,,
"necessitated by this issue, we introduce",False,Solving_problems_improvements_mitigation,LLMgenerated,necessitated by,motivation-family,STRONG-TRUE,,,,,,,,,
"necessitated by this issue, we present",False,Solving_problems_improvements_mitigation,LLMgenerated,necessitated by,motivation-family,STRONG-TRUE,,,,,,,,,
"necessitated by this issue, we propose",False,Solving_problems_improvements_mitigation,LLMgenerated,necessitated by,motivation-family,STRONG-TRUE,,,,,,,,,
"necessitated by this limitation, we design",False,Solving_problems_improvements_mitigation,LLMgenerated,necessitated by,motivation-family,STRONG-TRUE,,,,,,,,,
"necessitated by this limitation, we develop",False,Solving_problems_improvements_mitigation,LLMgenerated,necessitated by,motivation-family,STRONG-TRUE,,,,,,,,,
"necessitated by this limitation, we introduce",False,Solving_problems_improvements_mitigation,LLMgenerated,necessitated by,motivation-family,STRONG-TRUE,,,,,,,,,
"necessitated by this limitation, we present",False,Solving_problems_improvements_mitigation,LLMgenerated,necessitated by,motivation-family,STRONG-TRUE,,,,,,,,,
"necessitated by this limitation, we propose",False,Solving_problems_improvements_mitigation,LLMgenerated,necessitated by,motivation-family,STRONG-TRUE,,,,,,,,,
"necessitated by this problem, we design",False,Solving_problems_improvements_mitigation,LLMgenerated,necessitated by,motivation-family,STRONG-TRUE,,,,,,,,,
"necessitated by this problem, we develop",False,Solving_problems_improvements_mitigation,LLMgenerated,necessitated by,motivation-family,STRONG-TRUE,,,,,,,,,
"necessitated by this problem, we introduce",False,Solving_problems_improvements_mitigation,LLMgenerated,necessitated by,motivation-family,STRONG-TRUE,,,,,,,,,
"necessitated by this problem, we present",False,Solving_problems_improvements_mitigation,LLMgenerated,necessitated by,motivation-family,STRONG-TRUE,,,,,,,,,
"necessitated by this problem, we propose",False,Solving_problems_improvements_mitigation,LLMgenerated,necessitated by,motivation-family,STRONG-TRUE,,,,,,,,,
"prompted by these challenges, we design",False,Solving_problems_improvements_mitigation,LLMgenerated,prompted by,motivation-family,STRONG-TRUE,,,,,,,,,
"prompted by these challenges, we develop",False,Solving_problems_improvements_mitigation,LLMgenerated,prompted by,motivation-family,STRONG-TRUE,,,,,,,,,
"prompted by these challenges, we introduce",False,Solving_problems_improvements_mitigation,LLMgenerated,prompted by,motivation-family,STRONG-TRUE,,,,,,,,,
"prompted by these challenges, we present",False,Solving_problems_improvements_mitigation,LLMgenerated,prompted by,motivation-family,STRONG-TRUE,,,,,,,,,
"prompted by these challenges, we propose",False,Solving_problems_improvements_mitigation,LLMgenerated,prompted by,motivation-family,STRONG-TRUE,,,,,,,,,
"prompted by these issues, we design",False,Solving_problems_improvements_mitigation,LLMgenerated,prompted by,motivation-family,STRONG-TRUE,,,,,,,,,
"prompted by these issues, we develop",False,Solving_problems_improvements_mitigation,LLMgenerated,prompted by,motivation-family,STRONG-TRUE,,,,,,,,,
"prompted by these issues, we introduce",False,Solving_problems_improvements_mitigation,LLMgenerated,prompted by,motivation-family,STRONG-TRUE,,,,,,,,,
"prompted by these issues, we present",False,Solving_problems_improvements_mitigation,LLMgenerated,prompted by,motivation-family,STRONG-TRUE,,,,,,,,,
"prompted by these issues, we propose",False,Solving_problems_improvements_mitigation,LLMgenerated,prompted by,motivation-family,STRONG-TRUE,,,,,,,,,
"prompted by these limitations, we design",False,Solving_problems_improvements_mitigation,LLMgenerated,prompted by,motivation-family,STRONG-TRUE,,,,,,,,,
"prompted by these limitations, we develop",False,Solving_problems_improvements_mitigation,LLMgenerated,prompted by,motivation-family,STRONG-TRUE,,,,,,,,,
"prompted by these limitations, we introduce",False,Solving_problems_improvements_mitigation,LLMgenerated,prompted by,motivation-family,STRONG-TRUE,,,,,,,,,
"prompted by these limitations, we present",False,Solving_problems_improvements_mitigation,LLMgenerated,prompted by,motivation-family,STRONG-TRUE,,,,,,,,,
"prompted by these limitations, we propose",False,Solving_problems_improvements_mitigation,LLMgenerated,prompted by,motivation-family,STRONG-TRUE,,,,,,,,,
"prompted by this challenge, we design",False,Solving_problems_improvements_mitigation,LLMgenerated,prompted by,motivation-family,STRONG-TRUE,,,,,,,,,
"prompted by this challenge, we develop",False,Solving_problems_improvements_mitigation,LLMgenerated,prompted by,motivation-family,STRONG-TRUE,,,,,,,,,
"prompted by this challenge, we introduce",False,Solving_problems_improvements_mitigation,LLMgenerated,prompted by,motivation-family,STRONG-TRUE,,,,,,,,,
"prompted by this challenge, we present",False,Solving_problems_improvements_mitigation,LLMgenerated,prompted by,motivation-family,STRONG-TRUE,,,,,,,,,
"prompted by this challenge, we propose",False,Solving_problems_improvements_mitigation,LLMgenerated,prompted by,motivation-family,STRONG-TRUE,,,,,,,,,
"prompted by this gap, we design",False,Solving_problems_improvements_mitigation,LLMgenerated,prompted by,motivation-family,STRONG-TRUE,,,,,,,,,
"prompted by this gap, we develop",False,Solving_problems_improvements_mitigation,LLMgenerated,prompted by,motivation-family,STRONG-TRUE,,,,,,,,,
"prompted by this gap, we introduce",False,Solving_problems_improvements_mitigation,LLMgenerated,prompted by,motivation-family,STRONG-TRUE,,,,,,,,,
"prompted by this gap, we present",False,Solving_problems_improvements_mitigation,LLMgenerated,prompted by,motivation-family,STRONG-TRUE,,,,,,,,,
"prompted by this gap, we propose",False,Solving_problems_improvements_mitigation,LLMgenerated,prompted by,motivation-family,STRONG-TRUE,,,,,,,,,
"prompted by this issue, we design",False,Solving_problems_improvements_mitigation,LLMgenerated,prompted by,motivation-family,STRONG-TRUE,,,,,,,,,
"prompted by this issue, we develop",False,Solving_problems_improvements_mitigation,LLMgenerated,prompted by,motivation-family,STRONG-TRUE,,,,,,,,,
"prompted by this issue, we introduce",False,Solving_problems_improvements_mitigation,LLMgenerated,prompted by,motivation-family,STRONG-TRUE,,,,,,,,,
"prompted by this issue, we present",False,Solving_problems_improvements_mitigation,LLMgenerated,prompted by,motivation-family,STRONG-TRUE,,,,,,,,,
"prompted by this issue, we propose",False,Solving_problems_improvements_mitigation,LLMgenerated,prompted by,motivation-family,STRONG-TRUE,,,,,,,,,
"prompted by this limitation, we design",False,Solving_problems_improvements_mitigation,LLMgenerated,prompted by,motivation-family,STRONG-TRUE,,,,,,,,,
"prompted by this limitation, we develop",False,Solving_problems_improvements_mitigation,LLMgenerated,prompted by,motivation-family,STRONG-TRUE,,,,,,,,,
"prompted by this limitation, we introduce",False,Solving_problems_improvements_mitigation,LLMgenerated,prompted by,motivation-family,STRONG-TRUE,,,,,,,,,
"prompted by this limitation, we present",False,Solving_problems_improvements_mitigation,LLMgenerated,prompted by,motivation-family,STRONG-TRUE,,,,,,,,,
"prompted by this limitation, we propose",False,Solving_problems_improvements_mitigation,LLMgenerated,prompted by,motivation-family,STRONG-TRUE,,,,,,,,,
"prompted by this problem, we design",False,Solving_problems_improvements_mitigation,LLMgenerated,prompted by,motivation-family,STRONG-TRUE,,,,,,,,,
"prompted by this problem, we develop",False,Solving_problems_improvements_mitigation,LLMgenerated,prompted by,motivation-family,STRONG-TRUE,,,,,,,,,
"prompted by this problem, we introduce",False,Solving_problems_improvements_mitigation,LLMgenerated,prompted by,motivation-family,STRONG-TRUE,,,,,,,,,
"prompted by this problem, we present",False,Solving_problems_improvements_mitigation,LLMgenerated,prompted by,motivation-family,STRONG-TRUE,,,,,,,,,
"prompted by this problem, we propose",False,Solving_problems_improvements_mitigation,LLMgenerated,prompted by,motivation-family,STRONG-TRUE,,,,,,,,,
"spurred by these challenges, we design",False,Solving_problems_improvements_mitigation,LLMgenerated,spurred by,motivation-family,STRONG-TRUE,,,,,,,,,
"spurred by these challenges, we develop",False,Solving_problems_improvements_mitigation,LLMgenerated,spurred by,motivation-family,STRONG-TRUE,,,,,,,,,
"spurred by these challenges, we introduce",False,Solving_problems_improvements_mitigation,LLMgenerated,spurred by,motivation-family,STRONG-TRUE,,,,,,,,,
"spurred by these challenges, we present",False,Solving_problems_improvements_mitigation,LLMgenerated,spurred by,motivation-family,STRONG-TRUE,,,,,,,,,
"spurred by these challenges, we propose",False,Solving_problems_improvements_mitigation,LLMgenerated,spurred by,motivation-family,STRONG-TRUE,,,,,,,,,
"spurred by these issues, we design",False,Solving_problems_improvements_mitigation,LLMgenerated,spurred by,motivation-family,STRONG-TRUE,,,,,,,,,
"spurred by these issues, we develop",False,Solving_problems_improvements_mitigation,LLMgenerated,spurred by,motivation-family,STRONG-TRUE,,,,,,,,,
"spurred by these issues, we introduce",False,Solving_problems_improvements_mitigation,LLMgenerated,spurred by,motivation-family,STRONG-TRUE,,,,,,,,,
"spurred by these issues, we present",False,Solving_problems_improvements_mitigation,LLMgenerated,spurred by,motivation-family,STRONG-TRUE,,,,,,,,,
"spurred by these issues, we propose",False,Solving_problems_improvements_mitigation,LLMgenerated,spurred by,motivation-family,STRONG-TRUE,,,,,,,,,
"spurred by these limitations, we design",False,Solving_problems_improvements_mitigation,LLMgenerated,spurred by,motivation-family,STRONG-TRUE,,,,,,,,,
"spurred by these limitations, we develop",False,Solving_problems_improvements_mitigation,LLMgenerated,spurred by,motivation-family,STRONG-TRUE,,,,,,,,,
"spurred by these limitations, we introduce",False,Solving_problems_improvements_mitigation,LLMgenerated,spurred by,motivation-family,STRONG-TRUE,,,,,,,,,
"spurred by these limitations, we present",False,Solving_problems_improvements_mitigation,LLMgenerated,spurred by,motivation-family,STRONG-TRUE,,,,,,,,,
"spurred by these limitations, we propose",False,Solving_problems_improvements_mitigation,LLMgenerated,spurred by,motivation-family,STRONG-TRUE,,,,,,,,,
"spurred by this challenge, we design",False,Solving_problems_improvements_mitigation,LLMgenerated,spurred by,motivation-family,STRONG-TRUE,,,,,,,,,
"spurred by this challenge, we develop",False,Solving_problems_improvements_mitigation,LLMgenerated,spurred by,motivation-family,STRONG-TRUE,,,,,,,,,
"spurred by this challenge, we introduce",False,Solving_problems_improvements_mitigation,LLMgenerated,spurred by,motivation-family,STRONG-TRUE,,,,,,,,,
"spurred by this challenge, we present",False,Solving_problems_improvements_mitigation,LLMgenerated,spurred by,motivation-family,STRONG-TRUE,,,,,,,,,
"spurred by this challenge, we propose",False,Solving_problems_improvements_mitigation,LLMgenerated,spurred by,motivation-family,STRONG-TRUE,,,,,,,,,
"spurred by this gap, we design",False,Solving_problems_improvements_mitigation,LLMgenerated,spurred by,motivation-family,STRONG-TRUE,,,,,,,,,
"spurred by this gap, we develop",False,Solving_problems_improvements_mitigation,LLMgenerated,spurred by,motivation-family,STRONG-TRUE,,,,,,,,,
"spurred by this gap, we introduce",False,Solving_problems_improvements_mitigation,LLMgenerated,spurred by,motivation-family,STRONG-TRUE,,,,,,,,,
"spurred by this gap, we present",False,Solving_problems_improvements_mitigation,LLMgenerated,spurred by,motivation-family,STRONG-TRUE,,,,,,,,,
"spurred by this gap, we propose",False,Solving_problems_improvements_mitigation,LLMgenerated,spurred by,motivation-family,STRONG-TRUE,,,,,,,,,
"spurred by this issue, we design",False,Solving_problems_improvements_mitigation,LLMgenerated,spurred by,motivation-family,STRONG-TRUE,,,,,,,,,
"spurred by this issue, we develop",False,Solving_problems_improvements_mitigation,LLMgenerated,spurred by,motivation-family,STRONG-TRUE,,,,,,,,,
"spurred by this issue, we introduce",False,Solving_problems_improvements_mitigation,LLMgenerated,spurred by,motivation-family,STRONG-TRUE,,,,,,,,,
"spurred by this issue, we present",False,Solving_problems_improvements_mitigation,LLMgenerated,spurred by,motivation-family,STRONG-TRUE,,,,,,,,,
"spurred by this issue, we propose",False,Solving_problems_improvements_mitigation,LLMgenerated,spurred by,motivation-family,STRONG-TRUE,,,,,,,,,
"spurred by this limitation, we design",False,Solving_problems_improvements_mitigation,LLMgenerated,spurred by,motivation-family,STRONG-TRUE,,,,,,,,,
"spurred by this limitation, we develop",False,Solving_problems_improvements_mitigation,LLMgenerated,spurred by,motivation-family,STRONG-TRUE,,,,,,,,,
"spurred by this limitation, we introduce",False,Solving_problems_improvements_mitigation,LLMgenerated,spurred by,motivation-family,STRONG-TRUE,,,,,,,,,
"spurred by this limitation, we present",False,Solving_problems_improvements_mitigation,LLMgenerated,spurred by,motivation-family,STRONG-TRUE,,,,,,,,,
"spurred by this limitation, we propose",False,Solving_problems_improvements_mitigation,LLMgenerated,spurred by,motivation-family,STRONG-TRUE,,,,,,,,,
"spurred by this problem, we design",False,Solving_problems_improvements_mitigation,LLMgenerated,spurred by,motivation-family,STRONG-TRUE,,,,,,,,,
"spurred by this problem, we develop",False,Solving_problems_improvements_mitigation,LLMgenerated,spurred by,motivation-family,STRONG-TRUE,,,,,,,,,
"spurred by this problem, we introduce",False,Solving_problems_improvements_mitigation,LLMgenerated,spurred by,motivation-family,STRONG-TRUE,,,,,,,,,
"spurred by this problem, we present",False,Solving_problems_improvements_mitigation,LLMgenerated,spurred by,motivation-family,STRONG-TRUE,,,,,,,,,
"spurred by this problem, we propose",False,Solving_problems_improvements_mitigation,LLMgenerated,spurred by,motivation-family,STRONG-TRUE,,,,,,,,,
"triggered by these challenges, we design",False,Solving_problems_improvements_mitigation,LLMgenerated,triggered by,motivation-family,STRONG-TRUE,,,,,,,,,
"triggered by these challenges, we develop",False,Solving_problems_improvements_mitigation,LLMgenerated,triggered by,motivation-family,STRONG-TRUE,,,,,,,,,
"triggered by these challenges, we introduce",False,Solving_problems_improvements_mitigation,LLMgenerated,triggered by,motivation-family,STRONG-TRUE,,,,,,,,,
"triggered by these challenges, we present",False,Solving_problems_improvements_mitigation,LLMgenerated,triggered by,motivation-family,STRONG-TRUE,,,,,,,,,
"triggered by these challenges, we propose",False,Solving_problems_improvements_mitigation,LLMgenerated,triggered by,motivation-family,STRONG-TRUE,,,,,,,,,
"triggered by these issues, we design",False,Solving_problems_improvements_mitigation,LLMgenerated,triggered by,motivation-family,STRONG-TRUE,,,,,,,,,
"triggered by these issues, we develop",False,Solving_problems_improvements_mitigation,LLMgenerated,triggered by,motivation-family,STRONG-TRUE,,,,,,,,,
"triggered by these issues, we introduce",False,Solving_problems_improvements_mitigation,LLMgenerated,triggered by,motivation-family,STRONG-TRUE,,,,,,,,,
"triggered by these issues, we present",False,Solving_problems_improvements_mitigation,LLMgenerated,triggered by,motivation-family,STRONG-TRUE,,,,,,,,,
"triggered by these issues, we propose",False,Solving_problems_improvements_mitigation,LLMgenerated,triggered by,motivation-family,STRONG-TRUE,,,,,,,,,
"triggered by these limitations, we design",False,Solving_problems_improvements_mitigation,LLMgenerated,triggered by,motivation-family,STRONG-TRUE,,,,,,,,,
"triggered by these limitations, we develop",False,Solving_problems_improvements_mitigation,LLMgenerated,triggered by,motivation-family,STRONG-TRUE,,,,,,,,,
"triggered by these limitations, we introduce",False,Solving_problems_improvements_mitigation,LLMgenerated,triggered by,motivation-family,STRONG-TRUE,,,,,,,,,
"triggered by these limitations, we present",False,Solving_problems_improvements_mitigation,LLMgenerated,triggered by,motivation-family,STRONG-TRUE,,,,,,,,,
"triggered by these limitations, we propose",False,Solving_problems_improvements_mitigation,LLMgenerated,triggered by,motivation-family,STRONG-TRUE,,,,,,,,,
"triggered by this challenge, we design",False,Solving_problems_improvements_mitigation,LLMgenerated,triggered by,motivation-family,STRONG-TRUE,,,,,,,,,
"triggered by this challenge, we develop",False,Solving_problems_improvements_mitigation,LLMgenerated,triggered by,motivation-family,STRONG-TRUE,,,,,,,,,
"triggered by this challenge, we introduce",False,Solving_problems_improvements_mitigation,LLMgenerated,triggered by,motivation-family,STRONG-TRUE,,,,,,,,,
"triggered by this challenge, we present",False,Solving_problems_improvements_mitigation,LLMgenerated,triggered by,motivation-family,STRONG-TRUE,,,,,,,,,
"triggered by this challenge, we propose",False,Solving_problems_improvements_mitigation,LLMgenerated,triggered by,motivation-family,STRONG-TRUE,,,,,,,,,
"triggered by this gap, we design",False,Solving_problems_improvements_mitigation,LLMgenerated,triggered by,motivation-family,STRONG-TRUE,,,,,,,,,
"triggered by this gap, we develop",False,Solving_problems_improvements_mitigation,LLMgenerated,triggered by,motivation-family,STRONG-TRUE,,,,,,,,,
"triggered by this gap, we introduce",False,Solving_problems_improvements_mitigation,LLMgenerated,triggered by,motivation-family,STRONG-TRUE,,,,,,,,,
"triggered by this gap, we present",False,Solving_problems_improvements_mitigation,LLMgenerated,triggered by,motivation-family,STRONG-TRUE,,,,,,,,,
"triggered by this gap, we propose",False,Solving_problems_improvements_mitigation,LLMgenerated,triggered by,motivation-family,STRONG-TRUE,,,,,,,,,
"triggered by this issue, we design",False,Solving_problems_improvements_mitigation,LLMgenerated,triggered by,motivation-family,STRONG-TRUE,,,,,,,,,
"triggered by this issue, we develop",False,Solving_problems_improvements_mitigation,LLMgenerated,triggered by,motivation-family,STRONG-TRUE,,,,,,,,,
"triggered by this issue, we introduce",False,Solving_problems_improvements_mitigation,LLMgenerated,triggered by,motivation-family,STRONG-TRUE,,,,,,,,,
"triggered by this issue, we present",False,Solving_problems_improvements_mitigation,LLMgenerated,triggered by,motivation-family,STRONG-TRUE,,,,,,,,,
"triggered by this issue, we propose",False,Solving_problems_improvements_mitigation,LLMgenerated,triggered by,motivation-family,STRONG-TRUE,,,,,,,,,
"triggered by this limitation, we design",False,Solving_problems_improvements_mitigation,LLMgenerated,triggered by,motivation-family,STRONG-TRUE,,,,,,,,,
"triggered by this limitation, we develop",False,Solving_problems_improvements_mitigation,LLMgenerated,triggered by,motivation-family,STRONG-TRUE,,,,,,,,,
"triggered by this limitation, we introduce",False,Solving_problems_improvements_mitigation,LLMgenerated,triggered by,motivation-family,STRONG-TRUE,,,,,,,,,
"triggered by this limitation, we present",False,Solving_problems_improvements_mitigation,LLMgenerated,triggered by,motivation-family,STRONG-TRUE,,,,,,,,,
"triggered by this limitation, we propose",False,Solving_problems_improvements_mitigation,LLMgenerated,triggered by,motivation-family,STRONG-TRUE,,,,,,,,,
"triggered by this problem, we design",False,Solving_problems_improvements_mitigation,LLMgenerated,triggered by,motivation-family,STRONG-TRUE,,,,,,,,,
"triggered by this problem, we develop",False,Solving_problems_improvements_mitigation,LLMgenerated,triggered by,motivation-family,STRONG-TRUE,,,,,,,,,
"triggered by this problem, we introduce",False,Solving_problems_improvements_mitigation,LLMgenerated,triggered by,motivation-family,STRONG-TRUE,,,,,,,,,
"triggered by this problem, we present",False,Solving_problems_improvements_mitigation,LLMgenerated,triggered by,motivation-family,STRONG-TRUE,,,,,,,,,
"triggered by this problem, we propose",False,Solving_problems_improvements_mitigation,LLMgenerated,triggered by,motivation-family,STRONG-TRUE,,,,,,,,,
"to overcome these limitations, we design",False,Solving_problems_improvements_mitigation,LLMgenerated,to overcome,overcome-combined,STRONG-TRUE,,,,,,,,,
"to overcome these limitations, we develop",False,Solving_problems_improvements_mitigation,LLMgenerated,to overcome,overcome-combined,STRONG-TRUE,,,,,,,,,
"to overcome these limitations, we introduce",False,Solving_problems_improvements_mitigation,LLMgenerated,to overcome,overcome-combined,STRONG-TRUE,,,,,,,,,
"to overcome these limitations, we present",False,Solving_problems_improvements_mitigation,LLMgenerated,to overcome,overcome-combined,STRONG-TRUE,,,,,,,,,
"to overcome these limitations, we propose",False,Solving_problems_improvements_mitigation,LLMgenerated,to overcome,overcome-combined,STRONG-TRUE,,,,,,,,,
"to overcome this issue, we design",False,Solving_problems_improvements_mitigation,LLMgenerated,to overcome,overcome-combined,STRONG-TRUE,,,,,,,,,
"to overcome this issue, we develop",False,Solving_problems_improvements_mitigation,LLMgenerated,to overcome,overcome-combined,STRONG-TRUE,,,,,,,,,
"to overcome this issue, we introduce",False,Solving_problems_improvements_mitigation,LLMgenerated,to overcome,overcome-combined,STRONG-TRUE,,,,,,,,,
"to overcome this issue, we present",False,Solving_problems_improvements_mitigation,LLMgenerated,to overcome,overcome-combined,STRONG-TRUE,,,,,,,,,
"to overcome this issue, we propose",False,Solving_problems_improvements_mitigation,LLMgenerated,to overcome,overcome-combined,STRONG-TRUE,,,,,,,,,
"to overcome this limitation, we design",False,Solving_problems_improvements_mitigation,LLMgenerated,to overcome,overcome-combined,STRONG-TRUE,,,,,,,,,
"to overcome this limitation, we develop",False,Solving_problems_improvements_mitigation,LLMgenerated,to overcome,overcome-combined,STRONG-TRUE,,,,,,,,,
"to overcome this limitation, we introduce",False,Solving_problems_improvements_mitigation,LLMgenerated,to overcome,overcome-combined,STRONG-TRUE,,,,,,,,,
"to overcome this limitation, we present",False,Solving_problems_improvements_mitigation,LLMgenerated,to overcome,overcome-combined,STRONG-TRUE,,,,,,,,,
"to overcome this limitation, we propose",False,Solving_problems_improvements_mitigation,LLMgenerated,to overcome,overcome-combined,STRONG-TRUE,,,,,,,,,
"to overcome this, we design",False,Solving_problems_improvements_mitigation,LLMgenerated,to overcome,overcome-combined,STRONG-TRUE,,,,,,,,,
"to overcome this, we develop",False,Solving_problems_improvements_mitigation,LLMgenerated,to overcome,overcome-combined,STRONG-TRUE,,,,,,,,,
"to overcome this, we introduce",False,Solving_problems_improvements_mitigation,LLMgenerated,to overcome,overcome-combined,STRONG-TRUE,,,,,,,,,
"to overcome this, we present",False,Solving_problems_improvements_mitigation,LLMgenerated,to overcome,overcome-combined,STRONG-TRUE,,,,,,,,,
"to overcome this, we propose",False,Solving_problems_improvements_mitigation,LLMgenerated,to overcome,overcome-combined,STRONG-TRUE,,,,,,,,,
overcoming these biases,False,Solving_problems_improvements_mitigation,LLMgenerated,to overcome,overcome-family,STRONG-TRUE,,,,,,,,,
overcoming these effects,False,Solving_problems_improvements_mitigation,LLMgenerated,to overcome,overcome-family,STRONG-TRUE,,,,,,,,,
overcoming these issues,False,Solving_problems_improvements_mitigation,LLMgenerated,to overcome,overcome-family,STRONG-TRUE,,,,,,,,,
overcoming these limitations,False,Solving_problems_improvements_mitigation,LLMgenerated,to overcome,overcome-family,STRONG-TRUE,,,,,,,,,
overcoming these points,False,Solving_problems_improvements_mitigation,LLMgenerated,to overcome,overcome-family,STRONG-TRUE,,,,,,,,,
overcoming these problems,False,Solving_problems_improvements_mitigation,LLMgenerated,to overcome,overcome-family,STRONG-TRUE,,,,,,,,,
overcoming these risks,False,Solving_problems_improvements_mitigation,LLMgenerated,to overcome,overcome-family,STRONG-TRUE,,,,,,,,,
overcoming this bias,False,Solving_problems_improvements_mitigation,LLMgenerated,to overcome,overcome-family,STRONG-TRUE,,,,,,,,,
overcoming this effect,False,Solving_problems_improvements_mitigation,LLMgenerated,to overcome,overcome-family,STRONG-TRUE,,,,,,,,,
overcoming this issue,False,Solving_problems_improvements_mitigation,LLMgenerated,to overcome,overcome-family,STRONG-TRUE,,,,,,,,,
overcoming this limitation,False,Solving_problems_improvements_mitigation,LLMgenerated,to overcome,overcome-family,STRONG-TRUE,,,,,,,,,
overcoming this point,False,Solving_problems_improvements_mitigation,LLMgenerated,to overcome,overcome-family,STRONG-TRUE,,,,,,,,,
overcoming this problem,False,Solving_problems_improvements_mitigation,LLMgenerated,to overcome,overcome-family,STRONG-TRUE,,,,,,,,,
overcoming this risk,False,Solving_problems_improvements_mitigation,LLMgenerated,to overcome,overcome-family,STRONG-TRUE,,,,,,,,,
overcoming those points,False,Solving_problems_improvements_mitigation,LLMgenerated,to overcome,overcome-family,STRONG-TRUE,,,,,,,,,
to overcome the above,False,Solving_problems_improvements_mitigation,LLMgenerated,to overcome,overcome-family,STRONG-TRUE,,,,,,,,,
to overcome the above limitations,False,Solving_problems_improvements_mitigation,LLMgenerated,to overcome,overcome-family,STRONG-TRUE,,,,,,,,,
to overcome the aforementioned limitation,False,Solving_problems_improvements_mitigation,LLMgenerated,to overcome,overcome-family,STRONG-TRUE,,,,,,,,,
to overcome the limitations of this approach,False,Solving_problems_improvements_mitigation,LLMgenerated,to overcome,overcome-family,STRONG-TRUE,,,,,,,,,
to overcome these bias problems,False,Solving_problems_improvements_mitigation,LLMgenerated,to overcome,overcome-family,STRONG-TRUE,,,,,,,,,
to overcome these biases,False,Solving_problems_improvements_mitigation,LLMgenerated,to overcome,overcome-family,STRONG-TRUE,,,,,,,,,
to overcome these challenges,False,Solving_problems_improvements_mitigation,LLMgenerated,to overcome,overcome-family,STRONG-TRUE,,,,,,,,,
to overcome these concerns,False,Solving_problems_improvements_mitigation,LLMgenerated,to overcome,overcome-family,STRONG-TRUE,,,,,,,,,
to overcome these differences,False,Solving_problems_improvements_mitigation,LLMgenerated,to overcome,overcome-family,STRONG-TRUE,,,,,,,,,
to overcome these effects,False,Solving_problems_improvements_mitigation,LLMgenerated,to overcome,overcome-family,STRONG-TRUE,,,,,,,,,
to overcome these issues,False,Solving_problems_improvements_mitigation,LLMgenerated,to overcome,overcome-family,STRONG-TRUE,,,,,,,,,
to overcome these limitations,False,Solving_problems_improvements_mitigation,LLMgenerated,to overcome,overcome-family,STRONG-TRUE,,,,,,,,,
to overcome these points,False,Solving_problems_improvements_mitigation,LLMgenerated,to overcome,overcome-family,STRONG-TRUE,,,,,,,,,
to overcome these possibilities,False,Solving_problems_improvements_mitigation,LLMgenerated,to overcome,overcome-family,STRONG-TRUE,,,,,,,,,
to overcome these potential limitations,False,Solving_problems_improvements_mitigation,LLMgenerated,to overcome,overcome-family,STRONG-TRUE,,,,,,,,,
to overcome these potential limitations and biases,False,Solving_problems_improvements_mitigation,LLMgenerated,to overcome,overcome-family,STRONG-TRUE,,,,,,,,,
to overcome these risks,False,Solving_problems_improvements_mitigation,LLMgenerated,to overcome,overcome-family,STRONG-TRUE,,,,,,,,,
to overcome these symptoms,False,Solving_problems_improvements_mitigation,LLMgenerated,to overcome,overcome-family,STRONG-TRUE,,,,,,,,,
to overcome these threats,False,Solving_problems_improvements_mitigation,LLMgenerated,to overcome,overcome-family,STRONG-TRUE,,,,,,,,,
to overcome this bias,False,Solving_problems_improvements_mitigation,LLMgenerated,to overcome,overcome-family,STRONG-TRUE,,,,,,,,,
to overcome this disease,False,Solving_problems_improvements_mitigation,LLMgenerated,to overcome,overcome-family,STRONG-TRUE,,,,,,,,,
to overcome this effect,False,Solving_problems_improvements_mitigation,LLMgenerated,to overcome,overcome-family,STRONG-TRUE,,,,,,,,,
to overcome this issue,False,Solving_problems_improvements_mitigation,LLMgenerated,to overcome,overcome-family,STRONG-TRUE,,,,,,,,,
to overcome this limitation,False,Solving_problems_improvements_mitigation,LLMgenerated,to overcome,overcome-family,STRONG-TRUE,,,,,,,,,
to overcome this point,False,Solving_problems_improvements_mitigation,LLMgenerated,to overcome,overcome-family,STRONG-TRUE,,,,,,,,,
to overcome this possibility,False,Solving_problems_improvements_mitigation,LLMgenerated,to overcome,overcome-family,STRONG-TRUE,,,,,,,,,
to overcome this problem,False,Solving_problems_improvements_mitigation,LLMgenerated,to overcome,overcome-family,STRONG-TRUE,,,,,,,,,
to overcome this risk,False,Solving_problems_improvements_mitigation,LLMgenerated,to overcome,overcome-family,STRONG-TRUE,,,,,,,,,
to overcome this symptom,False,Solving_problems_improvements_mitigation,LLMgenerated,to overcome,overcome-family,STRONG-TRUE,,,,,,,,,
to overcome this threat,False,Solving_problems_improvements_mitigation,LLMgenerated,to overcome,overcome-family,STRONG-TRUE,,,,,,,,,
to overcome those challenges,False,Solving_problems_improvements_mitigation,LLMgenerated,to overcome,overcome-family,STRONG-TRUE,,,,,,,,,
to overcome those issues,False,Solving_problems_improvements_mitigation,LLMgenerated,to overcome,overcome-family,STRONG-TRUE,,,,,,,,,
to overcome those limitations,False,Solving_problems_improvements_mitigation,LLMgenerated,to overcome,overcome-family,STRONG-TRUE,,,,,,,,,
to overcome those points,False,Solving_problems_improvements_mitigation,LLMgenerated,to overcome,overcome-family,STRONG-TRUE,,,,,,,,,
to overcome those problems,False,Solving_problems_improvements_mitigation,LLMgenerated,to overcome,overcome-family,STRONG-TRUE,,,,,,,,,
to overcome those symptoms,False,Solving_problems_improvements_mitigation,LLMgenerated,to overcome,overcome-family,STRONG-TRUE,,,,,,,,,
these challenges are addressed by,False,Solving_problems_improvements_mitigation,LLMgenerated,are addressed by,passive-family,STRONG-TRUE,,,,,,,,,
these challenges are alleviated by,False,Solving_problems_improvements_mitigation,LLMgenerated,are alleviated by,passive-family,STRONG-TRUE,,,,,,,,,
these challenges are avoided by,False,Solving_problems_improvements_mitigation,LLMgenerated,are avoided by,passive-family,STRONG-TRUE,,,,,,,,,
these challenges are bypassed by,False,Solving_problems_improvements_mitigation,LLMgenerated,are bypassed by,passive-family,STRONG-TRUE,,,,,,,,,
these challenges are circumvented by,False,Solving_problems_improvements_mitigation,LLMgenerated,are circumvented by,passive-family,STRONG-TRUE,,,,,,,,,
these challenges are countered by,False,Solving_problems_improvements_mitigation,LLMgenerated,are countered by,passive-family,STRONG-TRUE,,,,,,,,,
these challenges are eliminated by,False,Solving_problems_improvements_mitigation,LLMgenerated,are eliminated by,passive-family,STRONG-TRUE,,,,,,,,,
these challenges are fixed by,False,Solving_problems_improvements_mitigation,LLMgenerated,are fixed by,passive-family,STRONG-TRUE,,,,,,,,,
these challenges are handled by,False,Solving_problems_improvements_mitigation,LLMgenerated,are handled by,passive-family,STRONG-TRUE,,,,,,,,,
these challenges are mitigated by,False,Solving_problems_improvements_mitigation,LLMgenerated,are mitigated by,passive-family,STRONG-TRUE,,,,,,,,,
these challenges are overcome by,False,Solving_problems_improvements_mitigation,LLMgenerated,are overcome by,passive-family,STRONG-TRUE,,,,,,,,,
these challenges are prevented by,False,Solving_problems_improvements_mitigation,LLMgenerated,are prevented by,passive-family,STRONG-TRUE,,,,,,,,,
these challenges are remedied by,False,Solving_problems_improvements_mitigation,LLMgenerated,are remedied by,passive-family,STRONG-TRUE,,,,,,,,,
these challenges are resolved by,False,Solving_problems_improvements_mitigation,LLMgenerated,are resolved by,passive-family,STRONG-TRUE,,,,,,,,,
these challenges are solved by,False,Solving_problems_improvements_mitigation,LLMgenerated,are solved by,passive-family,STRONG-TRUE,,,,,,,,,
these challenges are tackled by,False,Solving_problems_improvements_mitigation,LLMgenerated,are tackled by,passive-family,STRONG-TRUE,,,,,,,,,
these challenges can be addressed by,False,Solving_problems_improvements_mitigation,LLMgenerated,are addressed by,passive-family,STRONG-TRUE,,,,,,,,,
these challenges can be alleviated by,False,Solving_problems_improvements_mitigation,LLMgenerated,are alleviated by,passive-family,STRONG-TRUE,,,,,,,,,
these challenges can be avoided by,False,Solving_problems_improvements_mitigation,LLMgenerated,are avoided by,passive-family,STRONG-TRUE,,,,,,,,,
these challenges can be bypassed by,False,Solving_problems_improvements_mitigation,LLMgenerated,are bypassed by,passive-family,STRONG-TRUE,,,,,,,,,
these challenges can be circumvented by,False,Solving_problems_improvements_mitigation,LLMgenerated,are circumvented by,passive-family,STRONG-TRUE,,,,,,,,,
these challenges can be countered by,False,Solving_problems_improvements_mitigation,LLMgenerated,are countered by,passive-family,STRONG-TRUE,,,,,,,,,
these challenges can be eliminated by,False,Solving_problems_improvements_mitigation,LLMgenerated,are eliminated by,passive-family,STRONG-TRUE,,,,,,,,,
these challenges can be fixed by,False,Solving_problems_improvements_mitigation,LLMgenerated,are fixed by,passive-family,STRONG-TRUE,,,,,,,,,
these challenges can be handled by,False,Solving_problems_improvements_mitigation,LLMgenerated,are handled by,passive-family,STRONG-TRUE,,,,,,,,,
these challenges can be mitigated by,False,Solving_problems_improvements_mitigation,LLMgenerated,are mitigated by,passive-family,STRONG-TRUE,,,,,,,,,
these challenges can be overcome by,False,Solving_problems_improvements_mitigation,LLMgenerated,are overcome by,passive-family,STRONG-TRUE,,,,,,,,,
these challenges can be prevented by,False,Solving_problems_improvements_mitigation,LLMgenerated,are prevented by,passive-family,STRONG-TRUE,,,,,,,,,
these challenges can be remedied by,False,Solving_problems_improvements_mitigation,LLMgenerated,are remedied by,passive-family,STRONG-TRUE,,,,,,,,,
these challenges can be resolved by,False,Solving_problems_improvements_mitigation,LLMgenerated,are resolved by,passive-family,STRONG-TRUE,,,,,,,,,
these challenges can be solved by,False,Solving_problems_improvements_mitigation,LLMgenerated,are solved by,passive-family,STRONG-TRUE,,,,,,,,,
these challenges can be tackled by,False,Solving_problems_improvements_mitigation,LLMgenerated,are tackled by,passive-family,STRONG-TRUE,,,,,,,,,
these issues are addressed by,False,Solving_problems_improvements_mitigation,LLMgenerated,are addressed by,passive-family,STRONG-TRUE,,,,,,,,,
these issues are alleviated by,False,Solving_problems_improvements_mitigation,LLMgenerated,are alleviated by,passive-family,STRONG-TRUE,,,,,,,,,
these issues are avoided by,False,Solving_problems_improvements_mitigation,LLMgenerated,are avoided by,passive-family,STRONG-TRUE,,,,,,,,,
these issues are bypassed by,False,Solving_problems_improvements_mitigation,LLMgenerated,are bypassed by,passive-family,STRONG-TRUE,,,,,,,,,
these issues are circumvented by,False,Solving_problems_improvements_mitigation,LLMgenerated,are circumvented by,passive-family,STRONG-TRUE,,,,,,,,,
these issues are countered by,False,Solving_problems_improvements_mitigation,LLMgenerated,are countered by,passive-family,STRONG-TRUE,,,,,,,,,
these issues are eliminated by,False,Solving_problems_improvements_mitigation,LLMgenerated,are eliminated by,passive-family,STRONG-TRUE,,,,,,,,,
these issues are fixed by,False,Solving_problems_improvements_mitigation,LLMgenerated,are fixed by,passive-family,STRONG-TRUE,,,,,,,,,
these issues are handled by,False,Solving_problems_improvements_mitigation,LLMgenerated,are handled by,passive-family,STRONG-TRUE,,,,,,,,,
these issues are mitigated by,False,Solving_problems_improvements_mitigation,LLMgenerated,are mitigated by,passive-family,STRONG-TRUE,,,,,,,,,
these issues are overcome by,False,Solving_problems_improvements_mitigation,LLMgenerated,are overcome by,passive-family,STRONG-TRUE,,,,,,,,,
these issues are prevented by,False,Solving_problems_improvements_mitigation,LLMgenerated,are prevented by,passive-family,STRONG-TRUE,,,,,,,,,
these issues are remedied by,False,Solving_problems_improvements_mitigation,LLMgenerated,are remedied by,passive-family,STRONG-TRUE,,,,,,,,,
these issues are resolved by,False,Solving_problems_improvements_mitigation,LLMgenerated,are resolved by,passive-family,STRONG-TRUE,,,,,,,,,
these issues are solved by,False,Solving_problems_improvements_mitigation,LLMgenerated,are solved by,passive-family,STRONG-TRUE,,,,,,,,,
these issues are tackled by,False,Solving_problems_improvements_mitigation,LLMgenerated,are tackled by,passive-family,STRONG-TRUE,,,,,,,,,
these issues can be addressed by,False,Solving_problems_improvements_mitigation,LLMgenerated,are addressed by,passive-family,STRONG-TRUE,,,,,,,,,
these issues can be alleviated by,False,Solving_problems_improvements_mitigation,LLMgenerated,are alleviated by,passive-family,STRONG-TRUE,,,,,,,,,
these issues can be avoided by,False,Solving_problems_improvements_mitigation,LLMgenerated,are avoided by,passive-family,STRONG-TRUE,,,,,,,,,
these issues can be bypassed by,False,Solving_problems_improvements_mitigation,LLMgenerated,are bypassed by,passive-family,STRONG-TRUE,,,,,,,,,
these issues can be circumvented by,False,Solving_problems_improvements_mitigation,LLMgenerated,are circumvented by,passive-family,STRONG-TRUE,,,,,,,,,
these issues can be countered by,False,Solving_problems_improvements_mitigation,LLMgenerated,are countered by,passive-family,STRONG-TRUE,,,,,,,,,
these issues can be eliminated by,False,Solving_problems_improvements_mitigation,LLMgenerated,are eliminated by,passive-family,STRONG-TRUE,,,,,,,,,
these issues can be fixed by,False,Solving_problems_improvements_mitigation,LLMgenerated,are fixed by,passive-family,STRONG-TRUE,,,,,,,,,
these issues can be handled by,False,Solving_problems_improvements_mitigation,LLMgenerated,are handled by,passive-family,STRONG-TRUE,,,,,,,,,
these issues can be mitigated by,False,Solving_problems_improvements_mitigation,LLMgenerated,are mitigated by,passive-family,STRONG-TRUE,,,,,,,,,
these issues can be overcome by,False,Solving_problems_improvements_mitigation,LLMgenerated,are overcome by,passive-family,STRONG-TRUE,,,,,,,,,
these issues can be prevented by,False,Solving_problems_improvements_mitigation,LLMgenerated,are prevented by,passive-family,STRONG-TRUE,,,,,,,,,
these issues can be remedied by,False,Solving_problems_improvements_mitigation,LLMgenerated,are remedied by,passive-family,STRONG-TRUE,,,,,,,,,
these issues can be resolved by,False,Solving_problems_improvements_mitigation,LLMgenerated,are resolved by,passive-family,STRONG-TRUE,,,,,,,,,
these issues can be solved by,False,Solving_problems_improvements_mitigation,LLMgenerated,are solved by,passive-family,STRONG-TRUE,,,,,,,,,
these issues can be tackled by,False,Solving_problems_improvements_mitigation,LLMgenerated,are tackled by,passive-family,STRONG-TRUE,,,,,,,,,
these limitations are addressed by,False,Solving_problems_improvements_mitigation,LLMgenerated,are addressed by,passive-family,STRONG-TRUE,,,,,,,,,
these limitations are alleviated by,False,Solving_problems_improvements_mitigation,LLMgenerated,are alleviated by,passive-family,STRONG-TRUE,,,,,,,,,
these limitations are avoided by,False,Solving_problems_improvements_mitigation,LLMgenerated,are avoided by,passive-family,STRONG-TRUE,,,,,,,,,
these limitations are bypassed by,False,Solving_problems_improvements_mitigation,LLMgenerated,are bypassed by,passive-family,STRONG-TRUE,,,,,,,,,
these limitations are circumvented by,False,Solving_problems_improvements_mitigation,LLMgenerated,are circumvented by,passive-family,STRONG-TRUE,,,,,,,,,
these limitations are countered by,False,Solving_problems_improvements_mitigation,LLMgenerated,are countered by,passive-family,STRONG-TRUE,,,,,,,,,
these limitations are eliminated by,False,Solving_problems_improvements_mitigation,LLMgenerated,are eliminated by,passive-family,STRONG-TRUE,,,,,,,,,
these limitations are fixed by,False,Solving_problems_improvements_mitigation,LLMgenerated,are fixed by,passive-family,STRONG-TRUE,,,,,,,,,
these limitations are handled by,False,Solving_problems_improvements_mitigation,LLMgenerated,are handled by,passive-family,STRONG-TRUE,,,,,,,,,
these limitations are mitigated by,False,Solving_problems_improvements_mitigation,LLMgenerated,are mitigated by,passive-family,STRONG-TRUE,,,,,,,,,
these limitations are overcome by,False,Solving_problems_improvements_mitigation,LLMgenerated,are overcome by,passive-family,STRONG-TRUE,,,,,,,,,
these limitations are prevented by,False,Solving_problems_improvements_mitigation,LLMgenerated,are prevented by,passive-family,STRONG-TRUE,,,,,,,,,
these limitations are remedied by,False,Solving_problems_improvements_mitigation,LLMgenerated,are remedied by,passive-family,STRONG-TRUE,,,,,,,,,
these limitations are resolved by,False,Solving_problems_improvements_mitigation,LLMgenerated,are resolved by,passive-family,STRONG-TRUE,,,,,,,,,
these limitations are solved by,False,Solving_problems_improvements_mitigation,LLMgenerated,are solved by,passive-family,STRONG-TRUE,,,,,,,,,
these limitations are tackled by,False,Solving_problems_improvements_mitigation,LLMgenerated,are tackled by,passive-family,STRONG-TRUE,,,,,,,,,
these limitations can be addressed by,False,Solving_problems_improvements_mitigation,LLMgenerated,are addressed by,passive-family,STRONG-TRUE,,,,,,,,,
these limitations can be alleviated by,False,Solving_problems_improvements_mitigation,LLMgenerated,are alleviated by,passive-family,STRONG-TRUE,,,,,,,,,
these limitations can be avoided by,False,Solving_problems_improvements_mitigation,LLMgenerated,are avoided by,passive-family,STRONG-TRUE,,,,,,,,,
these limitations can be bypassed by,False,Solving_problems_improvements_mitigation,LLMgenerated,are bypassed by,passive-family,STRONG-TRUE,,,,,,,,,
these limitations can be circumvented by,False,Solving_problems_improvements_mitigation,LLMgenerated,are circumvented by,passive-family,STRONG-TRUE,,,,,,,,,
these limitations can be countered by,False,Solving_problems_improvements_mitigation,LLMgenerated,are countered by,passive-family,STRONG-TRUE,,,,,,,,,
these limitations can be eliminated by,False,Solving_problems_improvements_mitigation,LLMgenerated,are eliminated by,passive-family,STRONG-TRUE,,,,,,,,,
these limitations can be fixed by,False,Solving_problems_improvements_mitigation,LLMgenerated,are fixed by,passive-family,STRONG-TRUE,,,,,,,,,
these limitations can be handled by,False,Solving_problems_improvements_mitigation,LLMgenerated,are handled by,passive-family,STRONG-TRUE,,,,,,,,,
these limitations can be mitigated by,False,Solving_problems_improvements_mitigation,LLMgenerated,are mitigated by,passive-family,STRONG-TRUE,,,,,,,,,
these limitations can be overcome by,False,Solving_problems_improvements_mitigation,LLMgenerated,are overcome by,passive-family,STRONG-TRUE,,,,,,,,,
these limitations can be prevented by,False,Solving_problems_improvements_mitigation,LLMgenerated,are prevented by,passive-family,STRONG-TRUE,,,,,,,,,
these limitations can be remedied by,False,Solving_problems_improvements_mitigation,LLMgenerated,are remedied by,passive-family,STRONG-TRUE,,,,,,,,,
these limitations can be resolved by,False,Solving_problems_improvements_mitigation,LLMgenerated,are resolved by,passive-family,STRONG-TRUE,,,,,,,,,
these limitations can be solved by,False,Solving_problems_improvements_mitigation,LLMgenerated,are solved by,passive-family,STRONG-TRUE,,,,,,,,,
these limitations can be tackled by,False,Solving_problems_improvements_mitigation,LLMgenerated,are tackled by,passive-family,STRONG-TRUE,,,,,,,,,
these problems are addressed by,False,Solving_problems_improvements_mitigation,LLMgenerated,are addressed by,passive-family,STRONG-TRUE,,,,,,,,,
these problems are alleviated by,False,Solving_problems_improvements_mitigation,LLMgenerated,are alleviated by,passive-family,STRONG-TRUE,,,,,,,,,
these problems are avoided by,False,Solving_problems_improvements_mitigation,LLMgenerated,are avoided by,passive-family,STRONG-TRUE,,,,,,,,,
these problems are bypassed by,False,Solving_problems_improvements_mitigation,LLMgenerated,are bypassed by,passive-family,STRONG-TRUE,,,,,,,,,
these problems are circumvented by,False,Solving_problems_improvements_mitigation,LLMgenerated,are circumvented by,passive-family,STRONG-TRUE,,,,,,,,,
these problems are countered by,False,Solving_problems_improvements_mitigation,LLMgenerated,are countered by,passive-family,STRONG-TRUE,,,,,,,,,
these problems are eliminated by,False,Solving_problems_improvements_mitigation,LLMgenerated,are eliminated by,passive-family,STRONG-TRUE,,,,,,,,,
these problems are fixed by,False,Solving_problems_improvements_mitigation,LLMgenerated,are fixed by,passive-family,STRONG-TRUE,,,,,,,,,
these problems are handled by,False,Solving_problems_improvements_mitigation,LLMgenerated,are handled by,passive-family,STRONG-TRUE,,,,,,,,,
these problems are mitigated by,False,Solving_problems_improvements_mitigation,LLMgenerated,are mitigated by,passive-family,STRONG-TRUE,,,,,,,,,
these problems are overcome by,False,Solving_problems_improvements_mitigation,LLMgenerated,are overcome by,passive-family,STRONG-TRUE,,,,,,,,,
these problems are prevented by,False,Solving_problems_improvements_mitigation,LLMgenerated,are prevented by,passive-family,STRONG-TRUE,,,,,,,,,
these problems are remedied by,False,Solving_problems_improvements_mitigation,LLMgenerated,are remedied by,passive-family,STRONG-TRUE,,,,,,,,,
these problems are resolved by,False,Solving_problems_improvements_mitigation,LLMgenerated,are resolved by,passive-family,STRONG-TRUE,,,,,,,,,
these problems are solved by,False,Solving_problems_improvements_mitigation,LLMgenerated,are solved by,passive-family,STRONG-TRUE,,,,,,,,,
these problems are tackled by,False,Solving_problems_improvements_mitigation,LLMgenerated,are tackled by,passive-family,STRONG-TRUE,,,,,,,,,
these problems can be addressed by,False,Solving_problems_improvements_mitigation,LLMgenerated,are addressed by,passive-family,STRONG-TRUE,,,,,,,,,
these problems can be alleviated by,False,Solving_problems_improvements_mitigation,LLMgenerated,are alleviated by,passive-family,STRONG-TRUE,,,,,,,,,
these problems can be avoided by,False,Solving_problems_improvements_mitigation,LLMgenerated,are avoided by,passive-family,STRONG-TRUE,,,,,,,,,
these problems can be bypassed by,False,Solving_problems_improvements_mitigation,LLMgenerated,are bypassed by,passive-family,STRONG-TRUE,,,,,,,,,
these problems can be circumvented by,False,Solving_problems_improvements_mitigation,LLMgenerated,are circumvented by,passive-family,STRONG-TRUE,,,,,,,,,
these problems can be countered by,False,Solving_problems_improvements_mitigation,LLMgenerated,are countered by,passive-family,STRONG-TRUE,,,,,,,,,
these problems can be eliminated by,False,Solving_problems_improvements_mitigation,LLMgenerated,are eliminated by,passive-family,STRONG-TRUE,,,,,,,,,
these problems can be fixed by,False,Solving_problems_improvements_mitigation,LLMgenerated,are fixed by,passive-family,STRONG-TRUE,,,,,,,,,
these problems can be handled by,False,Solving_problems_improvements_mitigation,LLMgenerated,are handled by,passive-family,STRONG-TRUE,,,,,,,,,
these problems can be mitigated by,False,Solving_problems_improvements_mitigation,LLMgenerated,are mitigated by,passive-family,STRONG-TRUE,,,,,,,,,
these problems can be overcome by,False,Solving_problems_improvements_mitigation,LLMgenerated,are overcome by,passive-family,STRONG-TRUE,,,,,,,,,
these problems can be prevented by,False,Solving_problems_improvements_mitigation,LLMgenerated,are prevented by,passive-family,STRONG-TRUE,,,,,,,,,
these problems can be remedied by,False,Solving_problems_improvements_mitigation,LLMgenerated,are remedied by,passive-family,STRONG-TRUE,,,,,,,,,
these problems can be resolved by,False,Solving_problems_improvements_mitigation,LLMgenerated,are resolved by,passive-family,STRONG-TRUE,,,,,,,,,
these problems can be solved by,False,Solving_problems_improvements_mitigation,LLMgenerated,are solved by,passive-family,STRONG-TRUE,,,,,,,,,
these problems can be tackled by,False,Solving_problems_improvements_mitigation,LLMgenerated,are tackled by,passive-family,STRONG-TRUE,,,,,,,,,
this can be addressed by,False,Solving_problems_improvements_mitigation,LLMgenerated,is addressed by,passive-family,STRONG-TRUE,,,,,,,,,
this can be alleviated by,False,Solving_problems_improvements_mitigation,LLMgenerated,is alleviated by,passive-family,STRONG-TRUE,,,,,,,,,
this can be avoided by,False,Solving_problems_improvements_mitigation,LLMgenerated,is avoided by,passive-family,STRONG-TRUE,,,,,,,,,
this can be bypassed by,False,Solving_problems_improvements_mitigation,LLMgenerated,is bypassed by,passive-family,STRONG-TRUE,,,,,,,,,
this can be circumvented by,False,Solving_problems_improvements_mitigation,LLMgenerated,is circumvented by,passive-family,STRONG-TRUE,,,,,,,,,
this can be countered by,False,Solving_problems_improvements_mitigation,LLMgenerated,is countered by,passive-family,STRONG-TRUE,,,,,,,,,
this can be eliminated by,False,Solving_problems_improvements_mitigation,LLMgenerated,is eliminated by,passive-family,STRONG-TRUE,,,,,,,,,
this can be fixed by,False,Solving_problems_improvements_mitigation,LLMgenerated,is fixed by,passive-family,STRONG-TRUE,,,,,,,,,
this can be handled by,False,Solving_problems_improvements_mitigation,LLMgenerated,is handled by,passive-family,STRONG-TRUE,,,,,,,,,
this can be mitigated by,False,Solving_problems_improvements_mitigation,LLMgenerated,is mitigated by,passive-family,STRONG-TRUE,,,,,,,,,
this can be overcome by,False,Solving_problems_improvements_mitigation,LLMgenerated,is overcome by,passive-family,STRONG-TRUE,,,,,,,,,
this can be prevented by,False,Solving_problems_improvements_mitigation,LLMgenerated,is prevented by,passive-family,STRONG-TRUE,,,,,,,,,
this can be remedied by,False,Solving_problems_improvements_mitigation,LLMgenerated,is remedied by,passive-family,STRONG-TRUE,,,,,,,,,
this can be resolved by,False,Solving_problems_improvements_mitigation,LLMgenerated,is resolved by,passive-family,STRONG-TRUE,,,,,,,,,
this can be solved by,False,Solving_problems_improvements_mitigation,LLMgenerated,is solved by,passive-family,STRONG-TRUE,,,,,,,,,
this can be tackled by,False,Solving_problems_improvements_mitigation,LLMgenerated,is tackled by,passive-family,STRONG-TRUE,,,,,,,,,
this challenge can be addressed by,False,Solving_problems_improvements_mitigation,LLMgenerated,is addressed by,passive-family,STRONG-TRUE,,,,,,,,,
this challenge can be alleviated by,False,Solving_problems_improvements_mitigation,LLMgenerated,is alleviated by,passive-family,STRONG-TRUE,,,,,,,,,
this challenge can be avoided by,False,Solving_problems_improvements_mitigation,LLMgenerated,is avoided by,passive-family,STRONG-TRUE,,,,,,,,,
this challenge can be bypassed by,False,Solving_problems_improvements_mitigation,LLMgenerated,is bypassed by,passive-family,STRONG-TRUE,,,,,,,,,
this challenge can be circumvented by,False,Solving_problems_improvements_mitigation,LLMgenerated,is circumvented by,passive-family,STRONG-TRUE,,,,,,,,,
this challenge can be countered by,False,Solving_problems_improvements_mitigation,LLMgenerated,is countered by,passive-family,STRONG-TRUE,,,,,,,,,
this challenge can be eliminated by,False,Solving_problems_improvements_mitigation,LLMgenerated,is eliminated by,passive-family,STRONG-TRUE,,,,,,,,,
this challenge can be fixed by,False,Solving_problems_improvements_mitigation,LLMgenerated,is fixed by,passive-family,STRONG-TRUE,,,,,,,,,
this challenge can be handled by,False,Solving_problems_improvements_mitigation,LLMgenerated,is handled by,passive-family,STRONG-TRUE,,,,,,,,,
this challenge can be mitigated by,False,Solving_problems_improvements_mitigation,LLMgenerated,is mitigated by,passive-family,STRONG-TRUE,,,,,,,,,
this challenge can be overcome by,False,Solving_problems_improvements_mitigation,LLMgenerated,is overcome by,passive-family,STRONG-TRUE,,,,,,,,,
this challenge can be prevented by,False,Solving_problems_improvements_mitigation,LLMgenerated,is prevented by,passive-family,STRONG-TRUE,,,,,,,,,
this challenge can be remedied by,False,Solving_problems_improvements_mitigation,LLMgenerated,is remedied by,passive-family,STRONG-TRUE,,,,,,,,,
this challenge can be resolved by,False,Solving_problems_improvements_mitigation,LLMgenerated,is resolved by,passive-family,STRONG-TRUE,,,,,,,,,
this challenge can be solved by,False,Solving_problems_improvements_mitigation,LLMgenerated,is solved by,passive-family,STRONG-TRUE,,,,,,,,,
this challenge can be tackled by,False,Solving_problems_improvements_mitigation,LLMgenerated,is tackled by,passive-family,STRONG-TRUE,,,,,,,,,
this challenge is addressed by,False,Solving_problems_improvements_mitigation,LLMgenerated,is addressed by,passive-family,STRONG-TRUE,,,,,,,,,
this challenge is alleviated by,False,Solving_problems_improvements_mitigation,LLMgenerated,is alleviated by,passive-family,STRONG-TRUE,,,,,,,,,
this challenge is avoided by,False,Solving_problems_improvements_mitigation,LLMgenerated,is avoided by,passive-family,STRONG-TRUE,,,,,,,,,
this challenge is bypassed by,False,Solving_problems_improvements_mitigation,LLMgenerated,is bypassed by,passive-family,STRONG-TRUE,,,,,,,,,
this challenge is circumvented by,False,Solving_problems_improvements_mitigation,LLMgenerated,is circumvented by,passive-family,STRONG-TRUE,,,,,,,,,
this challenge is countered by,False,Solving_problems_improvements_mitigation,LLMgenerated,is countered by,passive-family,STRONG-TRUE,,,,,,,,,
this challenge is eliminated by,False,Solving_problems_improvements_mitigation,LLMgenerated,is eliminated by,passive-family,STRONG-TRUE,,,,,,,,,
this challenge is fixed by,False,Solving_problems_improvements_mitigation,LLMgenerated,is fixed by,passive-family,STRONG-TRUE,,,,,,,,,
this challenge is handled by,False,Solving_problems_improvements_mitigation,LLMgenerated,is handled by,passive-family,STRONG-TRUE,,,,,,,,,
this challenge is mitigated by,False,Solving_problems_improvements_mitigation,LLMgenerated,is mitigated by,passive-family,STRONG-TRUE,,,,,,,,,
this challenge is overcome by,False,Solving_problems_improvements_mitigation,LLMgenerated,is overcome by,passive-family,STRONG-TRUE,,,,,,,,,
this challenge is prevented by,False,Solving_problems_improvements_mitigation,LLMgenerated,is prevented by,passive-family,STRONG-TRUE,,,,,,,,,
this challenge is remedied by,False,Solving_problems_improvements_mitigation,LLMgenerated,is remedied by,passive-family,STRONG-TRUE,,,,,,,,,
this challenge is resolved by,False,Solving_problems_improvements_mitigation,LLMgenerated,is resolved by,passive-family,STRONG-TRUE,,,,,,,,,
this challenge is solved by,False,Solving_problems_improvements_mitigation,LLMgenerated,is solved by,passive-family,STRONG-TRUE,,,,,,,,,
this challenge is tackled by,False,Solving_problems_improvements_mitigation,LLMgenerated,is tackled by,passive-family,STRONG-TRUE,,,,,,,,,
this is addressed by,False,Solving_problems_improvements_mitigation,LLMgenerated,is addressed by,passive-family,STRONG-TRUE,,,,,,,,,
this is alleviated by,False,Solving_problems_improvements_mitigation,LLMgenerated,is alleviated by,passive-family,STRONG-TRUE,,,,,,,,,
this is avoided by,False,Solving_problems_improvements_mitigation,LLMgenerated,is avoided by,passive-family,STRONG-TRUE,,,,,,,,,
this is bypassed by,False,Solving_problems_improvements_mitigation,LLMgenerated,is bypassed by,passive-family,STRONG-TRUE,,,,,,,,,
this is circumvented by,False,Solving_problems_improvements_mitigation,LLMgenerated,is circumvented by,passive-family,STRONG-TRUE,,,,,,,,,
this is countered by,False,Solving_problems_improvements_mitigation,LLMgenerated,is countered by,passive-family,STRONG-TRUE,,,,,,,,,
this is eliminated by,False,Solving_problems_improvements_mitigation,LLMgenerated,is eliminated by,passive-family,STRONG-TRUE,,,,,,,,,
this is fixed by,False,Solving_problems_improvements_mitigation,LLMgenerated,is fixed by,passive-family,STRONG-TRUE,,,,,,,,,
this is handled by,False,Solving_problems_improvements_mitigation,LLMgenerated,is handled by,passive-family,STRONG-TRUE,,,,,,,,,
this is mitigated by,False,Solving_problems_improvements_mitigation,LLMgenerated,is mitigated by,passive-family,STRONG-TRUE,,,,,,,,,
this is overcome by,False,Solving_problems_improvements_mitigation,LLMgenerated,is overcome by,passive-family,STRONG-TRUE,,,,,,,,,
this is prevented by,False,Solving_problems_improvements_mitigation,LLMgenerated,is prevented by,passive-family,STRONG-TRUE,,,,,,,,,
this is remedied by,False,Solving_problems_improvements_mitigation,LLMgenerated,is remedied by,passive-family,STRONG-TRUE,,,,,,,,,
this is resolved by,False,Solving_problems_improvements_mitigation,LLMgenerated,is resolved by,passive-family,STRONG-TRUE,,,,,,,,,
this is solved by,False,Solving_problems_improvements_mitigation,LLMgenerated,is solved by,passive-family,STRONG-TRUE,,,,,,,,,
this is tackled by,False,Solving_problems_improvements_mitigation,LLMgenerated,is tackled by,passive-family,STRONG-TRUE,,,,,,,,,
this issue can be addressed by,False,Solving_problems_improvements_mitigation,LLMgenerated,is addressed by,passive-family,STRONG-TRUE,,,,,,,,,
this issue can be alleviated by,False,Solving_problems_improvements_mitigation,LLMgenerated,is alleviated by,passive-family,STRONG-TRUE,,,,,,,,,
this issue can be avoided by,False,Solving_problems_improvements_mitigation,LLMgenerated,is avoided by,passive-family,STRONG-TRUE,,,,,,,,,
this issue can be bypassed by,False,Solving_problems_improvements_mitigation,LLMgenerated,is bypassed by,passive-family,STRONG-TRUE,,,,,,,,,
this issue can be circumvented by,False,Solving_problems_improvements_mitigation,LLMgenerated,is circumvented by,passive-family,STRONG-TRUE,,,,,,,,,
this issue can be countered by,False,Solving_problems_improvements_mitigation,LLMgenerated,is countered by,passive-family,STRONG-TRUE,,,,,,,,,
this issue can be eliminated by,False,Solving_problems_improvements_mitigation,LLMgenerated,is eliminated by,passive-family,STRONG-TRUE,,,,,,,,,
this issue can be fixed by,False,Solving_problems_improvements_mitigation,LLMgenerated,is fixed by,passive-family,STRONG-TRUE,,,,,,,,,
this issue can be handled by,False,Solving_problems_improvements_mitigation,LLMgenerated,is handled by,passive-family,STRONG-TRUE,,,,,,,,,
this issue can be mitigated by,False,Solving_problems_improvements_mitigation,LLMgenerated,is mitigated by,passive-family,STRONG-TRUE,,,,,,,,,
this issue can be overcome by,False,Solving_problems_improvements_mitigation,LLMgenerated,is overcome by,passive-family,STRONG-TRUE,,,,,,,,,
this issue can be prevented by,False,Solving_problems_improvements_mitigation,LLMgenerated,is prevented by,passive-family,STRONG-TRUE,,,,,,,,,
this issue can be remedied by,False,Solving_problems_improvements_mitigation,LLMgenerated,is remedied by,passive-family,STRONG-TRUE,,,,,,,,,
this issue can be resolved by,False,Solving_problems_improvements_mitigation,LLMgenerated,is resolved by,passive-family,STRONG-TRUE,,,,,,,,,
this issue can be solved by,False,Solving_problems_improvements_mitigation,LLMgenerated,is solved by,passive-family,STRONG-TRUE,,,,,,,,,
this issue can be tackled by,False,Solving_problems_improvements_mitigation,LLMgenerated,is tackled by,passive-family,STRONG-TRUE,,,,,,,,,
this issue is addressed by,False,Solving_problems_improvements_mitigation,LLMgenerated,is addressed by,passive-family,STRONG-TRUE,,,,,,,,,
this issue is alleviated by,False,Solving_problems_improvements_mitigation,LLMgenerated,is alleviated by,passive-family,STRONG-TRUE,,,,,,,,,
this issue is avoided by,False,Solving_problems_improvements_mitigation,LLMgenerated,is avoided by,passive-family,STRONG-TRUE,,,,,,,,,
this issue is bypassed by,False,Solving_problems_improvements_mitigation,LLMgenerated,is bypassed by,passive-family,STRONG-TRUE,,,,,,,,,
this issue is circumvented by,False,Solving_problems_improvements_mitigation,LLMgenerated,is circumvented by,passive-family,STRONG-TRUE,,,,,,,,,
this issue is countered by,False,Solving_problems_improvements_mitigation,LLMgenerated,is countered by,passive-family,STRONG-TRUE,,,,,,,,,
this issue is eliminated by,False,Solving_problems_improvements_mitigation,LLMgenerated,is eliminated by,passive-family,STRONG-TRUE,,,,,,,,,
this issue is fixed by,False,Solving_problems_improvements_mitigation,LLMgenerated,is fixed by,passive-family,STRONG-TRUE,,,,,,,,,
this issue is handled by,False,Solving_problems_improvements_mitigation,LLMgenerated,is handled by,passive-family,STRONG-TRUE,,,,,,,,,
this issue is mitigated by,False,Solving_problems_improvements_mitigation,LLMgenerated,is mitigated by,passive-family,STRONG-TRUE,,,,,,,,,
this issue is overcome by,False,Solving_problems_improvements_mitigation,LLMgenerated,is overcome by,passive-family,STRONG-TRUE,,,,,,,,,
this issue is prevented by,False,Solving_problems_improvements_mitigation,LLMgenerated,is prevented by,passive-family,STRONG-TRUE,,,,,,,,,
this issue is remedied by,False,Solving_problems_improvements_mitigation,LLMgenerated,is remedied by,passive-family,STRONG-TRUE,,,,,,,,,
this issue is resolved by,False,Solving_problems_improvements_mitigation,LLMgenerated,is resolved by,passive-family,STRONG-TRUE,,,,,,,,,
this issue is solved by,False,Solving_problems_improvements_mitigation,LLMgenerated,is solved by,passive-family,STRONG-TRUE,,,,,,,,,
this issue is tackled by,False,Solving_problems_improvements_mitigation,LLMgenerated,is tackled by,passive-family,STRONG-TRUE,,,,,,,,,
this limitation can be addressed by,False,Solving_problems_improvements_mitigation,LLMgenerated,is addressed by,passive-family,STRONG-TRUE,,,,,,,,,
this limitation can be alleviated by,False,Solving_problems_improvements_mitigation,LLMgenerated,is alleviated by,passive-family,STRONG-TRUE,,,,,,,,,
this limitation can be avoided by,False,Solving_problems_improvements_mitigation,LLMgenerated,is avoided by,passive-family,STRONG-TRUE,,,,,,,,,
this limitation can be bypassed by,False,Solving_problems_improvements_mitigation,LLMgenerated,is bypassed by,passive-family,STRONG-TRUE,,,,,,,,,
this limitation can be circumvented by,False,Solving_problems_improvements_mitigation,LLMgenerated,is circumvented by,passive-family,STRONG-TRUE,,,,,,,,,
this limitation can be countered by,False,Solving_problems_improvements_mitigation,LLMgenerated,is countered by,passive-family,STRONG-TRUE,,,,,,,,,
this limitation can be eliminated by,False,Solving_problems_improvements_mitigation,LLMgenerated,is eliminated by,passive-family,STRONG-TRUE,,,,,,,,,
this limitation can be fixed by,False,Solving_problems_improvements_mitigation,LLMgenerated,is fixed by,passive-family,STRONG-TRUE,,,,,,,,,
this limitation can be handled by,False,Solving_problems_improvements_mitigation,LLMgenerated,is handled by,passive-family,STRONG-TRUE,,,,,,,,,
this limitation can be mitigated by,False,Solving_problems_improvements_mitigation,LLMgenerated,is mitigated by,passive-family,STRONG-TRUE,,,,,,,,,
this limitation can be overcome by,False,Solving_problems_improvements_mitigation,LLMgenerated,is overcome by,passive-family,STRONG-TRUE,,,,,,,,,
this limitation can be prevented by,False,Solving_problems_improvements_mitigation,LLMgenerated,is prevented by,passive-family,STRONG-TRUE,,,,,,,,,
this limitation can be remedied by,False,Solving_problems_improvements_mitigation,LLMgenerated,is remedied by,passive-family,STRONG-TRUE,,,,,,,,,
this limitation can be resolved by,False,Solving_problems_improvements_mitigation,LLMgenerated,is resolved by,passive-family,STRONG-TRUE,,,,,,,,,
this limitation can be solved by,False,Solving_problems_improvements_mitigation,LLMgenerated,is solved by,passive-family,STRONG-TRUE,,,,,,,,,
this limitation can be tackled by,False,Solving_problems_improvements_mitigation,LLMgenerated,is tackled by,passive-family,STRONG-TRUE,,,,,,,,,
this limitation is addressed by,False,Solving_problems_improvements_mitigation,LLMgenerated,is addressed by,passive-family,STRONG-TRUE,,,,,,,,,
this limitation is alleviated by,False,Solving_problems_improvements_mitigation,LLMgenerated,is alleviated by,passive-family,STRONG-TRUE,,,,,,,,,
this limitation is avoided by,False,Solving_problems_improvements_mitigation,LLMgenerated,is avoided by,passive-family,STRONG-TRUE,,,,,,,,,
this limitation is bypassed by,False,Solving_problems_improvements_mitigation,LLMgenerated,is bypassed by,passive-family,STRONG-TRUE,,,,,,,,,
this limitation is circumvented by,False,Solving_problems_improvements_mitigation,LLMgenerated,is circumvented by,passive-family,STRONG-TRUE,,,,,,,,,
this limitation is countered by,False,Solving_problems_improvements_mitigation,LLMgenerated,is countered by,passive-family,STRONG-TRUE,,,,,,,,,
this limitation is eliminated by,False,Solving_problems_improvements_mitigation,LLMgenerated,is eliminated by,passive-family,STRONG-TRUE,,,,,,,,,
this limitation is fixed by,False,Solving_problems_improvements_mitigation,LLMgenerated,is fixed by,passive-family,STRONG-TRUE,,,,,,,,,
this limitation is handled by,False,Solving_problems_improvements_mitigation,LLMgenerated,is handled by,passive-family,STRONG-TRUE,,,,,,,,,
this limitation is mitigated by,False,Solving_problems_improvements_mitigation,LLMgenerated,is mitigated by,passive-family,STRONG-TRUE,,,,,,,,,
this limitation is overcome by,False,Solving_problems_improvements_mitigation,LLMgenerated,is overcome by,passive-family,STRONG-TRUE,,,,,,,,,
this limitation is prevented by,False,Solving_problems_improvements_mitigation,LLMgenerated,is prevented by,passive-family,STRONG-TRUE,,,,,,,,,
this limitation is remedied by,False,Solving_problems_improvements_mitigation,LLMgenerated,is remedied by,passive-family,STRONG-TRUE,,,,,,,,,
this limitation is resolved by,False,Solving_problems_improvements_mitigation,LLMgenerated,is resolved by,passive-family,STRONG-TRUE,,,,,,,,,
this limitation is solved by,False,Solving_problems_improvements_mitigation,LLMgenerated,is solved by,passive-family,STRONG-TRUE,,,,,,,,,
this limitation is tackled by,False,Solving_problems_improvements_mitigation,LLMgenerated,is tackled by,passive-family,STRONG-TRUE,,,,,,,,,
this problem can be addressed by,False,Solving_problems_improvements_mitigation,LLMgenerated,is addressed by,passive-family,STRONG-TRUE,,,,,,,,,
this problem can be alleviated by,False,Solving_problems_improvements_mitigation,LLMgenerated,is alleviated by,passive-family,STRONG-TRUE,,,,,,,,,
this problem can be avoided by,False,Solving_problems_improvements_mitigation,LLMgenerated,is avoided by,passive-family,STRONG-TRUE,,,,,,,,,
this problem can be bypassed by,False,Solving_problems_improvements_mitigation,LLMgenerated,is bypassed by,passive-family,STRONG-TRUE,,,,,,,,,
this problem can be circumvented by,False,Solving_problems_improvements_mitigation,LLMgenerated,is circumvented by,passive-family,STRONG-TRUE,,,,,,,,,
this problem can be countered by,False,Solving_problems_improvements_mitigation,LLMgenerated,is countered by,passive-family,STRONG-TRUE,,,,,,,,,
this problem can be eliminated by,False,Solving_problems_improvements_mitigation,LLMgenerated,is eliminated by,passive-family,STRONG-TRUE,,,,,,,,,
this problem can be fixed by,False,Solving_problems_improvements_mitigation,LLMgenerated,is fixed by,passive-family,STRONG-TRUE,,,,,,,,,
this problem can be handled by,False,Solving_problems_improvements_mitigation,LLMgenerated,is handled by,passive-family,STRONG-TRUE,,,,,,,,,
this problem can be mitigated by,False,Solving_problems_improvements_mitigation,LLMgenerated,is mitigated by,passive-family,STRONG-TRUE,,,,,,,,,
this problem can be overcome by,False,Solving_problems_improvements_mitigation,LLMgenerated,is overcome by,passive-family,STRONG-TRUE,,,,,,,,,
this problem can be prevented by,False,Solving_problems_improvements_mitigation,LLMgenerated,is prevented by,passive-family,STRONG-TRUE,,,,,,,,,
this problem can be remedied by,False,Solving_problems_improvements_mitigation,LLMgenerated,is remedied by,passive-family,STRONG-TRUE,,,,,,,,,
this problem can be resolved by,False,Solving_problems_improvements_mitigation,LLMgenerated,is resolved by,passive-family,STRONG-TRUE,,,,,,,,,
this problem can be solved by,False,Solving_problems_improvements_mitigation,LLMgenerated,is solved by,passive-family,STRONG-TRUE,,,,,,,,,
this problem can be tackled by,False,Solving_problems_improvements_mitigation,LLMgenerated,is tackled by,passive-family,STRONG-TRUE,,,,,,,,,
this problem is addressed by,False,Solving_problems_improvements_mitigation,LLMgenerated,is addressed by,passive-family,STRONG-TRUE,,,,,,,,,
this problem is alleviated by,False,Solving_problems_improvements_mitigation,LLMgenerated,is alleviated by,passive-family,STRONG-TRUE,,,,,,,,,
this problem is avoided by,False,Solving_problems_improvements_mitigation,LLMgenerated,is avoided by,passive-family,STRONG-TRUE,,,,,,,,,
this problem is bypassed by,False,Solving_problems_improvements_mitigation,LLMgenerated,is bypassed by,passive-family,STRONG-TRUE,,,,,,,,,
this problem is circumvented by,False,Solving_problems_improvements_mitigation,LLMgenerated,is circumvented by,passive-family,STRONG-TRUE,,,,,,,,,
this problem is countered by,False,Solving_problems_improvements_mitigation,LLMgenerated,is countered by,passive-family,STRONG-TRUE,,,,,,,,,
this problem is eliminated by,False,Solving_problems_improvements_mitigation,LLMgenerated,is eliminated by,passive-family,STRONG-TRUE,,,,,,,,,
this problem is fixed by,False,Solving_problems_improvements_mitigation,LLMgenerated,is fixed by,passive-family,STRONG-TRUE,,,,,,,,,
this problem is handled by,False,Solving_problems_improvements_mitigation,LLMgenerated,is handled by,passive-family,STRONG-TRUE,,,,,,,,,
this problem is mitigated by,False,Solving_problems_improvements_mitigation,LLMgenerated,is mitigated by,passive-family,STRONG-TRUE,,,,,,,,,
this problem is overcome by,False,Solving_problems_improvements_mitigation,LLMgenerated,is overcome by,passive-family,STRONG-TRUE,,,,,,,,,
this problem is prevented by,False,Solving_problems_improvements_mitigation,LLMgenerated,is prevented by,passive-family,STRONG-TRUE,,,,,,,,,
this problem is remedied by,False,Solving_problems_improvements_mitigation,LLMgenerated,is remedied by,passive-family,STRONG-TRUE,,,,,,,,,
this problem is resolved by,False,Solving_problems_improvements_mitigation,LLMgenerated,is resolved by,passive-family,STRONG-TRUE,,,,,,,,,
this problem is solved by,False,Solving_problems_improvements_mitigation,LLMgenerated,is solved by,passive-family,STRONG-TRUE,,,,,,,,,
this problem is tackled by,False,Solving_problems_improvements_mitigation,LLMgenerated,is tackled by,passive-family,STRONG-TRUE,,,,,,,,,
a possible countermeasure is,False,Solving_problems_improvements_mitigation,LLMgenerated,a possible countermeasure,possible-solution-pivot,STRONG-TRUE,,,,,,,,,
a possible countermeasure is to,False,Solving_problems_improvements_mitigation,LLMgenerated,a possible countermeasure,possible-solution-pivot,STRONG-TRUE,,,,,,,,,
a possible countermeasure would be,False,Solving_problems_improvements_mitigation,LLMgenerated,a possible countermeasure,possible-solution-pivot,STRONG-TRUE,,,,,,,,,
a possible fix is to,False,Solving_problems_improvements_mitigation,LLMgenerated,a possible fix,possible-solution-pivot,STRONG-TRUE,,,,,,,,,
a possible fix would be,False,Solving_problems_improvements_mitigation,LLMgenerated,a possible fix,possible-solution-pivot,STRONG-TRUE,,,,,,,,,
a possible mitigation is,False,Solving_problems_improvements_mitigation,LLMgenerated,a possible mitigation,possible-solution-pivot,STRONG-TRUE,,,,,,,,,
a possible mitigation is to,False,Solving_problems_improvements_mitigation,LLMgenerated,a possible mitigation,possible-solution-pivot,STRONG-TRUE,,,,,,,,,
a possible mitigation would be,False,Solving_problems_improvements_mitigation,LLMgenerated,a possible mitigation,possible-solution-pivot,STRONG-TRUE,,,,,,,,,
a possible remedy is,False,Solving_problems_improvements_mitigation,LLMgenerated,a possible remedy,possible-solution-pivot,STRONG-TRUE,,,,,,,,,
a possible remedy is to,False,Solving_problems_improvements_mitigation,LLMgenerated,a possible remedy,possible-solution-pivot,STRONG-TRUE,,,,,,,,,
a possible remedy would be,False,Solving_problems_improvements_mitigation,LLMgenerated,a possible remedy,possible-solution-pivot,STRONG-TRUE,,,,,,,,,
a possible resolution is,False,Solving_problems_improvements_mitigation,LLMgenerated,a possible resolution,possible-solution-pivot,STRONG-TRUE,,,,,,,,,
a possible resolution is to,False,Solving_problems_improvements_mitigation,LLMgenerated,a possible resolution,possible-solution-pivot,STRONG-TRUE,,,,,,,,,
a possible resolution would be,False,Solving_problems_improvements_mitigation,LLMgenerated,a possible resolution,possible-solution-pivot,STRONG-TRUE,,,,,,,,,
a possible solution is to,False,Solving_problems_improvements_mitigation,LLMgenerated,a possible solution,possible-solution-pivot,STRONG-TRUE,,,,,,,,,
a possible solution would be,False,Solving_problems_improvements_mitigation,LLMgenerated,a possible solution,possible-solution-pivot,STRONG-TRUE,,,,,,,,,
a possible way to address is,False,Solving_problems_improvements_mitigation,LLMgenerated,a possible way to address,possible-solution-pivot,STRONG-TRUE,,,,,,,,,
a possible way to address is to,False,Solving_problems_improvements_mitigation,LLMgenerated,a possible way to address,possible-solution-pivot,STRONG-TRUE,,,,,,,,,
a possible way to address would be,False,Solving_problems_improvements_mitigation,LLMgenerated,a possible way to address,possible-solution-pivot,STRONG-TRUE,,,,,,,,,
a possible way to fix is,False,Solving_problems_improvements_mitigation,LLMgenerated,a possible way to fix,possible-solution-pivot,STRONG-TRUE,,,,,,,,,
a possible way to fix is to,False,Solving_problems_improvements_mitigation,LLMgenerated,a possible way to fix,possible-solution-pivot,STRONG-TRUE,,,,,,,,,
a possible way to fix would be,False,Solving_problems_improvements_mitigation,LLMgenerated,a possible way to fix,possible-solution-pivot,STRONG-TRUE,,,,,,,,,
a possible way to mitigate is,False,Solving_problems_improvements_mitigation,LLMgenerated,a possible way to mitigate,possible-solution-pivot,STRONG-TRUE,,,,,,,,,
a possible way to mitigate is to,False,Solving_problems_improvements_mitigation,LLMgenerated,a possible way to mitigate,possible-solution-pivot,STRONG-TRUE,,,,,,,,,
a possible way to mitigate would be,False,Solving_problems_improvements_mitigation,LLMgenerated,a possible way to mitigate,possible-solution-pivot,STRONG-TRUE,,,,,,,,,
a possible way to overcome is,False,Solving_problems_improvements_mitigation,LLMgenerated,a possible way to overcome,possible-solution-pivot,STRONG-TRUE,,,,,,,,,
a possible way to overcome is to,False,Solving_problems_improvements_mitigation,LLMgenerated,a possible way to overcome,possible-solution-pivot,STRONG-TRUE,,,,,,,,,
a possible way to overcome would be,False,Solving_problems_improvements_mitigation,LLMgenerated,a possible way to overcome,possible-solution-pivot,STRONG-TRUE,,,,,,,,,
a possible way to solve is,False,Solving_problems_improvements_mitigation,LLMgenerated,a possible way to solve,possible-solution-pivot,STRONG-TRUE,,,,,,,,,
a possible way to solve is to,False,Solving_problems_improvements_mitigation,LLMgenerated,a possible way to solve,possible-solution-pivot,STRONG-TRUE,,,,,,,,,
a possible way to solve would be,False,Solving_problems_improvements_mitigation,LLMgenerated,a possible way to solve,possible-solution-pivot,STRONG-TRUE,,,,,,,,,
a possible workaround is,False,Solving_problems_improvements_mitigation,LLMgenerated,a possible workaround,possible-solution-pivot,STRONG-TRUE,,,,,,,,,
a possible workaround is to,False,Solving_problems_improvements_mitigation,LLMgenerated,a possible workaround,possible-solution-pivot,STRONG-TRUE,,,,,,,,,
a possible workaround would be,False,Solving_problems_improvements_mitigation,LLMgenerated,a possible workaround,possible-solution-pivot,STRONG-TRUE,,,,,,,,,
a potential countermeasure is,False,Solving_problems_improvements_mitigation,LLMgenerated,a possible countermeasure,possible-solution-pivot,STRONG-TRUE,,,,,,,,,
a potential countermeasure is to,False,Solving_problems_improvements_mitigation,LLMgenerated,a possible countermeasure,possible-solution-pivot,STRONG-TRUE,,,,,,,,,
a potential countermeasure would be,False,Solving_problems_improvements_mitigation,LLMgenerated,a possible countermeasure,possible-solution-pivot,STRONG-TRUE,,,,,,,,,
a potential fix is,False,Solving_problems_improvements_mitigation,LLMgenerated,a possible fix,possible-solution-pivot,STRONG-TRUE,,,,,,,,,
a potential fix is to,False,Solving_problems_improvements_mitigation,LLMgenerated,a possible fix,possible-solution-pivot,STRONG-TRUE,,,,,,,,,
a potential fix would be,False,Solving_problems_improvements_mitigation,LLMgenerated,a possible fix,possible-solution-pivot,STRONG-TRUE,,,,,,,,,
a potential mitigation is,False,Solving_problems_improvements_mitigation,LLMgenerated,a possible mitigation,possible-solution-pivot,STRONG-TRUE,,,,,,,,,
a potential mitigation is to,False,Solving_problems_improvements_mitigation,LLMgenerated,a possible mitigation,possible-solution-pivot,STRONG-TRUE,,,,,,,,,
a potential mitigation would be,False,Solving_problems_improvements_mitigation,LLMgenerated,a possible mitigation,possible-solution-pivot,STRONG-TRUE,,,,,,,,,
a potential remedy is,False,Solving_problems_improvements_mitigation,LLMgenerated,a possible remedy,possible-solution-pivot,STRONG-TRUE,,,,,,,,,
a potential remedy is to,False,Solving_problems_improvements_mitigation,LLMgenerated,a possible remedy,possible-solution-pivot,STRONG-TRUE,,,,,,,,,
a potential remedy would be,False,Solving_problems_improvements_mitigation,LLMgenerated,a possible remedy,possible-solution-pivot,STRONG-TRUE,,,,,,,,,
a potential resolution is,False,Solving_problems_improvements_mitigation,LLMgenerated,a possible resolution,possible-solution-pivot,STRONG-TRUE,,,,,,,,,
a potential resolution is to,False,Solving_problems_improvements_mitigation,LLMgenerated,a possible resolution,possible-solution-pivot,STRONG-TRUE,,,,,,,,,
a potential resolution would be,False,Solving_problems_improvements_mitigation,LLMgenerated,a possible resolution,possible-solution-pivot,STRONG-TRUE,,,,,,,,,
a potential solution is,False,Solving_problems_improvements_mitigation,LLMgenerated,a possible solution,possible-solution-pivot,STRONG-TRUE,,,,,,,,,
a potential solution is to,False,Solving_problems_improvements_mitigation,LLMgenerated,a possible solution,possible-solution-pivot,STRONG-TRUE,,,,,,,,,
a potential solution would be,False,Solving_problems_improvements_mitigation,LLMgenerated,a possible solution,possible-solution-pivot,STRONG-TRUE,,,,,,,,,
a potential way to address is,False,Solving_problems_improvements_mitigation,LLMgenerated,a possible way to address,possible-solution-pivot,STRONG-TRUE,,,,,,,,,
a potential way to address is to,False,Solving_problems_improvements_mitigation,LLMgenerated,a possible way to address,possible-solution-pivot,STRONG-TRUE,,,,,,,,,
a potential way to address would be,False,Solving_problems_improvements_mitigation,LLMgenerated,a possible way to address,possible-solution-pivot,STRONG-TRUE,,,,,,,,,
a potential way to fix is,False,Solving_problems_improvements_mitigation,LLMgenerated,a possible way to fix,possible-solution-pivot,STRONG-TRUE,,,,,,,,,
a potential way to fix is to,False,Solving_problems_improvements_mitigation,LLMgenerated,a possible way to fix,possible-solution-pivot,STRONG-TRUE,,,,,,,,,
a potential way to fix would be,False,Solving_problems_improvements_mitigation,LLMgenerated,a possible way to fix,possible-solution-pivot,STRONG-TRUE,,,,,,,,,
a potential way to mitigate is,False,Solving_problems_improvements_mitigation,LLMgenerated,a possible way to mitigate,possible-solution-pivot,STRONG-TRUE,,,,,,,,,
a potential way to mitigate is to,False,Solving_problems_improvements_mitigation,LLMgenerated,a possible way to mitigate,possible-solution-pivot,STRONG-TRUE,,,,,,,,,
a potential way to mitigate would be,False,Solving_problems_improvements_mitigation,LLMgenerated,a possible way to mitigate,possible-solution-pivot,STRONG-TRUE,,,,,,,,,
a potential way to overcome is,False,Solving_problems_improvements_mitigation,LLMgenerated,a possible way to overcome,possible-solution-pivot,STRONG-TRUE,,,,,,,,,
a potential way to overcome is to,False,Solving_problems_improvements_mitigation,LLMgenerated,a possible way to overcome,possible-solution-pivot,STRONG-TRUE,,,,,,,,,
a potential way to overcome would be,False,Solving_problems_improvements_mitigation,LLMgenerated,a possible way to overcome,possible-solution-pivot,STRONG-TRUE,,,,,,,,,
a potential way to solve is,False,Solving_problems_improvements_mitigation,LLMgenerated,a possible way to solve,possible-solution-pivot,STRONG-TRUE,,,,,,,,,
a potential way to solve is to,False,Solving_problems_improvements_mitigation,LLMgenerated,a possible way to solve,possible-solution-pivot,STRONG-TRUE,,,,,,,,,
a potential way to solve would be,False,Solving_problems_improvements_mitigation,LLMgenerated,a possible way to solve,possible-solution-pivot,STRONG-TRUE,,,,,,,,,
a potential workaround is,False,Solving_problems_improvements_mitigation,LLMgenerated,a possible workaround,possible-solution-pivot,STRONG-TRUE,,,,,,,,,
a potential workaround is to,False,Solving_problems_improvements_mitigation,LLMgenerated,a possible workaround,possible-solution-pivot,STRONG-TRUE,,,,,,,,,
a potential workaround would be,False,Solving_problems_improvements_mitigation,LLMgenerated,a possible workaround,possible-solution-pivot,STRONG-TRUE,,,,,,,,,
one possible countermeasure is,False,Solving_problems_improvements_mitigation,LLMgenerated,a possible countermeasure,possible-solution-pivot,STRONG-TRUE,,,,,,,,,
one possible countermeasure is to,False,Solving_problems_improvements_mitigation,LLMgenerated,a possible countermeasure,possible-solution-pivot,STRONG-TRUE,,,,,,,,,
one possible countermeasure would be,False,Solving_problems_improvements_mitigation,LLMgenerated,a possible countermeasure,possible-solution-pivot,STRONG-TRUE,,,,,,,,,
one possible fix is,False,Solving_problems_improvements_mitigation,LLMgenerated,a possible fix,possible-solution-pivot,STRONG-TRUE,,,,,,,,,
one possible fix is to,False,Solving_problems_improvements_mitigation,LLMgenerated,a possible fix,possible-solution-pivot,STRONG-TRUE,,,,,,,,,
one possible fix would be,False,Solving_problems_improvements_mitigation,LLMgenerated,a possible fix,possible-solution-pivot,STRONG-TRUE,,,,,,,,,
one possible mitigation is,False,Solving_problems_improvements_mitigation,LLMgenerated,a possible mitigation,possible-solution-pivot,STRONG-TRUE,,,,,,,,,
one possible mitigation is to,False,Solving_problems_improvements_mitigation,LLMgenerated,a possible mitigation,possible-solution-pivot,STRONG-TRUE,,,,,,,,,
one possible mitigation would be,False,Solving_problems_improvements_mitigation,LLMgenerated,a possible mitigation,possible-solution-pivot,STRONG-TRUE,,,,,,,,,
one possible remedy is,False,Solving_problems_improvements_mitigation,LLMgenerated,a possible remedy,possible-solution-pivot,STRONG-TRUE,,,,,,,,,
one possible remedy is to,False,Solving_problems_improvements_mitigation,LLMgenerated,a possible remedy,possible-solution-pivot,STRONG-TRUE,,,,,,,,,
one possible remedy would be,False,Solving_problems_improvements_mitigation,LLMgenerated,a possible remedy,possible-solution-pivot,STRONG-TRUE,,,,,,,,,
one possible resolution is,False,Solving_problems_improvements_mitigation,LLMgenerated,a possible resolution,possible-solution-pivot,STRONG-TRUE,,,,,,,,,
one possible resolution is to,False,Solving_problems_improvements_mitigation,LLMgenerated,a possible resolution,possible-solution-pivot,STRONG-TRUE,,,,,,,,,
one possible resolution would be,False,Solving_problems_improvements_mitigation,LLMgenerated,a possible resolution,possible-solution-pivot,STRONG-TRUE,,,,,,,,,
one possible solution is,False,Solving_problems_improvements_mitigation,LLMgenerated,a possible solution,possible-solution-pivot,STRONG-TRUE,,,,,,,,,
one possible solution is to,False,Solving_problems_improvements_mitigation,LLMgenerated,a possible solution,possible-solution-pivot,STRONG-TRUE,,,,,,,,,
one possible solution would be,False,Solving_problems_improvements_mitigation,LLMgenerated,a possible solution,possible-solution-pivot,STRONG-TRUE,,,,,,,,,
one possible way to address is,False,Solving_problems_improvements_mitigation,LLMgenerated,a possible way to address,possible-solution-pivot,STRONG-TRUE,,,,,,,,,
one possible way to address is to,False,Solving_problems_improvements_mitigation,LLMgenerated,a possible way to address,possible-solution-pivot,STRONG-TRUE,,,,,,,,,
one possible way to address would be,False,Solving_problems_improvements_mitigation,LLMgenerated,a possible way to address,possible-solution-pivot,STRONG-TRUE,,,,,,,,,
one possible way to fix is,False,Solving_problems_improvements_mitigation,LLMgenerated,a possible way to fix,possible-solution-pivot,STRONG-TRUE,,,,,,,,,
one possible way to fix is to,False,Solving_problems_improvements_mitigation,LLMgenerated,a possible way to fix,possible-solution-pivot,STRONG-TRUE,,,,,,,,,
one possible way to fix would be,False,Solving_problems_improvements_mitigation,LLMgenerated,a possible way to fix,possible-solution-pivot,STRONG-TRUE,,,,,,,,,
one possible way to mitigate is,False,Solving_problems_improvements_mitigation,LLMgenerated,a possible way to mitigate,possible-solution-pivot,STRONG-TRUE,,,,,,,,,
one possible way to mitigate is to,False,Solving_problems_improvements_mitigation,LLMgenerated,a possible way to mitigate,possible-solution-pivot,STRONG-TRUE,,,,,,,,,
one possible way to mitigate would be,False,Solving_problems_improvements_mitigation,LLMgenerated,a possible way to mitigate,possible-solution-pivot,STRONG-TRUE,,,,,,,,,
one possible way to overcome is,False,Solving_problems_improvements_mitigation,LLMgenerated,a possible way to overcome,possible-solution-pivot,STRONG-TRUE,,,,,,,,,
one possible way to overcome is to,False,Solving_problems_improvements_mitigation,LLMgenerated,a possible way to overcome,possible-solution-pivot,STRONG-TRUE,,,,,,,,,
one possible way to overcome would be,False,Solving_problems_improvements_mitigation,LLMgenerated,a possible way to overcome,possible-solution-pivot,STRONG-TRUE,,,,,,,,,
one possible way to solve is,False,Solving_problems_improvements_mitigation,LLMgenerated,a possible way to solve,possible-solution-pivot,STRONG-TRUE,,,,,,,,,
one possible way to solve is to,False,Solving_problems_improvements_mitigation,LLMgenerated,a possible way to solve,possible-solution-pivot,STRONG-TRUE,,,,,,,,,
one possible way to solve would be,False,Solving_problems_improvements_mitigation,LLMgenerated,a possible way to solve,possible-solution-pivot,STRONG-TRUE,,,,,,,,,
one possible workaround is,False,Solving_problems_improvements_mitigation,LLMgenerated,a possible workaround,possible-solution-pivot,STRONG-TRUE,,,,,,,,,
one possible workaround is to,False,Solving_problems_improvements_mitigation,LLMgenerated,a possible workaround,possible-solution-pivot,STRONG-TRUE,,,,,,,,,
one possible workaround would be,False,Solving_problems_improvements_mitigation,LLMgenerated,a possible workaround,possible-solution-pivot,STRONG-TRUE,,,,,,,,,
a possible way of addressing it,False,Solving_problems_improvements_mitigation,LLMgenerated,a possible way of addressing,possible-way-pivot,STRONG-TRUE,,,,,,,,,
a possible way of addressing that,False,Solving_problems_improvements_mitigation,LLMgenerated,a possible way of addressing,possible-way-pivot,STRONG-TRUE,,,,,,,,,
a possible way of addressing these,False,Solving_problems_improvements_mitigation,LLMgenerated,a possible way of addressing,possible-way-pivot,STRONG-TRUE,,,,,,,,,
a possible way of addressing these issues,False,Solving_problems_improvements_mitigation,LLMgenerated,a possible way of addressing,possible-way-pivot,STRONG-TRUE,,,,,,,,,
a possible way of addressing these problems,False,Solving_problems_improvements_mitigation,LLMgenerated,a possible way of addressing,possible-way-pivot,STRONG-TRUE,,,,,,,,,
a possible way of addressing this,False,Solving_problems_improvements_mitigation,LLMgenerated,a possible way of addressing,possible-way-pivot,STRONG-TRUE,,,,,,,,,
a possible way of addressing this issue,False,Solving_problems_improvements_mitigation,LLMgenerated,a possible way of addressing,possible-way-pivot,STRONG-TRUE,,,,,,,,,
a possible way of addressing this problem,False,Solving_problems_improvements_mitigation,LLMgenerated,a possible way of addressing,possible-way-pivot,STRONG-TRUE,,,,,,,,,
a possible way of addressing those,False,Solving_problems_improvements_mitigation,LLMgenerated,a possible way of addressing,possible-way-pivot,STRONG-TRUE,,,,,,,,,
a possible way of fixing it,False,Solving_problems_improvements_mitigation,LLMgenerated,a possible way of fixing,possible-way-pivot,STRONG-TRUE,,,,,,,,,
a possible way of fixing that,False,Solving_problems_improvements_mitigation,LLMgenerated,a possible way of fixing,possible-way-pivot,STRONG-TRUE,,,,,,,,,
a possible way of fixing these,False,Solving_problems_improvements_mitigation,LLMgenerated,a possible way of fixing,possible-way-pivot,STRONG-TRUE,,,,,,,,,
a possible way of fixing these issues,False,Solving_problems_improvements_mitigation,LLMgenerated,a possible way of fixing,possible-way-pivot,STRONG-TRUE,,,,,,,,,
a possible way of fixing these problems,False,Solving_problems_improvements_mitigation,LLMgenerated,a possible way of fixing,possible-way-pivot,STRONG-TRUE,,,,,,,,,
a possible way of fixing this,False,Solving_problems_improvements_mitigation,LLMgenerated,a possible way of fixing,possible-way-pivot,STRONG-TRUE,,,,,,,,,
a possible way of fixing this issue,False,Solving_problems_improvements_mitigation,LLMgenerated,a possible way of fixing,possible-way-pivot,STRONG-TRUE,,,,,,,,,
a possible way of fixing this problem,False,Solving_problems_improvements_mitigation,LLMgenerated,a possible way of fixing,possible-way-pivot,STRONG-TRUE,,,,,,,,,
a possible way of fixing those,False,Solving_problems_improvements_mitigation,LLMgenerated,a possible way of fixing,possible-way-pivot,STRONG-TRUE,,,,,,,,,
a possible way of mitigating it,False,Solving_problems_improvements_mitigation,LLMgenerated,a possible way of mitigating,possible-way-pivot,STRONG-TRUE,,,,,,,,,
a possible way of mitigating that,False,Solving_problems_improvements_mitigation,LLMgenerated,a possible way of mitigating,possible-way-pivot,STRONG-TRUE,,,,,,,,,
a possible way of mitigating these,False,Solving_problems_improvements_mitigation,LLMgenerated,a possible way of mitigating,possible-way-pivot,STRONG-TRUE,,,,,,,,,
a possible way of mitigating these issues,False,Solving_problems_improvements_mitigation,LLMgenerated,a possible way of mitigating,possible-way-pivot,STRONG-TRUE,,,,,,,,,
a possible way of mitigating these problems,False,Solving_problems_improvements_mitigation,LLMgenerated,a possible way of mitigating,possible-way-pivot,STRONG-TRUE,,,,,,,,,
a possible way of mitigating this,False,Solving_problems_improvements_mitigation,LLMgenerated,a possible way of mitigating,possible-way-pivot,STRONG-TRUE,,,,,,,,,
a possible way of mitigating this issue,False,Solving_problems_improvements_mitigation,LLMgenerated,a possible way of mitigating,possible-way-pivot,STRONG-TRUE,,,,,,,,,
a possible way of mitigating this problem,False,Solving_problems_improvements_mitigation,LLMgenerated,a possible way of mitigating,possible-way-pivot,STRONG-TRUE,,,,,,,,,
a possible way of mitigating those,False,Solving_problems_improvements_mitigation,LLMgenerated,a possible way of mitigating,possible-way-pivot,STRONG-TRUE,,,,,,,,,
a possible way of overcoming it,False,Solving_problems_improvements_mitigation,LLMgenerated,a possible way of overcoming,possible-way-pivot,STRONG-TRUE,,,,,,,,,
a possible way of overcoming that,False,Solving_problems_improvements_mitigation,LLMgenerated,a possible way of overcoming,possible-way-pivot,STRONG-TRUE,,,,,,,,,
a possible way of overcoming these,False,Solving_problems_improvements_mitigation,LLMgenerated,a possible way of overcoming,possible-way-pivot,STRONG-TRUE,,,,,,,,,
a possible way of overcoming these issues,False,Solving_problems_improvements_mitigation,LLMgenerated,a possible way of overcoming,possible-way-pivot,STRONG-TRUE,,,,,,,,,
a possible way of overcoming these problems,False,Solving_problems_improvements_mitigation,LLMgenerated,a possible way of overcoming,possible-way-pivot,STRONG-TRUE,,,,,,,,,
a possible way of overcoming this,False,Solving_problems_improvements_mitigation,LLMgenerated,a possible way of overcoming,possible-way-pivot,STRONG-TRUE,,,,,,,,,
a possible way of overcoming this issue,False,Solving_problems_improvements_mitigation,LLMgenerated,a possible way of overcoming,possible-way-pivot,STRONG-TRUE,,,,,,,,,
a possible way of overcoming this problem,False,Solving_problems_improvements_mitigation,LLMgenerated,a possible way of overcoming,possible-way-pivot,STRONG-TRUE,,,,,,,,,
a possible way of overcoming those,False,Solving_problems_improvements_mitigation,LLMgenerated,a possible way of overcoming,possible-way-pivot,STRONG-TRUE,,,,,,,,,
a possible way of remedying it,False,Solving_problems_improvements_mitigation,LLMgenerated,a possible way of remedying,possible-way-pivot,STRONG-TRUE,,,,,,,,,
a possible way of remedying that,False,Solving_problems_improvements_mitigation,LLMgenerated,a possible way of remedying,possible-way-pivot,STRONG-TRUE,,,,,,,,,
a possible way of remedying these,False,Solving_problems_improvements_mitigation,LLMgenerated,a possible way of remedying,possible-way-pivot,STRONG-TRUE,,,,,,,,,
a possible way of remedying these issues,False,Solving_problems_improvements_mitigation,LLMgenerated,a possible way of remedying,possible-way-pivot,STRONG-TRUE,,,,,,,,,
a possible way of remedying these problems,False,Solving_problems_improvements_mitigation,LLMgenerated,a possible way of remedying,possible-way-pivot,STRONG-TRUE,,,,,,,,,
a possible way of remedying this,False,Solving_problems_improvements_mitigation,LLMgenerated,a possible way of remedying,possible-way-pivot,STRONG-TRUE,,,,,,,,,
a possible way of remedying this issue,False,Solving_problems_improvements_mitigation,LLMgenerated,a possible way of remedying,possible-way-pivot,STRONG-TRUE,,,,,,,,,
a possible way of remedying this problem,False,Solving_problems_improvements_mitigation,LLMgenerated,a possible way of remedying,possible-way-pivot,STRONG-TRUE,,,,,,,,,
a possible way of remedying those,False,Solving_problems_improvements_mitigation,LLMgenerated,a possible way of remedying,possible-way-pivot,STRONG-TRUE,,,,,,,,,
a possible way of resolving it,False,Solving_problems_improvements_mitigation,LLMgenerated,a possible way of resolving,possible-way-pivot,STRONG-TRUE,,,,,,,,,
a possible way of resolving that,False,Solving_problems_improvements_mitigation,LLMgenerated,a possible way of resolving,possible-way-pivot,STRONG-TRUE,,,,,,,,,
a possible way of resolving these,False,Solving_problems_improvements_mitigation,LLMgenerated,a possible way of resolving,possible-way-pivot,STRONG-TRUE,,,,,,,,,
a possible way of resolving these issues,False,Solving_problems_improvements_mitigation,LLMgenerated,a possible way of resolving,possible-way-pivot,STRONG-TRUE,,,,,,,,,
a possible way of resolving these problems,False,Solving_problems_improvements_mitigation,LLMgenerated,a possible way of resolving,possible-way-pivot,STRONG-TRUE,,,,,,,,,
a possible way of resolving this,False,Solving_problems_improvements_mitigation,LLMgenerated,a possible way of resolving,possible-way-pivot,STRONG-TRUE,,,,,,,,,
a possible way of resolving this issue,False,Solving_problems_improvements_mitigation,LLMgenerated,a possible way of resolving,possible-way-pivot,STRONG-TRUE,,,,,,,,,
a possible way of resolving this problem,False,Solving_problems_improvements_mitigation,LLMgenerated,a possible way of resolving,possible-way-pivot,STRONG-TRUE,,,,,,,,,
a possible way of resolving those,False,Solving_problems_improvements_mitigation,LLMgenerated,a possible way of resolving,possible-way-pivot,STRONG-TRUE,,,,,,,,,
a possible way of solving it,False,Solving_problems_improvements_mitigation,LLMgenerated,a possible way of solving,possible-way-pivot,STRONG-TRUE,,,,,,,,,
a possible way of solving these issues,False,Solving_problems_improvements_mitigation,LLMgenerated,a possible way of solving,possible-way-pivot,STRONG-TRUE,,,,,,,,,
a possible way of solving these problems,False,Solving_problems_improvements_mitigation,LLMgenerated,a possible way of solving,possible-way-pivot,STRONG-TRUE,,,,,,,,,
a possible way of solving this issue,False,Solving_problems_improvements_mitigation,LLMgenerated,a possible way of solving,possible-way-pivot,STRONG-TRUE,,,,,,,,,
a possible way of solving this problem,False,Solving_problems_improvements_mitigation,LLMgenerated,a possible way of solving,possible-way-pivot,STRONG-TRUE,,,,,,,,,
a possible way of tackling it,False,Solving_problems_improvements_mitigation,LLMgenerated,a possible way of tackling,possible-way-pivot,STRONG-TRUE,,,,,,,,,
a possible way of tackling that,False,Solving_problems_improvements_mitigation,LLMgenerated,a possible way of tackling,possible-way-pivot,STRONG-TRUE,,,,,,,,,
a possible way of tackling these,False,Solving_problems_improvements_mitigation,LLMgenerated,a possible way of tackling,possible-way-pivot,STRONG-TRUE,,,,,,,,,
a possible way of tackling these issues,False,Solving_problems_improvements_mitigation,LLMgenerated,a possible way of tackling,possible-way-pivot,STRONG-TRUE,,,,,,,,,
a possible way of tackling these problems,False,Solving_problems_improvements_mitigation,LLMgenerated,a possible way of tackling,possible-way-pivot,STRONG-TRUE,,,,,,,,,
a possible way of tackling this,False,Solving_problems_improvements_mitigation,LLMgenerated,a possible way of tackling,possible-way-pivot,STRONG-TRUE,,,,,,,,,
a possible way of tackling this issue,False,Solving_problems_improvements_mitigation,LLMgenerated,a possible way of tackling,possible-way-pivot,STRONG-TRUE,,,,,,,,,
a possible way of tackling this problem,False,Solving_problems_improvements_mitigation,LLMgenerated,a possible way of tackling,possible-way-pivot,STRONG-TRUE,,,,,,,,,
a possible way of tackling those,False,Solving_problems_improvements_mitigation,LLMgenerated,a possible way of tackling,possible-way-pivot,STRONG-TRUE,,,,,,,,,
a possible way to address it,False,Solving_problems_improvements_mitigation,LLMgenerated,a possible way to address,possible-way-pivot,STRONG-TRUE,,,,,,,,,
a possible way to address that,False,Solving_problems_improvements_mitigation,LLMgenerated,a possible way to address,possible-way-pivot,STRONG-TRUE,,,,,,,,,
a possible way to address these,False,Solving_problems_improvements_mitigation,LLMgenerated,a possible way to address,possible-way-pivot,STRONG-TRUE,,,,,,,,,
a possible way to address this,False,Solving_problems_improvements_mitigation,LLMgenerated,a possible way to address,possible-way-pivot,STRONG-TRUE,,,,,,,,,
a possible way to address this issue,False,Solving_problems_improvements_mitigation,LLMgenerated,a possible way to address,possible-way-pivot,STRONG-TRUE,,,,,,,,,
a possible way to address those,False,Solving_problems_improvements_mitigation,LLMgenerated,a possible way to address,possible-way-pivot,STRONG-TRUE,,,,,,,,,
a possible way to fix it,False,Solving_problems_improvements_mitigation,LLMgenerated,a possible way to fix,possible-way-pivot,STRONG-TRUE,,,,,,,,,
a possible way to fix that,False,Solving_problems_improvements_mitigation,LLMgenerated,a possible way to fix,possible-way-pivot,STRONG-TRUE,,,,,,,,,
a possible way to fix these,False,Solving_problems_improvements_mitigation,LLMgenerated,a possible way to fix,possible-way-pivot,STRONG-TRUE,,,,,,,,,
a possible way to fix this,False,Solving_problems_improvements_mitigation,LLMgenerated,a possible way to fix,possible-way-pivot,STRONG-TRUE,,,,,,,,,
a possible way to fix this issue,False,Solving_problems_improvements_mitigation,LLMgenerated,a possible way to fix,possible-way-pivot,STRONG-TRUE,,,,,,,,,
a possible way to fix those,False,Solving_problems_improvements_mitigation,LLMgenerated,a possible way to fix,possible-way-pivot,STRONG-TRUE,,,,,,,,,
a possible way to mitigate it,False,Solving_problems_improvements_mitigation,LLMgenerated,a possible way to mitigate,possible-way-pivot,STRONG-TRUE,,,,,,,,,
a possible way to mitigate that,False,Solving_problems_improvements_mitigation,LLMgenerated,a possible way to mitigate,possible-way-pivot,STRONG-TRUE,,,,,,,,,
a possible way to mitigate these,False,Solving_problems_improvements_mitigation,LLMgenerated,a possible way to mitigate,possible-way-pivot,STRONG-TRUE,,,,,,,,,
a possible way to mitigate this,False,Solving_problems_improvements_mitigation,LLMgenerated,a possible way to mitigate,possible-way-pivot,STRONG-TRUE,,,,,,,,,
a possible way to mitigate this issue,False,Solving_problems_improvements_mitigation,LLMgenerated,a possible way to mitigate,possible-way-pivot,STRONG-TRUE,,,,,,,,,
a possible way to mitigate those,False,Solving_problems_improvements_mitigation,LLMgenerated,a possible way to mitigate,possible-way-pivot,STRONG-TRUE,,,,,,,,,
a possible way to overcome it,False,Solving_problems_improvements_mitigation,LLMgenerated,a possible way to overcome,possible-way-pivot,STRONG-TRUE,,,,,,,,,
a possible way to overcome that,False,Solving_problems_improvements_mitigation,LLMgenerated,a possible way to overcome,possible-way-pivot,STRONG-TRUE,,,,,,,,,
a possible way to overcome these,False,Solving_problems_improvements_mitigation,LLMgenerated,a possible way to overcome,possible-way-pivot,STRONG-TRUE,,,,,,,,,
a possible way to overcome this,False,Solving_problems_improvements_mitigation,LLMgenerated,a possible way to overcome,possible-way-pivot,STRONG-TRUE,,,,,,,,,
a possible way to overcome this issue,False,Solving_problems_improvements_mitigation,LLMgenerated,a possible way to overcome,possible-way-pivot,STRONG-TRUE,,,,,,,,,
a possible way to overcome those,False,Solving_problems_improvements_mitigation,LLMgenerated,a possible way to overcome,possible-way-pivot,STRONG-TRUE,,,,,,,,,
a possible way to resolve it,False,Solving_problems_improvements_mitigation,LLMgenerated,a possible way to resolve,possible-way-pivot,STRONG-TRUE,,,,,,,,,
a possible way to resolve that,False,Solving_problems_improvements_mitigation,LLMgenerated,a possible way to resolve,possible-way-pivot,STRONG-TRUE,,,,,,,,,
a possible way to resolve these,False,Solving_problems_improvements_mitigation,LLMgenerated,a possible way to resolve,possible-way-pivot,STRONG-TRUE,,,,,,,,,
a possible way to resolve this,False,Solving_problems_improvements_mitigation,LLMgenerated,a possible way to resolve,possible-way-pivot,STRONG-TRUE,,,,,,,,,
a possible way to resolve this issue,False,Solving_problems_improvements_mitigation,LLMgenerated,a possible way to resolve,possible-way-pivot,STRONG-TRUE,,,,,,,,,
a possible way to resolve those,False,Solving_problems_improvements_mitigation,LLMgenerated,a possible way to resolve,possible-way-pivot,STRONG-TRUE,,,,,,,,,
a possible way to solve it,False,Solving_problems_improvements_mitigation,LLMgenerated,a possible way to solve,possible-way-pivot,STRONG-TRUE,,,,,,,,,
a possible way to solve that,False,Solving_problems_improvements_mitigation,LLMgenerated,a possible way to solve,possible-way-pivot,STRONG-TRUE,,,,,,,,,
a possible way to solve these,False,Solving_problems_improvements_mitigation,LLMgenerated,a possible way to solve,possible-way-pivot,STRONG-TRUE,,,,,,,,,
a possible way to solve this,False,Solving_problems_improvements_mitigation,LLMgenerated,a possible way to solve,possible-way-pivot,STRONG-TRUE,,,,,,,,,
a possible way to solve this issue,False,Solving_problems_improvements_mitigation,LLMgenerated,a possible way to solve,possible-way-pivot,STRONG-TRUE,,,,,,,,,
a possible way to solve those,False,Solving_problems_improvements_mitigation,LLMgenerated,a possible way to solve,possible-way-pivot,STRONG-TRUE,,,,,,,,,
a possible way to tackle it,False,Solving_problems_improvements_mitigation,LLMgenerated,a possible way to tackle,possible-way-pivot,STRONG-TRUE,,,,,,,,,
a possible way to tackle that,False,Solving_problems_improvements_mitigation,LLMgenerated,a possible way to tackle,possible-way-pivot,STRONG-TRUE,,,,,,,,,
a possible way to tackle these,False,Solving_problems_improvements_mitigation,LLMgenerated,a possible way to tackle,possible-way-pivot,STRONG-TRUE,,,,,,,,,
a possible way to tackle this,False,Solving_problems_improvements_mitigation,LLMgenerated,a possible way to tackle,possible-way-pivot,STRONG-TRUE,,,,,,,,,
a possible way to tackle this issue,False,Solving_problems_improvements_mitigation,LLMgenerated,a possible way to tackle,possible-way-pivot,STRONG-TRUE,,,,,,,,,
a possible way to tackle those,False,Solving_problems_improvements_mitigation,LLMgenerated,a possible way to tackle,possible-way-pivot,STRONG-TRUE,,,,,,,,,
a potential way of addressing it,False,Solving_problems_improvements_mitigation,LLMgenerated,a possible way of addressing,possible-way-pivot,STRONG-TRUE,,,,,,,,,
a potential way of addressing that,False,Solving_problems_improvements_mitigation,LLMgenerated,a possible way of addressing,possible-way-pivot,STRONG-TRUE,,,,,,,,,
a potential way of addressing these,False,Solving_problems_improvements_mitigation,LLMgenerated,a possible way of addressing,possible-way-pivot,STRONG-TRUE,,,,,,,,,
a potential way of addressing these issues,False,Solving_problems_improvements_mitigation,LLMgenerated,a possible way of addressing,possible-way-pivot,STRONG-TRUE,,,,,,,,,
a potential way of addressing these problems,False,Solving_problems_improvements_mitigation,LLMgenerated,a possible way of addressing,possible-way-pivot,STRONG-TRUE,,,,,,,,,
a potential way of addressing this,False,Solving_problems_improvements_mitigation,LLMgenerated,a possible way of addressing,possible-way-pivot,STRONG-TRUE,,,,,,,,,
a potential way of addressing this issue,False,Solving_problems_improvements_mitigation,LLMgenerated,a possible way of addressing,possible-way-pivot,STRONG-TRUE,,,,,,,,,
a potential way of addressing this problem,False,Solving_problems_improvements_mitigation,LLMgenerated,a possible way of addressing,possible-way-pivot,STRONG-TRUE,,,,,,,,,
a potential way of addressing those,False,Solving_problems_improvements_mitigation,LLMgenerated,a possible way of addressing,possible-way-pivot,STRONG-TRUE,,,,,,,,,
a potential way of fixing it,False,Solving_problems_improvements_mitigation,LLMgenerated,a possible way of fixing,possible-way-pivot,STRONG-TRUE,,,,,,,,,
a potential way of fixing that,False,Solving_problems_improvements_mitigation,LLMgenerated,a possible way of fixing,possible-way-pivot,STRONG-TRUE,,,,,,,,,
a potential way of fixing these,False,Solving_problems_improvements_mitigation,LLMgenerated,a possible way of fixing,possible-way-pivot,STRONG-TRUE,,,,,,,,,
a potential way of fixing these issues,False,Solving_problems_improvements_mitigation,LLMgenerated,a possible way of fixing,possible-way-pivot,STRONG-TRUE,,,,,,,,,
a potential way of fixing these problems,False,Solving_problems_improvements_mitigation,LLMgenerated,a possible way of fixing,possible-way-pivot,STRONG-TRUE,,,,,,,,,
a potential way of fixing this,False,Solving_problems_improvements_mitigation,LLMgenerated,a possible way of fixing,possible-way-pivot,STRONG-TRUE,,,,,,,,,
a potential way of fixing this issue,False,Solving_problems_improvements_mitigation,LLMgenerated,a possible way of fixing,possible-way-pivot,STRONG-TRUE,,,,,,,,,
a potential way of fixing this problem,False,Solving_problems_improvements_mitigation,LLMgenerated,a possible way of fixing,possible-way-pivot,STRONG-TRUE,,,,,,,,,
a potential way of fixing those,False,Solving_problems_improvements_mitigation,LLMgenerated,a possible way of fixing,possible-way-pivot,STRONG-TRUE,,,,,,,,,
a potential way of mitigating it,False,Solving_problems_improvements_mitigation,LLMgenerated,a possible way of mitigating,possible-way-pivot,STRONG-TRUE,,,,,,,,,
a potential way of mitigating that,False,Solving_problems_improvements_mitigation,LLMgenerated,a possible way of mitigating,possible-way-pivot,STRONG-TRUE,,,,,,,,,
a potential way of mitigating these,False,Solving_problems_improvements_mitigation,LLMgenerated,a possible way of mitigating,possible-way-pivot,STRONG-TRUE,,,,,,,,,
a potential way of mitigating these issues,False,Solving_problems_improvements_mitigation,LLMgenerated,a possible way of mitigating,possible-way-pivot,STRONG-TRUE,,,,,,,,,
a potential way of mitigating these problems,False,Solving_problems_improvements_mitigation,LLMgenerated,a possible way of mitigating,possible-way-pivot,STRONG-TRUE,,,,,,,,,
a potential way of mitigating this,False,Solving_problems_improvements_mitigation,LLMgenerated,a possible way of mitigating,possible-way-pivot,STRONG-TRUE,,,,,,,,,
a potential way of mitigating this issue,False,Solving_problems_improvements_mitigation,LLMgenerated,a possible way of mitigating,possible-way-pivot,STRONG-TRUE,,,,,,,,,
a potential way of mitigating this problem,False,Solving_problems_improvements_mitigation,LLMgenerated,a possible way of mitigating,possible-way-pivot,STRONG-TRUE,,,,,,,,,
a potential way of mitigating those,False,Solving_problems_improvements_mitigation,LLMgenerated,a possible way of mitigating,possible-way-pivot,STRONG-TRUE,,,,,,,,,
a potential way of overcoming it,False,Solving_problems_improvements_mitigation,LLMgenerated,a possible way of overcoming,possible-way-pivot,STRONG-TRUE,,,,,,,,,
a potential way of overcoming that,False,Solving_problems_improvements_mitigation,LLMgenerated,a possible way of overcoming,possible-way-pivot,STRONG-TRUE,,,,,,,,,
a potential way of overcoming these,False,Solving_problems_improvements_mitigation,LLMgenerated,a possible way of overcoming,possible-way-pivot,STRONG-TRUE,,,,,,,,,
a potential way of overcoming these issues,False,Solving_problems_improvements_mitigation,LLMgenerated,a possible way of overcoming,possible-way-pivot,STRONG-TRUE,,,,,,,,,
a potential way of overcoming these problems,False,Solving_problems_improvements_mitigation,LLMgenerated,a possible way of overcoming,possible-way-pivot,STRONG-TRUE,,,,,,,,,
a potential way of overcoming this,False,Solving_problems_improvements_mitigation,LLMgenerated,a possible way of overcoming,possible-way-pivot,STRONG-TRUE,,,,,,,,,
a potential way of overcoming this issue,False,Solving_problems_improvements_mitigation,LLMgenerated,a possible way of overcoming,possible-way-pivot,STRONG-TRUE,,,,,,,,,
a potential way of overcoming this problem,False,Solving_problems_improvements_mitigation,LLMgenerated,a possible way of overcoming,possible-way-pivot,STRONG-TRUE,,,,,,,,,
a potential way of overcoming those,False,Solving_problems_improvements_mitigation,LLMgenerated,a possible way of overcoming,possible-way-pivot,STRONG-TRUE,,,,,,,,,
a potential way of remedying it,False,Solving_problems_improvements_mitigation,LLMgenerated,a possible way of remedying,possible-way-pivot,STRONG-TRUE,,,,,,,,,
a potential way of remedying that,False,Solving_problems_improvements_mitigation,LLMgenerated,a possible way of remedying,possible-way-pivot,STRONG-TRUE,,,,,,,,,
a potential way of remedying these,False,Solving_problems_improvements_mitigation,LLMgenerated,a possible way of remedying,possible-way-pivot,STRONG-TRUE,,,,,,,,,
a potential way of remedying these issues,False,Solving_problems_improvements_mitigation,LLMgenerated,a possible way of remedying,possible-way-pivot,STRONG-TRUE,,,,,,,,,
a potential way of remedying these problems,False,Solving_problems_improvements_mitigation,LLMgenerated,a possible way of remedying,possible-way-pivot,STRONG-TRUE,,,,,,,,,
a potential way of remedying this,False,Solving_problems_improvements_mitigation,LLMgenerated,a possible way of remedying,possible-way-pivot,STRONG-TRUE,,,,,,,,,
a potential way of remedying this issue,False,Solving_problems_improvements_mitigation,LLMgenerated,a possible way of remedying,possible-way-pivot,STRONG-TRUE,,,,,,,,,
a potential way of remedying this problem,False,Solving_problems_improvements_mitigation,LLMgenerated,a possible way of remedying,possible-way-pivot,STRONG-TRUE,,,,,,,,,
a potential way of remedying those,False,Solving_problems_improvements_mitigation,LLMgenerated,a possible way of remedying,possible-way-pivot,STRONG-TRUE,,,,,,,,,
a potential way of resolving it,False,Solving_problems_improvements_mitigation,LLMgenerated,a possible way of resolving,possible-way-pivot,STRONG-TRUE,,,,,,,,,
a potential way of resolving that,False,Solving_problems_improvements_mitigation,LLMgenerated,a possible way of resolving,possible-way-pivot,STRONG-TRUE,,,,,,,,,
a potential way of resolving these,False,Solving_problems_improvements_mitigation,LLMgenerated,a possible way of resolving,possible-way-pivot,STRONG-TRUE,,,,,,,,,
a potential way of resolving these issues,False,Solving_problems_improvements_mitigation,LLMgenerated,a possible way of resolving,possible-way-pivot,STRONG-TRUE,,,,,,,,,
a potential way of resolving these problems,False,Solving_problems_improvements_mitigation,LLMgenerated,a possible way of resolving,possible-way-pivot,STRONG-TRUE,,,,,,,,,
a potential way of resolving this,False,Solving_problems_improvements_mitigation,LLMgenerated,a possible way of resolving,possible-way-pivot,STRONG-TRUE,,,,,,,,,
a potential way of resolving this issue,False,Solving_problems_improvements_mitigation,LLMgenerated,a possible way of resolving,possible-way-pivot,STRONG-TRUE,,,,,,,,,
a potential way of resolving this problem,False,Solving_problems_improvements_mitigation,LLMgenerated,a possible way of resolving,possible-way-pivot,STRONG-TRUE,,,,,,,,,
a potential way of resolving those,False,Solving_problems_improvements_mitigation,LLMgenerated,a possible way of resolving,possible-way-pivot,STRONG-TRUE,,,,,,,,,
a potential way of solving it,False,Solving_problems_improvements_mitigation,LLMgenerated,a possible way of solving,possible-way-pivot,STRONG-TRUE,,,,,,,,,
a potential way of solving that,False,Solving_problems_improvements_mitigation,LLMgenerated,a possible way of solving,possible-way-pivot,STRONG-TRUE,,,,,,,,,
a potential way of solving these,False,Solving_problems_improvements_mitigation,LLMgenerated,a possible way of solving,possible-way-pivot,STRONG-TRUE,,,,,,,,,
a potential way of solving these issues,False,Solving_problems_improvements_mitigation,LLMgenerated,a possible way of solving,possible-way-pivot,STRONG-TRUE,,,,,,,,,
a potential way of solving these problems,False,Solving_problems_improvements_mitigation,LLMgenerated,a possible way of solving,possible-way-pivot,STRONG-TRUE,,,,,,,,,
a potential way of solving this,False,Solving_problems_improvements_mitigation,LLMgenerated,a possible way of solving,possible-way-pivot,STRONG-TRUE,,,,,,,,,
a potential way of solving this issue,False,Solving_problems_improvements_mitigation,LLMgenerated,a possible way of solving,possible-way-pivot,STRONG-TRUE,,,,,,,,,
a potential way of solving this problem,False,Solving_problems_improvements_mitigation,LLMgenerated,a possible way of solving,possible-way-pivot,STRONG-TRUE,,,,,,,,,
a potential way of solving those,False,Solving_problems_improvements_mitigation,LLMgenerated,a possible way of solving,possible-way-pivot,STRONG-TRUE,,,,,,,,,
a potential way of tackling it,False,Solving_problems_improvements_mitigation,LLMgenerated,a possible way of tackling,possible-way-pivot,STRONG-TRUE,,,,,,,,,
a potential way of tackling that,False,Solving_problems_improvements_mitigation,LLMgenerated,a possible way of tackling,possible-way-pivot,STRONG-TRUE,,,,,,,,,
a potential way of tackling these,False,Solving_problems_improvements_mitigation,LLMgenerated,a possible way of tackling,possible-way-pivot,STRONG-TRUE,,,,,,,,,
a potential way of tackling these issues,False,Solving_problems_improvements_mitigation,LLMgenerated,a possible way of tackling,possible-way-pivot,STRONG-TRUE,,,,,,,,,
a potential way of tackling these problems,False,Solving_problems_improvements_mitigation,LLMgenerated,a possible way of tackling,possible-way-pivot,STRONG-TRUE,,,,,,,,,
a potential way of tackling this,False,Solving_problems_improvements_mitigation,LLMgenerated,a possible way of tackling,possible-way-pivot,STRONG-TRUE,,,,,,,,,
a potential way of tackling this issue,False,Solving_problems_improvements_mitigation,LLMgenerated,a possible way of tackling,possible-way-pivot,STRONG-TRUE,,,,,,,,,
a potential way of tackling this problem,False,Solving_problems_improvements_mitigation,LLMgenerated,a possible way of tackling,possible-way-pivot,STRONG-TRUE,,,,,,,,,
a potential way of tackling those,False,Solving_problems_improvements_mitigation,LLMgenerated,a possible way of tackling,possible-way-pivot,STRONG-TRUE,,,,,,,,,
one possible way of addressing it,False,Solving_problems_improvements_mitigation,LLMgenerated,a possible way of addressing,possible-way-pivot,STRONG-TRUE,,,,,,,,,
one possible way of addressing that,False,Solving_problems_improvements_mitigation,LLMgenerated,a possible way of addressing,possible-way-pivot,STRONG-TRUE,,,,,,,,,
one possible way of addressing these,False,Solving_problems_improvements_mitigation,LLMgenerated,a possible way of addressing,possible-way-pivot,STRONG-TRUE,,,,,,,,,
one possible way of addressing these issues,False,Solving_problems_improvements_mitigation,LLMgenerated,a possible way of addressing,possible-way-pivot,STRONG-TRUE,,,,,,,,,
one possible way of addressing these problems,False,Solving_problems_improvements_mitigation,LLMgenerated,a possible way of addressing,possible-way-pivot,STRONG-TRUE,,,,,,,,,
one possible way of addressing this,False,Solving_problems_improvements_mitigation,LLMgenerated,a possible way of addressing,possible-way-pivot,STRONG-TRUE,,,,,,,,,
one possible way of addressing this issue,False,Solving_problems_improvements_mitigation,LLMgenerated,a possible way of addressing,possible-way-pivot,STRONG-TRUE,,,,,,,,,
one possible way of addressing this problem,False,Solving_problems_improvements_mitigation,LLMgenerated,a possible way of addressing,possible-way-pivot,STRONG-TRUE,,,,,,,,,
one possible way of addressing those,False,Solving_problems_improvements_mitigation,LLMgenerated,a possible way of addressing,possible-way-pivot,STRONG-TRUE,,,,,,,,,
one possible way of fixing it,False,Solving_problems_improvements_mitigation,LLMgenerated,a possible way of fixing,possible-way-pivot,STRONG-TRUE,,,,,,,,,
one possible way of fixing that,False,Solving_problems_improvements_mitigation,LLMgenerated,a possible way of fixing,possible-way-pivot,STRONG-TRUE,,,,,,,,,
one possible way of fixing these,False,Solving_problems_improvements_mitigation,LLMgenerated,a possible way of fixing,possible-way-pivot,STRONG-TRUE,,,,,,,,,
one possible way of fixing these issues,False,Solving_problems_improvements_mitigation,LLMgenerated,a possible way of fixing,possible-way-pivot,STRONG-TRUE,,,,,,,,,
one possible way of fixing these problems,False,Solving_problems_improvements_mitigation,LLMgenerated,a possible way of fixing,possible-way-pivot,STRONG-TRUE,,,,,,,,,
one possible way of fixing this,False,Solving_problems_improvements_mitigation,LLMgenerated,a possible way of fixing,possible-way-pivot,STRONG-TRUE,,,,,,,,,
one possible way of fixing this issue,False,Solving_problems_improvements_mitigation,LLMgenerated,a possible way of fixing,possible-way-pivot,STRONG-TRUE,,,,,,,,,
one possible way of fixing this problem,False,Solving_problems_improvements_mitigation,LLMgenerated,a possible way of fixing,possible-way-pivot,STRONG-TRUE,,,,,,,,,
one possible way of fixing those,False,Solving_problems_improvements_mitigation,LLMgenerated,a possible way of fixing,possible-way-pivot,STRONG-TRUE,,,,,,,,,
one possible way of mitigating it,False,Solving_problems_improvements_mitigation,LLMgenerated,a possible way of mitigating,possible-way-pivot,STRONG-TRUE,,,,,,,,,
one possible way of mitigating that,False,Solving_problems_improvements_mitigation,LLMgenerated,a possible way of mitigating,possible-way-pivot,STRONG-TRUE,,,,,,,,,
one possible way of mitigating these,False,Solving_problems_improvements_mitigation,LLMgenerated,a possible way of mitigating,possible-way-pivot,STRONG-TRUE,,,,,,,,,
one possible way of mitigating these issues,False,Solving_problems_improvements_mitigation,LLMgenerated,a possible way of mitigating,possible-way-pivot,STRONG-TRUE,,,,,,,,,
one possible way of mitigating these problems,False,Solving_problems_improvements_mitigation,LLMgenerated,a possible way of mitigating,possible-way-pivot,STRONG-TRUE,,,,,,,,,
one possible way of mitigating this,False,Solving_problems_improvements_mitigation,LLMgenerated,a possible way of mitigating,possible-way-pivot,STRONG-TRUE,,,,,,,,,
one possible way of mitigating this issue,False,Solving_problems_improvements_mitigation,LLMgenerated,a possible way of mitigating,possible-way-pivot,STRONG-TRUE,,,,,,,,,
one possible way of mitigating this problem,False,Solving_problems_improvements_mitigation,LLMgenerated,a possible way of mitigating,possible-way-pivot,STRONG-TRUE,,,,,,,,,
one possible way of mitigating those,False,Solving_problems_improvements_mitigation,LLMgenerated,a possible way of mitigating,possible-way-pivot,STRONG-TRUE,,,,,,,,,
one possible way of overcoming it,False,Solving_problems_improvements_mitigation,LLMgenerated,a possible way of overcoming,possible-way-pivot,STRONG-TRUE,,,,,,,,,
one possible way of overcoming that,False,Solving_problems_improvements_mitigation,LLMgenerated,a possible way of overcoming,possible-way-pivot,STRONG-TRUE,,,,,,,,,
one possible way of overcoming these,False,Solving_problems_improvements_mitigation,LLMgenerated,a possible way of overcoming,possible-way-pivot,STRONG-TRUE,,,,,,,,,
one possible way of overcoming these issues,False,Solving_problems_improvements_mitigation,LLMgenerated,a possible way of overcoming,possible-way-pivot,STRONG-TRUE,,,,,,,,,
one possible way of overcoming these problems,False,Solving_problems_improvements_mitigation,LLMgenerated,a possible way of overcoming,possible-way-pivot,STRONG-TRUE,,,,,,,,,
one possible way of overcoming this,False,Solving_problems_improvements_mitigation,LLMgenerated,a possible way of overcoming,possible-way-pivot,STRONG-TRUE,,,,,,,,,
one possible way of overcoming this issue,False,Solving_problems_improvements_mitigation,LLMgenerated,a possible way of overcoming,possible-way-pivot,STRONG-TRUE,,,,,,,,,
one possible way of overcoming this problem,False,Solving_problems_improvements_mitigation,LLMgenerated,a possible way of overcoming,possible-way-pivot,STRONG-TRUE,,,,,,,,,
one possible way of overcoming those,False,Solving_problems_improvements_mitigation,LLMgenerated,a possible way of overcoming,possible-way-pivot,STRONG-TRUE,,,,,,,,,
one possible way of remedying it,False,Solving_problems_improvements_mitigation,LLMgenerated,a possible way of remedying,possible-way-pivot,STRONG-TRUE,,,,,,,,,
one possible way of remedying that,False,Solving_problems_improvements_mitigation,LLMgenerated,a possible way of remedying,possible-way-pivot,STRONG-TRUE,,,,,,,,,
one possible way of remedying these,False,Solving_problems_improvements_mitigation,LLMgenerated,a possible way of remedying,possible-way-pivot,STRONG-TRUE,,,,,,,,,
one possible way of remedying these issues,False,Solving_problems_improvements_mitigation,LLMgenerated,a possible way of remedying,possible-way-pivot,STRONG-TRUE,,,,,,,,,
one possible way of remedying these problems,False,Solving_problems_improvements_mitigation,LLMgenerated,a possible way of remedying,possible-way-pivot,STRONG-TRUE,,,,,,,,,
one possible way of remedying this,False,Solving_problems_improvements_mitigation,LLMgenerated,a possible way of remedying,possible-way-pivot,STRONG-TRUE,,,,,,,,,
one possible way of remedying this issue,False,Solving_problems_improvements_mitigation,LLMgenerated,a possible way of remedying,possible-way-pivot,STRONG-TRUE,,,,,,,,,
one possible way of remedying this problem,False,Solving_problems_improvements_mitigation,LLMgenerated,a possible way of remedying,possible-way-pivot,STRONG-TRUE,,,,,,,,,
one possible way of remedying those,False,Solving_problems_improvements_mitigation,LLMgenerated,a possible way of remedying,possible-way-pivot,STRONG-TRUE,,,,,,,,,
one possible way of resolving it,False,Solving_problems_improvements_mitigation,LLMgenerated,a possible way of resolving,possible-way-pivot,STRONG-TRUE,,,,,,,,,
one possible way of resolving that,False,Solving_problems_improvements_mitigation,LLMgenerated,a possible way of resolving,possible-way-pivot,STRONG-TRUE,,,,,,,,,
one possible way of resolving these,False,Solving_problems_improvements_mitigation,LLMgenerated,a possible way of resolving,possible-way-pivot,STRONG-TRUE,,,,,,,,,
one possible way of resolving these issues,False,Solving_problems_improvements_mitigation,LLMgenerated,a possible way of resolving,possible-way-pivot,STRONG-TRUE,,,,,,,,,
one possible way of resolving these problems,False,Solving_problems_improvements_mitigation,LLMgenerated,a possible way of resolving,possible-way-pivot,STRONG-TRUE,,,,,,,,,
one possible way of resolving this,False,Solving_problems_improvements_mitigation,LLMgenerated,a possible way of resolving,possible-way-pivot,STRONG-TRUE,,,,,,,,,
one possible way of resolving this issue,False,Solving_problems_improvements_mitigation,LLMgenerated,a possible way of resolving,possible-way-pivot,STRONG-TRUE,,,,,,,,,
one possible way of resolving this problem,False,Solving_problems_improvements_mitigation,LLMgenerated,a possible way of resolving,possible-way-pivot,STRONG-TRUE,,,,,,,,,
one possible way of resolving those,False,Solving_problems_improvements_mitigation,LLMgenerated,a possible way of resolving,possible-way-pivot,STRONG-TRUE,,,,,,,,,
one possible way of solving it,False,Solving_problems_improvements_mitigation,LLMgenerated,a possible way of solving,possible-way-pivot,STRONG-TRUE,,,,,,,,,
one possible way of solving that,False,Solving_problems_improvements_mitigation,LLMgenerated,a possible way of solving,possible-way-pivot,STRONG-TRUE,,,,,,,,,
one possible way of solving these,False,Solving_problems_improvements_mitigation,LLMgenerated,a possible way of solving,possible-way-pivot,STRONG-TRUE,,,,,,,,,
one possible way of solving these issues,False,Solving_problems_improvements_mitigation,LLMgenerated,a possible way of solving,possible-way-pivot,STRONG-TRUE,,,,,,,,,
one possible way of solving these problems,False,Solving_problems_improvements_mitigation,LLMgenerated,a possible way of solving,possible-way-pivot,STRONG-TRUE,,,,,,,,,
one possible way of solving this,False,Solving_problems_improvements_mitigation,LLMgenerated,a possible way of solving,possible-way-pivot,STRONG-TRUE,,,,,,,,,
one possible way of solving this issue,False,Solving_problems_improvements_mitigation,LLMgenerated,a possible way of solving,possible-way-pivot,STRONG-TRUE,,,,,,,,,
one possible way of solving this problem,False,Solving_problems_improvements_mitigation,LLMgenerated,a possible way of solving,possible-way-pivot,STRONG-TRUE,,,,,,,,,
one possible way of solving those,False,Solving_problems_improvements_mitigation,LLMgenerated,a possible way of solving,possible-way-pivot,STRONG-TRUE,,,,,,,,,
one possible way of tackling it,False,Solving_problems_improvements_mitigation,LLMgenerated,a possible way of tackling,possible-way-pivot,STRONG-TRUE,,,,,,,,,
one possible way of tackling that,False,Solving_problems_improvements_mitigation,LLMgenerated,a possible way of tackling,possible-way-pivot,STRONG-TRUE,,,,,,,,,
one possible way of tackling these,False,Solving_problems_improvements_mitigation,LLMgenerated,a possible way of tackling,possible-way-pivot,STRONG-TRUE,,,,,,,,,
one possible way of tackling these issues,False,Solving_problems_improvements_mitigation,LLMgenerated,a possible way of tackling,possible-way-pivot,STRONG-TRUE,,,,,,,,,
one possible way of tackling these problems,False,Solving_problems_improvements_mitigation,LLMgenerated,a possible way of tackling,possible-way-pivot,STRONG-TRUE,,,,,,,,,
one possible way of tackling this,False,Solving_problems_improvements_mitigation,LLMgenerated,a possible way of tackling,possible-way-pivot,STRONG-TRUE,,,,,,,,,
one possible way of tackling this issue,False,Solving_problems_improvements_mitigation,LLMgenerated,a possible way of tackling,possible-way-pivot,STRONG-TRUE,,,,,,,,,
one possible way of tackling this problem,False,Solving_problems_improvements_mitigation,LLMgenerated,a possible way of tackling,possible-way-pivot,STRONG-TRUE,,,,,,,,,
one possible way of tackling those,False,Solving_problems_improvements_mitigation,LLMgenerated,a possible way of tackling,possible-way-pivot,STRONG-TRUE,,,,,,,,,
one possible way to address it,False,Solving_problems_improvements_mitigation,LLMgenerated,a possible way to address,possible-way-pivot,STRONG-TRUE,,,,,,,,,
one possible way to address that,False,Solving_problems_improvements_mitigation,LLMgenerated,a possible way to address,possible-way-pivot,STRONG-TRUE,,,,,,,,,
one possible way to address these,False,Solving_problems_improvements_mitigation,LLMgenerated,a possible way to address,possible-way-pivot,STRONG-TRUE,,,,,,,,,
one possible way to address this,False,Solving_problems_improvements_mitigation,LLMgenerated,a possible way to address,possible-way-pivot,STRONG-TRUE,,,,,,,,,
one possible way to address this issue,False,Solving_problems_improvements_mitigation,LLMgenerated,a possible way to address,possible-way-pivot,STRONG-TRUE,,,,,,,,,
one possible way to address those,False,Solving_problems_improvements_mitigation,LLMgenerated,a possible way to address,possible-way-pivot,STRONG-TRUE,,,,,,,,,
one possible way to fix it,False,Solving_problems_improvements_mitigation,LLMgenerated,a possible way to fix,possible-way-pivot,STRONG-TRUE,,,,,,,,,
one possible way to fix that,False,Solving_problems_improvements_mitigation,LLMgenerated,a possible way to fix,possible-way-pivot,STRONG-TRUE,,,,,,,,,
one possible way to fix these,False,Solving_problems_improvements_mitigation,LLMgenerated,a possible way to fix,possible-way-pivot,STRONG-TRUE,,,,,,,,,
one possible way to fix this,False,Solving_problems_improvements_mitigation,LLMgenerated,a possible way to fix,possible-way-pivot,STRONG-TRUE,,,,,,,,,
one possible way to fix this issue,False,Solving_problems_improvements_mitigation,LLMgenerated,a possible way to fix,possible-way-pivot,STRONG-TRUE,,,,,,,,,
one possible way to fix those,False,Solving_problems_improvements_mitigation,LLMgenerated,a possible way to fix,possible-way-pivot,STRONG-TRUE,,,,,,,,,
one possible way to mitigate it,False,Solving_problems_improvements_mitigation,LLMgenerated,a possible way to mitigate,possible-way-pivot,STRONG-TRUE,,,,,,,,,
one possible way to mitigate that,False,Solving_problems_improvements_mitigation,LLMgenerated,a possible way to mitigate,possible-way-pivot,STRONG-TRUE,,,,,,,,,
one possible way to mitigate these,False,Solving_problems_improvements_mitigation,LLMgenerated,a possible way to mitigate,possible-way-pivot,STRONG-TRUE,,,,,,,,,
one possible way to mitigate this,False,Solving_problems_improvements_mitigation,LLMgenerated,a possible way to mitigate,possible-way-pivot,STRONG-TRUE,,,,,,,,,
one possible way to mitigate this issue,False,Solving_problems_improvements_mitigation,LLMgenerated,a possible way to mitigate,possible-way-pivot,STRONG-TRUE,,,,,,,,,
one possible way to mitigate those,False,Solving_problems_improvements_mitigation,LLMgenerated,a possible way to mitigate,possible-way-pivot,STRONG-TRUE,,,,,,,,,
one possible way to overcome it,False,Solving_problems_improvements_mitigation,LLMgenerated,a possible way to overcome,possible-way-pivot,STRONG-TRUE,,,,,,,,,
one possible way to overcome that,False,Solving_problems_improvements_mitigation,LLMgenerated,a possible way to overcome,possible-way-pivot,STRONG-TRUE,,,,,,,,,
one possible way to overcome these,False,Solving_problems_improvements_mitigation,LLMgenerated,a possible way to overcome,possible-way-pivot,STRONG-TRUE,,,,,,,,,
one possible way to overcome this,False,Solving_problems_improvements_mitigation,LLMgenerated,a possible way to overcome,possible-way-pivot,STRONG-TRUE,,,,,,,,,
one possible way to overcome this issue,False,Solving_problems_improvements_mitigation,LLMgenerated,a possible way to overcome,possible-way-pivot,STRONG-TRUE,,,,,,,,,
one possible way to overcome those,False,Solving_problems_improvements_mitigation,LLMgenerated,a possible way to overcome,possible-way-pivot,STRONG-TRUE,,,,,,,,,
one possible way to resolve it,False,Solving_problems_improvements_mitigation,LLMgenerated,a possible way to resolve,possible-way-pivot,STRONG-TRUE,,,,,,,,,
one possible way to resolve that,False,Solving_problems_improvements_mitigation,LLMgenerated,a possible way to resolve,possible-way-pivot,STRONG-TRUE,,,,,,,,,
one possible way to resolve these,False,Solving_problems_improvements_mitigation,LLMgenerated,a possible way to resolve,possible-way-pivot,STRONG-TRUE,,,,,,,,,
one possible way to resolve this,False,Solving_problems_improvements_mitigation,LLMgenerated,a possible way to resolve,possible-way-pivot,STRONG-TRUE,,,,,,,,,
one possible way to resolve this issue,False,Solving_problems_improvements_mitigation,LLMgenerated,a possible way to resolve,possible-way-pivot,STRONG-TRUE,,,,,,,,,
one possible way to resolve those,False,Solving_problems_improvements_mitigation,LLMgenerated,a possible way to resolve,possible-way-pivot,STRONG-TRUE,,,,,,,,,
one possible way to solve it,False,Solving_problems_improvements_mitigation,LLMgenerated,a possible way to solve,possible-way-pivot,STRONG-TRUE,,,,,,,,,
one possible way to solve that,False,Solving_problems_improvements_mitigation,LLMgenerated,a possible way to solve,possible-way-pivot,STRONG-TRUE,,,,,,,,,
one possible way to solve these,False,Solving_problems_improvements_mitigation,LLMgenerated,a possible way to solve,possible-way-pivot,STRONG-TRUE,,,,,,,,,
one possible way to solve this,False,Solving_problems_improvements_mitigation,LLMgenerated,a possible way to solve,possible-way-pivot,STRONG-TRUE,,,,,,,,,
one possible way to solve this issue,False,Solving_problems_improvements_mitigation,LLMgenerated,a possible way to solve,possible-way-pivot,STRONG-TRUE,,,,,,,,,
one possible way to solve those,False,Solving_problems_improvements_mitigation,LLMgenerated,a possible way to solve,possible-way-pivot,STRONG-TRUE,,,,,,,,,
one possible way to tackle it,False,Solving_problems_improvements_mitigation,LLMgenerated,a possible way to tackle,possible-way-pivot,STRONG-TRUE,,,,,,,,,
one possible way to tackle that,False,Solving_problems_improvements_mitigation,LLMgenerated,a possible way to tackle,possible-way-pivot,STRONG-TRUE,,,,,,,,,
one possible way to tackle these,False,Solving_problems_improvements_mitigation,LLMgenerated,a possible way to tackle,possible-way-pivot,STRONG-TRUE,,,,,,,,,
one possible way to tackle this,False,Solving_problems_improvements_mitigation,LLMgenerated,a possible way to tackle,possible-way-pivot,STRONG-TRUE,,,,,,,,,
one possible way to tackle this issue,False,Solving_problems_improvements_mitigation,LLMgenerated,a possible way to tackle,possible-way-pivot,STRONG-TRUE,,,,,,,,,
one possible way to tackle those,False,Solving_problems_improvements_mitigation,LLMgenerated,a possible way to tackle,possible-way-pivot,STRONG-TRUE,,,,,,,,,
preventing these biases,False,Solving_problems_improvements_mitigation,LLMgenerated,to prevent,prevent-family,STRONG-TRUE,,,,,,,,,
preventing these effects,False,Solving_problems_improvements_mitigation,LLMgenerated,to prevent,prevent-family,STRONG-TRUE,,,,,,,,,
preventing these issues,False,Solving_problems_improvements_mitigation,LLMgenerated,to prevent,prevent-family,STRONG-TRUE,,,,,,,,,
preventing these limitations,False,Solving_problems_improvements_mitigation,LLMgenerated,to prevent,prevent-family,STRONG-TRUE,,,,,,,,,
preventing these points,False,Solving_problems_improvements_mitigation,LLMgenerated,to prevent,prevent-family,STRONG-TRUE,,,,,,,,,
preventing these problems,False,Solving_problems_improvements_mitigation,LLMgenerated,to prevent,prevent-family,STRONG-TRUE,,,,,,,,,
preventing these risks,False,Solving_problems_improvements_mitigation,LLMgenerated,to prevent,prevent-family,STRONG-TRUE,,,,,,,,,
preventing this bias,False,Solving_problems_improvements_mitigation,LLMgenerated,to prevent,prevent-family,STRONG-TRUE,,,,,,,,,
preventing this effect,False,Solving_problems_improvements_mitigation,LLMgenerated,to prevent,prevent-family,STRONG-TRUE,,,,,,,,,
preventing this issue,False,Solving_problems_improvements_mitigation,LLMgenerated,to prevent,prevent-family,STRONG-TRUE,,,,,,,,,
preventing this limitation,False,Solving_problems_improvements_mitigation,LLMgenerated,to prevent,prevent-family,STRONG-TRUE,,,,,,,,,
preventing this point,False,Solving_problems_improvements_mitigation,LLMgenerated,to prevent,prevent-family,STRONG-TRUE,,,,,,,,,
preventing this problem,False,Solving_problems_improvements_mitigation,LLMgenerated,to prevent,prevent-family,STRONG-TRUE,,,,,,,,,
preventing this risk,False,Solving_problems_improvements_mitigation,LLMgenerated,to prevent,prevent-family,STRONG-TRUE,,,,,,,,,
preventing those points,False,Solving_problems_improvements_mitigation,LLMgenerated,to prevent,prevent-family,STRONG-TRUE,,,,,,,,,
to prevent the above,False,Solving_problems_improvements_mitigation,LLMgenerated,to prevent,prevent-family,STRONG-TRUE,,,,,,,,,
to prevent the above limitations,False,Solving_problems_improvements_mitigation,LLMgenerated,to prevent,prevent-family,STRONG-TRUE,,,,,,,,,
to prevent the aforementioned limitation,False,Solving_problems_improvements_mitigation,LLMgenerated,to prevent,prevent-family,STRONG-TRUE,,,,,,,,,
to prevent the limitations of this approach,False,Solving_problems_improvements_mitigation,LLMgenerated,to prevent,prevent-family,STRONG-TRUE,,,,,,,,,
to prevent these bias problems,False,Solving_problems_improvements_mitigation,LLMgenerated,to prevent,prevent-family,STRONG-TRUE,,,,,,,,,
to prevent these biases,False,Solving_problems_improvements_mitigation,LLMgenerated,to prevent,prevent-family,STRONG-TRUE,,,,,,,,,
to prevent these challenges,False,Solving_problems_improvements_mitigation,LLMgenerated,to prevent,prevent-family,STRONG-TRUE,,,,,,,,,
to prevent these concerns,False,Solving_problems_improvements_mitigation,LLMgenerated,to prevent,prevent-family,STRONG-TRUE,,,,,,,,,
to prevent these differences,False,Solving_problems_improvements_mitigation,LLMgenerated,to prevent,prevent-family,STRONG-TRUE,,,,,,,,,
to prevent these effects,False,Solving_problems_improvements_mitigation,LLMgenerated,to prevent,prevent-family,STRONG-TRUE,,,,,,,,,
to prevent these issues,False,Solving_problems_improvements_mitigation,LLMgenerated,to prevent,prevent-family,STRONG-TRUE,,,,,,,,,
to prevent these limitations,False,Solving_problems_improvements_mitigation,LLMgenerated,to prevent,prevent-family,STRONG-TRUE,,,,,,,,,
to prevent these points,False,Solving_problems_improvements_mitigation,LLMgenerated,to prevent,prevent-family,STRONG-TRUE,,,,,,,,,
to prevent these possibilities,False,Solving_problems_improvements_mitigation,LLMgenerated,to prevent,prevent-family,STRONG-TRUE,,,,,,,,,
to prevent these potential limitations,False,Solving_problems_improvements_mitigation,LLMgenerated,to prevent,prevent-family,STRONG-TRUE,,,,,,,,,
to prevent these potential limitations and biases,False,Solving_problems_improvements_mitigation,LLMgenerated,to prevent,prevent-family,STRONG-TRUE,,,,,,,,,
to prevent these risks,False,Solving_problems_improvements_mitigation,LLMgenerated,to prevent,prevent-family,STRONG-TRUE,,,,,,,,,
to prevent these symptoms,False,Solving_problems_improvements_mitigation,LLMgenerated,to prevent,prevent-family,STRONG-TRUE,,,,,,,,,
to prevent these threats,False,Solving_problems_improvements_mitigation,LLMgenerated,to prevent,prevent-family,STRONG-TRUE,,,,,,,,,
to prevent this,False,Solving_problems_improvements_mitigation,LLMgenerated,to prevent,prevent-family,STRONG-TRUE,,,,,,,,,
to prevent this bias,False,Solving_problems_improvements_mitigation,LLMgenerated,to prevent,prevent-family,STRONG-TRUE,,,,,,,,,
to prevent this disease,False,Solving_problems_improvements_mitigation,LLMgenerated,to prevent,prevent-family,STRONG-TRUE,,,,,,,,,
to prevent this effect,False,Solving_problems_improvements_mitigation,LLMgenerated,to prevent,prevent-family,STRONG-TRUE,,,,,,,,,
to prevent this issue,False,Solving_problems_improvements_mitigation,LLMgenerated,to prevent,prevent-family,STRONG-TRUE,,,,,,,,,
to prevent this limitation,False,Solving_problems_improvements_mitigation,LLMgenerated,to prevent,prevent-family,STRONG-TRUE,,,,,,,,,
to prevent this point,False,Solving_problems_improvements_mitigation,LLMgenerated,to prevent,prevent-family,STRONG-TRUE,,,,,,,,,
to prevent this possibility,False,Solving_problems_improvements_mitigation,LLMgenerated,to prevent,prevent-family,STRONG-TRUE,,,,,,,,,
to prevent this problem,False,Solving_problems_improvements_mitigation,LLMgenerated,to prevent,prevent-family,STRONG-TRUE,,,,,,,,,
to prevent this risk,False,Solving_problems_improvements_mitigation,LLMgenerated,to prevent,prevent-family,STRONG-TRUE,,,,,,,,,
to prevent this symptom,False,Solving_problems_improvements_mitigation,LLMgenerated,to prevent,prevent-family,STRONG-TRUE,,,,,,,,,
to prevent this threat,False,Solving_problems_improvements_mitigation,LLMgenerated,to prevent,prevent-family,STRONG-TRUE,,,,,,,,,
to prevent those challenges,False,Solving_problems_improvements_mitigation,LLMgenerated,to prevent,prevent-family,STRONG-TRUE,,,,,,,,,
to prevent those issues,False,Solving_problems_improvements_mitigation,LLMgenerated,to prevent,prevent-family,STRONG-TRUE,,,,,,,,,
to prevent those limitations,False,Solving_problems_improvements_mitigation,LLMgenerated,to prevent,prevent-family,STRONG-TRUE,,,,,,,,,
to prevent those points,False,Solving_problems_improvements_mitigation,LLMgenerated,to prevent,prevent-family,STRONG-TRUE,,,,,,,,,
to prevent those problems,False,Solving_problems_improvements_mitigation,LLMgenerated,to prevent,prevent-family,STRONG-TRUE,,,,,,,,,
to prevent those symptoms,False,Solving_problems_improvements_mitigation,LLMgenerated,to prevent,prevent-family,STRONG-TRUE,,,,,,,,,
these call for us to design,False,Solving_problems_improvements_mitigation,LLMgenerated,these call for,problem-subject-pivot,STRONG-TRUE,,,,,,,,,
these call for us to develop,False,Solving_problems_improvements_mitigation,LLMgenerated,these call for,problem-subject-pivot,STRONG-TRUE,,,,,,,,,
these call for us to introduce,False,Solving_problems_improvements_mitigation,LLMgenerated,these call for,problem-subject-pivot,STRONG-TRUE,,,,,,,,,
these call for us to propose,False,Solving_problems_improvements_mitigation,LLMgenerated,these call for,problem-subject-pivot,STRONG-TRUE,,,,,,,,,
these challenges motivate us to design,False,Solving_problems_improvements_mitigation,LLMgenerated,these challenges motivate,problem-subject-pivot,STRONG-TRUE,,,,,,,,,
these challenges motivate us to develop,False,Solving_problems_improvements_mitigation,LLMgenerated,these challenges motivate,problem-subject-pivot,STRONG-TRUE,,,,,,,,,
these challenges motivate us to introduce,False,Solving_problems_improvements_mitigation,LLMgenerated,these challenges motivate,problem-subject-pivot,STRONG-TRUE,,,,,,,,,
these challenges motivate us to propose,False,Solving_problems_improvements_mitigation,LLMgenerated,these challenges motivate,problem-subject-pivot,STRONG-TRUE,,,,,,,,,
these demand us to design,False,Solving_problems_improvements_mitigation,LLMgenerated,these demand,problem-subject-pivot,STRONG-TRUE,,,,,,,,,
these demand us to develop,False,Solving_problems_improvements_mitigation,LLMgenerated,these demand,problem-subject-pivot,STRONG-TRUE,,,,,,,,,
these demand us to introduce,False,Solving_problems_improvements_mitigation,LLMgenerated,these demand,problem-subject-pivot,STRONG-TRUE,,,,,,,,,
these demand us to propose,False,Solving_problems_improvements_mitigation,LLMgenerated,these demand,problem-subject-pivot,STRONG-TRUE,,,,,,,,,
these issues motivate us to design,False,Solving_problems_improvements_mitigation,LLMgenerated,these issues motivate,problem-subject-pivot,STRONG-TRUE,,,,,,,,,
these issues motivate us to develop,False,Solving_problems_improvements_mitigation,LLMgenerated,these issues motivate,problem-subject-pivot,STRONG-TRUE,,,,,,,,,
these issues motivate us to introduce,False,Solving_problems_improvements_mitigation,LLMgenerated,these issues motivate,problem-subject-pivot,STRONG-TRUE,,,,,,,,,
these issues motivate us to propose,False,Solving_problems_improvements_mitigation,LLMgenerated,these issues motivate,problem-subject-pivot,STRONG-TRUE,,,,,,,,,
these limitations motivate us to design,False,Solving_problems_improvements_mitigation,LLMgenerated,these limitations motivate,problem-subject-pivot,STRONG-TRUE,,,,,,,,,
these limitations motivate us to develop,False,Solving_problems_improvements_mitigation,LLMgenerated,these limitations motivate,problem-subject-pivot,STRONG-TRUE,,,,,,,,,
these limitations motivate us to introduce,False,Solving_problems_improvements_mitigation,LLMgenerated,these limitations motivate,problem-subject-pivot,STRONG-TRUE,,,,,,,,,
these limitations motivate us to propose,False,Solving_problems_improvements_mitigation,LLMgenerated,these limitations motivate,problem-subject-pivot,STRONG-TRUE,,,,,,,,,
these motivate us to design,False,Solving_problems_improvements_mitigation,LLMgenerated,these motivate,problem-subject-pivot,STRONG-TRUE,,,,,,,,,
these motivate us to develop,False,Solving_problems_improvements_mitigation,LLMgenerated,these motivate,problem-subject-pivot,STRONG-TRUE,,,,,,,,,
these motivate us to introduce,False,Solving_problems_improvements_mitigation,LLMgenerated,these motivate,problem-subject-pivot,STRONG-TRUE,,,,,,,,,
these motivate us to propose,False,Solving_problems_improvements_mitigation,LLMgenerated,these motivate,problem-subject-pivot,STRONG-TRUE,,,,,,,,,
these necessitate us to design,False,Solving_problems_improvements_mitigation,LLMgenerated,these necessitate,problem-subject-pivot,STRONG-TRUE,,,,,,,,,
these necessitate us to develop,False,Solving_problems_improvements_mitigation,LLMgenerated,these necessitate,problem-subject-pivot,STRONG-TRUE,,,,,,,,,
these necessitate us to introduce,False,Solving_problems_improvements_mitigation,LLMgenerated,these necessitate,problem-subject-pivot,STRONG-TRUE,,,,,,,,,
these necessitate us to propose,False,Solving_problems_improvements_mitigation,LLMgenerated,these necessitate,problem-subject-pivot,STRONG-TRUE,,,,,,,,,
this calls for us to design,False,Solving_problems_improvements_mitigation,LLMgenerated,this calls for,problem-subject-pivot,STRONG-TRUE,,,,,,,,,
this calls for us to develop,False,Solving_problems_improvements_mitigation,LLMgenerated,this calls for,problem-subject-pivot,STRONG-TRUE,,,,,,,,,
this calls for us to introduce,False,Solving_problems_improvements_mitigation,LLMgenerated,this calls for,problem-subject-pivot,STRONG-TRUE,,,,,,,,,
this calls for us to propose,False,Solving_problems_improvements_mitigation,LLMgenerated,this calls for,problem-subject-pivot,STRONG-TRUE,,,,,,,,,
this challenge motivates us to design,False,Solving_problems_improvements_mitigation,LLMgenerated,this challenge motivates,problem-subject-pivot,STRONG-TRUE,,,,,,,,,
this challenge motivates us to develop,False,Solving_problems_improvements_mitigation,LLMgenerated,this challenge motivates,problem-subject-pivot,STRONG-TRUE,,,,,,,,,
this challenge motivates us to introduce,False,Solving_problems_improvements_mitigation,LLMgenerated,this challenge motivates,problem-subject-pivot,STRONG-TRUE,,,,,,,,,
this challenge motivates us to propose,False,Solving_problems_improvements_mitigation,LLMgenerated,this challenge motivates,problem-subject-pivot,STRONG-TRUE,,,,,,,,,
this demands us to design,False,Solving_problems_improvements_mitigation,LLMgenerated,this demands,problem-subject-pivot,STRONG-TRUE,,,,,,,,,
this demands us to develop,False,Solving_problems_improvements_mitigation,LLMgenerated,this demands,problem-subject-pivot,STRONG-TRUE,,,,,,,,,
this demands us to introduce,False,Solving_problems_improvements_mitigation,LLMgenerated,this demands,problem-subject-pivot,STRONG-TRUE,,,,,,,,,
this demands us to propose,False,Solving_problems_improvements_mitigation,LLMgenerated,this demands,problem-subject-pivot,STRONG-TRUE,,,,,,,,,
this gap motivates us to design,False,Solving_problems_improvements_mitigation,LLMgenerated,this gap motivates,problem-subject-pivot,STRONG-TRUE,,,,,,,,,
this gap motivates us to develop,False,Solving_problems_improvements_mitigation,LLMgenerated,this gap motivates,problem-subject-pivot,STRONG-TRUE,,,,,,,,,
this gap motivates us to introduce,False,Solving_problems_improvements_mitigation,LLMgenerated,this gap motivates,problem-subject-pivot,STRONG-TRUE,,,,,,,,,
this gap motivates us to propose,False,Solving_problems_improvements_mitigation,LLMgenerated,this gap motivates,problem-subject-pivot,STRONG-TRUE,,,,,,,,,
this gap necessitates us to design,False,Solving_problems_improvements_mitigation,LLMgenerated,this gap necessitates,problem-subject-pivot,STRONG-TRUE,,,,,,,,,
this gap necessitates us to develop,False,Solving_problems_improvements_mitigation,LLMgenerated,this gap necessitates,problem-subject-pivot,STRONG-TRUE,,,,,,,,,
this gap necessitates us to introduce,False,Solving_problems_improvements_mitigation,LLMgenerated,this gap necessitates,problem-subject-pivot,STRONG-TRUE,,,,,,,,,
this gap necessitates us to propose,False,Solving_problems_improvements_mitigation,LLMgenerated,this gap necessitates,problem-subject-pivot,STRONG-TRUE,,,,,,,,,
this limitation motivates us to design,False,Solving_problems_improvements_mitigation,LLMgenerated,this limitation motivates,problem-subject-pivot,STRONG-TRUE,,,,,,,,,
this limitation motivates us to develop,False,Solving_problems_improvements_mitigation,LLMgenerated,this limitation motivates,problem-subject-pivot,STRONG-TRUE,,,,,,,,,
this limitation motivates us to introduce,False,Solving_problems_improvements_mitigation,LLMgenerated,this limitation motivates,problem-subject-pivot,STRONG-TRUE,,,,,,,,,
this limitation motivates us to propose,False,Solving_problems_improvements_mitigation,LLMgenerated,this limitation motivates,problem-subject-pivot,STRONG-TRUE,,,,,,,,,
this limitation necessitates us to design,False,Solving_problems_improvements_mitigation,LLMgenerated,this limitation necessitates,problem-subject-pivot,STRONG-TRUE,,,,,,,,,
this limitation necessitates us to develop,False,Solving_problems_improvements_mitigation,LLMgenerated,this limitation necessitates,problem-subject-pivot,STRONG-TRUE,,,,,,,,,
this limitation necessitates us to introduce,False,Solving_problems_improvements_mitigation,LLMgenerated,this limitation necessitates,problem-subject-pivot,STRONG-TRUE,,,,,,,,,
this limitation necessitates us to propose,False,Solving_problems_improvements_mitigation,LLMgenerated,this limitation necessitates,problem-subject-pivot,STRONG-TRUE,,,,,,,,,
this motivates us to design,False,Solving_problems_improvements_mitigation,LLMgenerated,this motivates,problem-subject-pivot,STRONG-TRUE,,,,,,,,,
this motivates us to develop,False,Solving_problems_improvements_mitigation,LLMgenerated,this motivates,problem-subject-pivot,STRONG-TRUE,,,,,,,,,
this motivates us to introduce,False,Solving_problems_improvements_mitigation,LLMgenerated,this motivates,problem-subject-pivot,STRONG-TRUE,,,,,,,,,
this motivates us to propose,False,Solving_problems_improvements_mitigation,LLMgenerated,this motivates,problem-subject-pivot,STRONG-TRUE,,,,,,,,,
this necessitates us to design,False,Solving_problems_improvements_mitigation,LLMgenerated,this necessitates,problem-subject-pivot,STRONG-TRUE,,,,,,,,,
this necessitates us to develop,False,Solving_problems_improvements_mitigation,LLMgenerated,this necessitates,problem-subject-pivot,STRONG-TRUE,,,,,,,,,
this necessitates us to introduce,False,Solving_problems_improvements_mitigation,LLMgenerated,this necessitates,problem-subject-pivot,STRONG-TRUE,,,,,,,,,
this necessitates us to propose,False,Solving_problems_improvements_mitigation,LLMgenerated,this necessitates,problem-subject-pivot,STRONG-TRUE,,,,,,,,,
this problem motivates us to design,False,Solving_problems_improvements_mitigation,LLMgenerated,this problem motivates,problem-subject-pivot,STRONG-TRUE,,,,,,,,,
this problem motivates us to develop,False,Solving_problems_improvements_mitigation,LLMgenerated,this problem motivates,problem-subject-pivot,STRONG-TRUE,,,,,,,,,
this problem motivates us to introduce,False,Solving_problems_improvements_mitigation,LLMgenerated,this problem motivates,problem-subject-pivot,STRONG-TRUE,,,,,,,,,
this problem motivates us to propose,False,Solving_problems_improvements_mitigation,LLMgenerated,this problem motivates,problem-subject-pivot,STRONG-TRUE,,,,,,,,,
this problem necessitates us to design,False,Solving_problems_improvements_mitigation,LLMgenerated,this problem necessitates,problem-subject-pivot,STRONG-TRUE,,,,,,,,,
this problem necessitates us to develop,False,Solving_problems_improvements_mitigation,LLMgenerated,this problem necessitates,problem-subject-pivot,STRONG-TRUE,,,,,,,,,
this problem necessitates us to introduce,False,Solving_problems_improvements_mitigation,LLMgenerated,this problem necessitates,problem-subject-pivot,STRONG-TRUE,,,,,,,,,
this problem necessitates us to propose,False,Solving_problems_improvements_mitigation,LLMgenerated,this problem necessitates,problem-subject-pivot,STRONG-TRUE,,,,,,,,,
this prompts us to design,False,Solving_problems_improvements_mitigation,LLMgenerated,this prompts,problem-subject-pivot,STRONG-TRUE,,,,,,,,,
this prompts us to develop,False,Solving_problems_improvements_mitigation,LLMgenerated,this prompts,problem-subject-pivot,STRONG-TRUE,,,,,,,,,
this prompts us to introduce,False,Solving_problems_improvements_mitigation,LLMgenerated,this prompts,problem-subject-pivot,STRONG-TRUE,,,,,,,,,
this prompts us to propose,False,Solving_problems_improvements_mitigation,LLMgenerated,this prompts,problem-subject-pivot,STRONG-TRUE,,,,,,,,,
to rectify the above,False,Solving_problems_improvements_mitigation,LLMgenerated,to rectify,rectify-family,STRONG-TRUE,,,,,,,,,
to rectify the above limitations,False,Solving_problems_improvements_mitigation,LLMgenerated,to rectify,rectify-family,STRONG-TRUE,,,,,,,,,
to rectify the aforementioned limitation,False,Solving_problems_improvements_mitigation,LLMgenerated,to rectify,rectify-family,STRONG-TRUE,,,,,,,,,
to rectify the limitations of this approach,False,Solving_problems_improvements_mitigation,LLMgenerated,to rectify,rectify-family,STRONG-TRUE,,,,,,,,,
to rectify these bias problems,False,Solving_problems_improvements_mitigation,LLMgenerated,to rectify,rectify-family,STRONG-TRUE,,,,,,,,,
to rectify these biases,False,Solving_problems_improvements_mitigation,LLMgenerated,to rectify,rectify-family,STRONG-TRUE,,,,,,,,,
to rectify these challenges,False,Solving_problems_improvements_mitigation,LLMgenerated,to rectify,rectify-family,STRONG-TRUE,,,,,,,,,
to rectify these concerns,False,Solving_problems_improvements_mitigation,LLMgenerated,to rectify,rectify-family,STRONG-TRUE,,,,,,,,,
to rectify these differences,False,Solving_problems_improvements_mitigation,LLMgenerated,to rectify,rectify-family,STRONG-TRUE,,,,,,,,,
to rectify these effects,False,Solving_problems_improvements_mitigation,LLMgenerated,to rectify,rectify-family,STRONG-TRUE,,,,,,,,,
to rectify these issues,False,Solving_problems_improvements_mitigation,LLMgenerated,to rectify,rectify-family,STRONG-TRUE,,,,,,,,,
to rectify these limitations,False,Solving_problems_improvements_mitigation,LLMgenerated,to rectify,rectify-family,STRONG-TRUE,,,,,,,,,
to rectify these points,False,Solving_problems_improvements_mitigation,LLMgenerated,to rectify,rectify-family,STRONG-TRUE,,,,,,,,,
to rectify these possibilities,False,Solving_problems_improvements_mitigation,LLMgenerated,to rectify,rectify-family,STRONG-TRUE,,,,,,,,,
to rectify these potential limitations,False,Solving_problems_improvements_mitigation,LLMgenerated,to rectify,rectify-family,STRONG-TRUE,,,,,,,,,
to rectify these potential limitations and biases,False,Solving_problems_improvements_mitigation,LLMgenerated,to rectify,rectify-family,STRONG-TRUE,,,,,,,,,
to rectify these risks,False,Solving_problems_improvements_mitigation,LLMgenerated,to rectify,rectify-family,STRONG-TRUE,,,,,,,,,
to rectify these symptoms,False,Solving_problems_improvements_mitigation,LLMgenerated,to rectify,rectify-family,STRONG-TRUE,,,,,,,,,
to rectify these threats,False,Solving_problems_improvements_mitigation,LLMgenerated,to rectify,rectify-family,STRONG-TRUE,,,,,,,,,
to rectify this,False,Solving_problems_improvements_mitigation,LLMgenerated,to rectify,rectify-family,STRONG-TRUE,,,,,,,,,
to rectify this bias,False,Solving_problems_improvements_mitigation,LLMgenerated,to rectify,rectify-family,STRONG-TRUE,,,,,,,,,
to rectify this disease,False,Solving_problems_improvements_mitigation,LLMgenerated,to rectify,rectify-family,STRONG-TRUE,,,,,,,,,
to rectify this effect,False,Solving_problems_improvements_mitigation,LLMgenerated,to rectify,rectify-family,STRONG-TRUE,,,,,,,,,
to rectify this issue,False,Solving_problems_improvements_mitigation,LLMgenerated,to rectify,rectify-family,STRONG-TRUE,,,,,,,,,
to rectify this limitation,False,Solving_problems_improvements_mitigation,LLMgenerated,to rectify,rectify-family,STRONG-TRUE,,,,,,,,,
to rectify this point,False,Solving_problems_improvements_mitigation,LLMgenerated,to rectify,rectify-family,STRONG-TRUE,,,,,,,,,
to rectify this possibility,False,Solving_problems_improvements_mitigation,LLMgenerated,to rectify,rectify-family,STRONG-TRUE,,,,,,,,,
to rectify this problem,False,Solving_problems_improvements_mitigation,LLMgenerated,to rectify,rectify-family,STRONG-TRUE,,,,,,,,,
to rectify this risk,False,Solving_problems_improvements_mitigation,LLMgenerated,to rectify,rectify-family,STRONG-TRUE,,,,,,,,,
to rectify this symptom,False,Solving_problems_improvements_mitigation,LLMgenerated,to rectify,rectify-family,STRONG-TRUE,,,,,,,,,
to rectify this threat,False,Solving_problems_improvements_mitigation,LLMgenerated,to rectify,rectify-family,STRONG-TRUE,,,,,,,,,
to rectify those challenges,False,Solving_problems_improvements_mitigation,LLMgenerated,to rectify,rectify-family,STRONG-TRUE,,,,,,,,,
to rectify those issues,False,Solving_problems_improvements_mitigation,LLMgenerated,to rectify,rectify-family,STRONG-TRUE,,,,,,,,,
to rectify those limitations,False,Solving_problems_improvements_mitigation,LLMgenerated,to rectify,rectify-family,STRONG-TRUE,,,,,,,,,
to rectify those points,False,Solving_problems_improvements_mitigation,LLMgenerated,to rectify,rectify-family,STRONG-TRUE,,,,,,,,,
to rectify those problems,False,Solving_problems_improvements_mitigation,LLMgenerated,to rectify,rectify-family,STRONG-TRUE,,,,,,,,,
to rectify those symptoms,False,Solving_problems_improvements_mitigation,LLMgenerated,to rectify,rectify-family,STRONG-TRUE,,,,,,,,,
to redress the above,False,Solving_problems_improvements_mitigation,LLMgenerated,to redress,redress-family,STRONG-TRUE,,,,,,,,,
to redress the above limitations,False,Solving_problems_improvements_mitigation,LLMgenerated,to redress,redress-family,STRONG-TRUE,,,,,,,,,
to redress the aforementioned limitation,False,Solving_problems_improvements_mitigation,LLMgenerated,to redress,redress-family,STRONG-TRUE,,,,,,,,,
to redress the limitations of this approach,False,Solving_problems_improvements_mitigation,LLMgenerated,to redress,redress-family,STRONG-TRUE,,,,,,,,,
to redress these bias problems,False,Solving_problems_improvements_mitigation,LLMgenerated,to redress,redress-family,STRONG-TRUE,,,,,,,,,
to redress these biases,False,Solving_problems_improvements_mitigation,LLMgenerated,to redress,redress-family,STRONG-TRUE,,,,,,,,,
to redress these challenges,False,Solving_problems_improvements_mitigation,LLMgenerated,to redress,redress-family,STRONG-TRUE,,,,,,,,,
to redress these concerns,False,Solving_problems_improvements_mitigation,LLMgenerated,to redress,redress-family,STRONG-TRUE,,,,,,,,,
to redress these differences,False,Solving_problems_improvements_mitigation,LLMgenerated,to redress,redress-family,STRONG-TRUE,,,,,,,,,
to redress these effects,False,Solving_problems_improvements_mitigation,LLMgenerated,to redress,redress-family,STRONG-TRUE,,,,,,,,,
to redress these issues,False,Solving_problems_improvements_mitigation,LLMgenerated,to redress,redress-family,STRONG-TRUE,,,,,,,,,
to redress these limitations,False,Solving_problems_improvements_mitigation,LLMgenerated,to redress,redress-family,STRONG-TRUE,,,,,,,,,
to redress these points,False,Solving_problems_improvements_mitigation,LLMgenerated,to redress,redress-family,STRONG-TRUE,,,,,,,,,
to redress these possibilities,False,Solving_problems_improvements_mitigation,LLMgenerated,to redress,redress-family,STRONG-TRUE,,,,,,,,,
to redress these potential limitations,False,Solving_problems_improvements_mitigation,LLMgenerated,to redress,redress-family,STRONG-TRUE,,,,,,,,,
to redress these potential limitations and biases,False,Solving_problems_improvements_mitigation,LLMgenerated,to redress,redress-family,STRONG-TRUE,,,,,,,,,
to redress these risks,False,Solving_problems_improvements_mitigation,LLMgenerated,to redress,redress-family,STRONG-TRUE,,,,,,,,,
to redress these symptoms,False,Solving_problems_improvements_mitigation,LLMgenerated,to redress,redress-family,STRONG-TRUE,,,,,,,,,
to redress these threats,False,Solving_problems_improvements_mitigation,LLMgenerated,to redress,redress-family,STRONG-TRUE,,,,,,,,,
to redress this,False,Solving_problems_improvements_mitigation,LLMgenerated,to redress,redress-family,STRONG-TRUE,,,,,,,,,
to redress this bias,False,Solving_problems_improvements_mitigation,LLMgenerated,to redress,redress-family,STRONG-TRUE,,,,,,,,,
to redress this disease,False,Solving_problems_improvements_mitigation,LLMgenerated,to redress,redress-family,STRONG-TRUE,,,,,,,,,
to redress this effect,False,Solving_problems_improvements_mitigation,LLMgenerated,to redress,redress-family,STRONG-TRUE,,,,,,,,,
to redress this issue,False,Solving_problems_improvements_mitigation,LLMgenerated,to redress,redress-family,STRONG-TRUE,,,,,,,,,
to redress this limitation,False,Solving_problems_improvements_mitigation,LLMgenerated,to redress,redress-family,STRONG-TRUE,,,,,,,,,
to redress this point,False,Solving_problems_improvements_mitigation,LLMgenerated,to redress,redress-family,STRONG-TRUE,,,,,,,,,
to redress this possibility,False,Solving_problems_improvements_mitigation,LLMgenerated,to redress,redress-family,STRONG-TRUE,,,,,,,,,
to redress this problem,False,Solving_problems_improvements_mitigation,LLMgenerated,to redress,redress-family,STRONG-TRUE,,,,,,,,,
to redress this risk,False,Solving_problems_improvements_mitigation,LLMgenerated,to redress,redress-family,STRONG-TRUE,,,,,,,,,
to redress this symptom,False,Solving_problems_improvements_mitigation,LLMgenerated,to redress,redress-family,STRONG-TRUE,,,,,,,,,
to redress this threat,False,Solving_problems_improvements_mitigation,LLMgenerated,to redress,redress-family,STRONG-TRUE,,,,,,,,,
to redress those challenges,False,Solving_problems_improvements_mitigation,LLMgenerated,to redress,redress-family,STRONG-TRUE,,,,,,,,,
to redress those issues,False,Solving_problems_improvements_mitigation,LLMgenerated,to redress,redress-family,STRONG-TRUE,,,,,,,,,
to redress those limitations,False,Solving_problems_improvements_mitigation,LLMgenerated,to redress,redress-family,STRONG-TRUE,,,,,,,,,
to redress those points,False,Solving_problems_improvements_mitigation,LLMgenerated,to redress,redress-family,STRONG-TRUE,,,,,,,,,
to redress those problems,False,Solving_problems_improvements_mitigation,LLMgenerated,to redress,redress-family,STRONG-TRUE,,,,,,,,,
to redress those symptoms,False,Solving_problems_improvements_mitigation,LLMgenerated,to redress,redress-family,STRONG-TRUE,,,,,,,,,
relieving these biases,False,Solving_problems_improvements_mitigation,LLMgenerated,to relieve,relieve-family,STRONG-TRUE,,,,,,,,,
relieving these effects,False,Solving_problems_improvements_mitigation,LLMgenerated,to relieve,relieve-family,STRONG-TRUE,,,,,,,,,
relieving these issues,False,Solving_problems_improvements_mitigation,LLMgenerated,to relieve,relieve-family,STRONG-TRUE,,,,,,,,,
relieving these limitations,False,Solving_problems_improvements_mitigation,LLMgenerated,to relieve,relieve-family,STRONG-TRUE,,,,,,,,,
relieving these points,False,Solving_problems_improvements_mitigation,LLMgenerated,to relieve,relieve-family,STRONG-TRUE,,,,,,,,,
relieving these problems,False,Solving_problems_improvements_mitigation,LLMgenerated,to relieve,relieve-family,STRONG-TRUE,,,,,,,,,
relieving these risks,False,Solving_problems_improvements_mitigation,LLMgenerated,to relieve,relieve-family,STRONG-TRUE,,,,,,,,,
relieving this bias,False,Solving_problems_improvements_mitigation,LLMgenerated,to relieve,relieve-family,STRONG-TRUE,,,,,,,,,
relieving this effect,False,Solving_problems_improvements_mitigation,LLMgenerated,to relieve,relieve-family,STRONG-TRUE,,,,,,,,,
relieving this issue,False,Solving_problems_improvements_mitigation,LLMgenerated,to relieve,relieve-family,STRONG-TRUE,,,,,,,,,
relieving this limitation,False,Solving_problems_improvements_mitigation,LLMgenerated,to relieve,relieve-family,STRONG-TRUE,,,,,,,,,
relieving this point,False,Solving_problems_improvements_mitigation,LLMgenerated,to relieve,relieve-family,STRONG-TRUE,,,,,,,,,
relieving this problem,False,Solving_problems_improvements_mitigation,LLMgenerated,to relieve,relieve-family,STRONG-TRUE,,,,,,,,,
relieving this risk,False,Solving_problems_improvements_mitigation,LLMgenerated,to relieve,relieve-family,STRONG-TRUE,,,,,,,,,
relieving those points,False,Solving_problems_improvements_mitigation,LLMgenerated,to relieve,relieve-family,STRONG-TRUE,,,,,,,,,
to relieve these challenges,False,Solving_problems_improvements_mitigation,LLMgenerated,to relieve,relieve-family,STRONG-TRUE,,,,,,,,,
to relieve these conditions,False,Solving_problems_improvements_mitigation,LLMgenerated,to relieve,relieve-family,STRONG-TRUE,,,,,,,,,
to relieve these effects,False,Solving_problems_improvements_mitigation,LLMgenerated,to relieve,relieve-family,STRONG-TRUE,,,,,,,,,
to relieve these issues,False,Solving_problems_improvements_mitigation,LLMgenerated,to relieve,relieve-family,STRONG-TRUE,,,,,,,,,
to relieve these limitations,False,Solving_problems_improvements_mitigation,LLMgenerated,to relieve,relieve-family,STRONG-TRUE,,,,,,,,,
to relieve these problems,False,Solving_problems_improvements_mitigation,LLMgenerated,to relieve,relieve-family,STRONG-TRUE,,,,,,,,,
to relieve these symptoms,False,Solving_problems_improvements_mitigation,LLMgenerated,to relieve,relieve-family,STRONG-TRUE,,,,,,,,,
to relieve this,False,Solving_problems_improvements_mitigation,LLMgenerated,to relieve,relieve-family,STRONG-TRUE,,,,,,,,,
to relieve this challenge,False,Solving_problems_improvements_mitigation,LLMgenerated,to relieve,relieve-family,STRONG-TRUE,,,,,,,,,
to relieve this condition,False,Solving_problems_improvements_mitigation,LLMgenerated,to relieve,relieve-family,STRONG-TRUE,,,,,,,,,
to relieve this disease,False,Solving_problems_improvements_mitigation,LLMgenerated,to relieve,relieve-family,STRONG-TRUE,,,,,,,,,
to relieve this effect,False,Solving_problems_improvements_mitigation,LLMgenerated,to relieve,relieve-family,STRONG-TRUE,,,,,,,,,
to relieve this issue,False,Solving_problems_improvements_mitigation,LLMgenerated,to relieve,relieve-family,STRONG-TRUE,,,,,,,,,
to relieve this limitation,False,Solving_problems_improvements_mitigation,LLMgenerated,to relieve,relieve-family,STRONG-TRUE,,,,,,,,,
to relieve this problem,False,Solving_problems_improvements_mitigation,LLMgenerated,to relieve,relieve-family,STRONG-TRUE,,,,,,,,,
to relieve this symptom,False,Solving_problems_improvements_mitigation,LLMgenerated,to relieve,relieve-family,STRONG-TRUE,,,,,,,,,
to relieve those issues,False,Solving_problems_improvements_mitigation,LLMgenerated,to relieve,relieve-family,STRONG-TRUE,,,,,,,,,
to relieve those problems,False,Solving_problems_improvements_mitigation,LLMgenerated,to relieve,relieve-family,STRONG-TRUE,,,,,,,,,
to relieve those symptoms,False,Solving_problems_improvements_mitigation,LLMgenerated,to relieve,relieve-family,STRONG-TRUE,,,,,,,,,
"to remedy these limitations, we design",False,Solving_problems_improvements_mitigation,LLMgenerated,to remedy,remedy-combined,STRONG-TRUE,,,,,,,,,
"to remedy these limitations, we develop",False,Solving_problems_improvements_mitigation,LLMgenerated,to remedy,remedy-combined,STRONG-TRUE,,,,,,,,,
"to remedy these limitations, we introduce",False,Solving_problems_improvements_mitigation,LLMgenerated,to remedy,remedy-combined,STRONG-TRUE,,,,,,,,,
"to remedy these limitations, we present",False,Solving_problems_improvements_mitigation,LLMgenerated,to remedy,remedy-combined,STRONG-TRUE,,,,,,,,,
"to remedy these limitations, we propose",False,Solving_problems_improvements_mitigation,LLMgenerated,to remedy,remedy-combined,STRONG-TRUE,,,,,,,,,
"to remedy this issue, we design",False,Solving_problems_improvements_mitigation,LLMgenerated,to remedy,remedy-combined,STRONG-TRUE,,,,,,,,,
"to remedy this issue, we develop",False,Solving_problems_improvements_mitigation,LLMgenerated,to remedy,remedy-combined,STRONG-TRUE,,,,,,,,,
"to remedy this issue, we introduce",False,Solving_problems_improvements_mitigation,LLMgenerated,to remedy,remedy-combined,STRONG-TRUE,,,,,,,,,
"to remedy this issue, we present",False,Solving_problems_improvements_mitigation,LLMgenerated,to remedy,remedy-combined,STRONG-TRUE,,,,,,,,,
"to remedy this issue, we propose",False,Solving_problems_improvements_mitigation,LLMgenerated,to remedy,remedy-combined,STRONG-TRUE,,,,,,,,,
"to remedy this limitation, we design",False,Solving_problems_improvements_mitigation,LLMgenerated,to remedy,remedy-combined,STRONG-TRUE,,,,,,,,,
"to remedy this limitation, we develop",False,Solving_problems_improvements_mitigation,LLMgenerated,to remedy,remedy-combined,STRONG-TRUE,,,,,,,,,
"to remedy this limitation, we introduce",False,Solving_problems_improvements_mitigation,LLMgenerated,to remedy,remedy-combined,STRONG-TRUE,,,,,,,,,
"to remedy this limitation, we present",False,Solving_problems_improvements_mitigation,LLMgenerated,to remedy,remedy-combined,STRONG-TRUE,,,,,,,,,
"to remedy this limitation, we propose",False,Solving_problems_improvements_mitigation,LLMgenerated,to remedy,remedy-combined,STRONG-TRUE,,,,,,,,,
"to remedy this, we design",False,Solving_problems_improvements_mitigation,LLMgenerated,to remedy,remedy-combined,STRONG-TRUE,,,,,,,,,
"to remedy this, we develop",False,Solving_problems_improvements_mitigation,LLMgenerated,to remedy,remedy-combined,STRONG-TRUE,,,,,,,,,
"to remedy this, we introduce",False,Solving_problems_improvements_mitigation,LLMgenerated,to remedy,remedy-combined,STRONG-TRUE,,,,,,,,,
"to remedy this, we present",False,Solving_problems_improvements_mitigation,LLMgenerated,to remedy,remedy-combined,STRONG-TRUE,,,,,,,,,
"to remedy this, we propose",False,Solving_problems_improvements_mitigation,LLMgenerated,to remedy,remedy-combined,STRONG-TRUE,,,,,,,,,
remedying these biases,False,Solving_problems_improvements_mitigation,LLMgenerated,to remedy,remedy-family,STRONG-TRUE,,,,,,,,,
remedying these effects,False,Solving_problems_improvements_mitigation,LLMgenerated,to remedy,remedy-family,STRONG-TRUE,,,,,,,,,
remedying these issues,False,Solving_problems_improvements_mitigation,LLMgenerated,to remedy,remedy-family,STRONG-TRUE,,,,,,,,,
remedying these limitations,False,Solving_problems_improvements_mitigation,LLMgenerated,to remedy,remedy-family,STRONG-TRUE,,,,,,,,,
remedying these points,False,Solving_problems_improvements_mitigation,LLMgenerated,to remedy,remedy-family,STRONG-TRUE,,,,,,,,,
remedying these problems,False,Solving_problems_improvements_mitigation,LLMgenerated,to remedy,remedy-family,STRONG-TRUE,,,,,,,,,
remedying these risks,False,Solving_problems_improvements_mitigation,LLMgenerated,to remedy,remedy-family,STRONG-TRUE,,,,,,,,,
remedying this bias,False,Solving_problems_improvements_mitigation,LLMgenerated,to remedy,remedy-family,STRONG-TRUE,,,,,,,,,
remedying this effect,False,Solving_problems_improvements_mitigation,LLMgenerated,to remedy,remedy-family,STRONG-TRUE,,,,,,,,,
remedying this issue,False,Solving_problems_improvements_mitigation,LLMgenerated,to remedy,remedy-family,STRONG-TRUE,,,,,,,,,
remedying this limitation,False,Solving_problems_improvements_mitigation,LLMgenerated,to remedy,remedy-family,STRONG-TRUE,,,,,,,,,
remedying this point,False,Solving_problems_improvements_mitigation,LLMgenerated,to remedy,remedy-family,STRONG-TRUE,,,,,,,,,
remedying this problem,False,Solving_problems_improvements_mitigation,LLMgenerated,to remedy,remedy-family,STRONG-TRUE,,,,,,,,,
remedying this risk,False,Solving_problems_improvements_mitigation,LLMgenerated,to remedy,remedy-family,STRONG-TRUE,,,,,,,,,
remedying those points,False,Solving_problems_improvements_mitigation,LLMgenerated,to remedy,remedy-family,STRONG-TRUE,,,,,,,,,
to remedy the above,False,Solving_problems_improvements_mitigation,LLMgenerated,to remedy,remedy-family,STRONG-TRUE,,,,,,,,,
to remedy the above limitations,False,Solving_problems_improvements_mitigation,LLMgenerated,to remedy,remedy-family,STRONG-TRUE,,,,,,,,,
to remedy the aforementioned limitation,False,Solving_problems_improvements_mitigation,LLMgenerated,to remedy,remedy-family,STRONG-TRUE,,,,,,,,,
to remedy the limitations of this approach,False,Solving_problems_improvements_mitigation,LLMgenerated,to remedy,remedy-family,STRONG-TRUE,,,,,,,,,
to remedy these bias problems,False,Solving_problems_improvements_mitigation,LLMgenerated,to remedy,remedy-family,STRONG-TRUE,,,,,,,,,
to remedy these biases,False,Solving_problems_improvements_mitigation,LLMgenerated,to remedy,remedy-family,STRONG-TRUE,,,,,,,,,
to remedy these challenges,False,Solving_problems_improvements_mitigation,LLMgenerated,to remedy,remedy-family,STRONG-TRUE,,,,,,,,,
to remedy these concerns,False,Solving_problems_improvements_mitigation,LLMgenerated,to remedy,remedy-family,STRONG-TRUE,,,,,,,,,
to remedy these differences,False,Solving_problems_improvements_mitigation,LLMgenerated,to remedy,remedy-family,STRONG-TRUE,,,,,,,,,
to remedy these effects,False,Solving_problems_improvements_mitigation,LLMgenerated,to remedy,remedy-family,STRONG-TRUE,,,,,,,,,
to remedy these issues,False,Solving_problems_improvements_mitigation,LLMgenerated,to remedy,remedy-family,STRONG-TRUE,,,,,,,,,
to remedy these limitations,False,Solving_problems_improvements_mitigation,LLMgenerated,to remedy,remedy-family,STRONG-TRUE,,,,,,,,,
to remedy these points,False,Solving_problems_improvements_mitigation,LLMgenerated,to remedy,remedy-family,STRONG-TRUE,,,,,,,,,
to remedy these possibilities,False,Solving_problems_improvements_mitigation,LLMgenerated,to remedy,remedy-family,STRONG-TRUE,,,,,,,,,
to remedy these potential limitations,False,Solving_problems_improvements_mitigation,LLMgenerated,to remedy,remedy-family,STRONG-TRUE,,,,,,,,,
to remedy these potential limitations and biases,False,Solving_problems_improvements_mitigation,LLMgenerated,to remedy,remedy-family,STRONG-TRUE,,,,,,,,,
to remedy these risks,False,Solving_problems_improvements_mitigation,LLMgenerated,to remedy,remedy-family,STRONG-TRUE,,,,,,,,,
to remedy these symptoms,False,Solving_problems_improvements_mitigation,LLMgenerated,to remedy,remedy-family,STRONG-TRUE,,,,,,,,,
to remedy these threats,False,Solving_problems_improvements_mitigation,LLMgenerated,to remedy,remedy-family,STRONG-TRUE,,,,,,,,,
to remedy this,False,Solving_problems_improvements_mitigation,LLMgenerated,to remedy,remedy-family,STRONG-TRUE,,,,,,,,,
to remedy this bias,False,Solving_problems_improvements_mitigation,LLMgenerated,to remedy,remedy-family,STRONG-TRUE,,,,,,,,,
to remedy this disease,False,Solving_problems_improvements_mitigation,LLMgenerated,to remedy,remedy-family,STRONG-TRUE,,,,,,,,,
to remedy this effect,False,Solving_problems_improvements_mitigation,LLMgenerated,to remedy,remedy-family,STRONG-TRUE,,,,,,,,,
to remedy this issue,False,Solving_problems_improvements_mitigation,LLMgenerated,to remedy,remedy-family,STRONG-TRUE,,,,,,,,,
to remedy this limitation,False,Solving_problems_improvements_mitigation,LLMgenerated,to remedy,remedy-family,STRONG-TRUE,,,,,,,,,
to remedy this point,False,Solving_problems_improvements_mitigation,LLMgenerated,to remedy,remedy-family,STRONG-TRUE,,,,,,,,,
to remedy this possibility,False,Solving_problems_improvements_mitigation,LLMgenerated,to remedy,remedy-family,STRONG-TRUE,,,,,,,,,
to remedy this problem,False,Solving_problems_improvements_mitigation,LLMgenerated,to remedy,remedy-family,STRONG-TRUE,,,,,,,,,
to remedy this risk,False,Solving_problems_improvements_mitigation,LLMgenerated,to remedy,remedy-family,STRONG-TRUE,,,,,,,,,
to remedy this symptom,False,Solving_problems_improvements_mitigation,LLMgenerated,to remedy,remedy-family,STRONG-TRUE,,,,,,,,,
to remedy this threat,False,Solving_problems_improvements_mitigation,LLMgenerated,to remedy,remedy-family,STRONG-TRUE,,,,,,,,,
to remedy those challenges,False,Solving_problems_improvements_mitigation,LLMgenerated,to remedy,remedy-family,STRONG-TRUE,,,,,,,,,
to remedy those issues,False,Solving_problems_improvements_mitigation,LLMgenerated,to remedy,remedy-family,STRONG-TRUE,,,,,,,,,
to remedy those limitations,False,Solving_problems_improvements_mitigation,LLMgenerated,to remedy,remedy-family,STRONG-TRUE,,,,,,,,,
to remedy those points,False,Solving_problems_improvements_mitigation,LLMgenerated,to remedy,remedy-family,STRONG-TRUE,,,,,,,,,
to remedy those problems,False,Solving_problems_improvements_mitigation,LLMgenerated,to remedy,remedy-family,STRONG-TRUE,,,,,,,,,
to remedy those symptoms,False,Solving_problems_improvements_mitigation,LLMgenerated,to remedy,remedy-family,STRONG-TRUE,,,,,,,,,
"to resolve these limitations, we design",False,Solving_problems_improvements_mitigation,LLMgenerated,to resolve,resolve-combined,STRONG-TRUE,,,,,,,,,
"to resolve these limitations, we develop",False,Solving_problems_improvements_mitigation,LLMgenerated,to resolve,resolve-combined,STRONG-TRUE,,,,,,,,,
"to resolve these limitations, we introduce",False,Solving_problems_improvements_mitigation,LLMgenerated,to resolve,resolve-combined,STRONG-TRUE,,,,,,,,,
"to resolve these limitations, we present",False,Solving_problems_improvements_mitigation,LLMgenerated,to resolve,resolve-combined,STRONG-TRUE,,,,,,,,,
"to resolve these limitations, we propose",False,Solving_problems_improvements_mitigation,LLMgenerated,to resolve,resolve-combined,STRONG-TRUE,,,,,,,,,
"to resolve this issue, we design",False,Solving_problems_improvements_mitigation,LLMgenerated,to resolve,resolve-combined,STRONG-TRUE,,,,,,,,,
"to resolve this issue, we develop",False,Solving_problems_improvements_mitigation,LLMgenerated,to resolve,resolve-combined,STRONG-TRUE,,,,,,,,,
"to resolve this issue, we introduce",False,Solving_problems_improvements_mitigation,LLMgenerated,to resolve,resolve-combined,STRONG-TRUE,,,,,,,,,
"to resolve this issue, we present",False,Solving_problems_improvements_mitigation,LLMgenerated,to resolve,resolve-combined,STRONG-TRUE,,,,,,,,,
"to resolve this issue, we propose",False,Solving_problems_improvements_mitigation,LLMgenerated,to resolve,resolve-combined,STRONG-TRUE,,,,,,,,,
"to resolve this limitation, we design",False,Solving_problems_improvements_mitigation,LLMgenerated,to resolve,resolve-combined,STRONG-TRUE,,,,,,,,,
"to resolve this limitation, we develop",False,Solving_problems_improvements_mitigation,LLMgenerated,to resolve,resolve-combined,STRONG-TRUE,,,,,,,,,
"to resolve this limitation, we introduce",False,Solving_problems_improvements_mitigation,LLMgenerated,to resolve,resolve-combined,STRONG-TRUE,,,,,,,,,
"to resolve this limitation, we present",False,Solving_problems_improvements_mitigation,LLMgenerated,to resolve,resolve-combined,STRONG-TRUE,,,,,,,,,
"to resolve this limitation, we propose",False,Solving_problems_improvements_mitigation,LLMgenerated,to resolve,resolve-combined,STRONG-TRUE,,,,,,,,,
"to resolve this, we design",False,Solving_problems_improvements_mitigation,LLMgenerated,to resolve,resolve-combined,STRONG-TRUE,,,,,,,,,
"to resolve this, we develop",False,Solving_problems_improvements_mitigation,LLMgenerated,to resolve,resolve-combined,STRONG-TRUE,,,,,,,,,
"to resolve this, we introduce",False,Solving_problems_improvements_mitigation,LLMgenerated,to resolve,resolve-combined,STRONG-TRUE,,,,,,,,,
"to resolve this, we present",False,Solving_problems_improvements_mitigation,LLMgenerated,to resolve,resolve-combined,STRONG-TRUE,,,,,,,,,
"to resolve this, we propose",False,Solving_problems_improvements_mitigation,LLMgenerated,to resolve,resolve-combined,STRONG-TRUE,,,,,,,,,
resolving these biases,False,Solving_problems_improvements_mitigation,LLMgenerated,to resolve,resolve-family,STRONG-TRUE,,,,,,,,,
resolving these effects,False,Solving_problems_improvements_mitigation,LLMgenerated,to resolve,resolve-family,STRONG-TRUE,,,,,,,,,
resolving these issues,False,Solving_problems_improvements_mitigation,LLMgenerated,to resolve,resolve-family,STRONG-TRUE,,,,,,,,,
resolving these limitations,False,Solving_problems_improvements_mitigation,LLMgenerated,to resolve,resolve-family,STRONG-TRUE,,,,,,,,,
resolving these points,False,Solving_problems_improvements_mitigation,LLMgenerated,to resolve,resolve-family,STRONG-TRUE,,,,,,,,,
resolving these problems,False,Solving_problems_improvements_mitigation,LLMgenerated,to resolve,resolve-family,STRONG-TRUE,,,,,,,,,
resolving these risks,False,Solving_problems_improvements_mitigation,LLMgenerated,to resolve,resolve-family,STRONG-TRUE,,,,,,,,,
resolving this bias,False,Solving_problems_improvements_mitigation,LLMgenerated,to resolve,resolve-family,STRONG-TRUE,,,,,,,,,
resolving this effect,False,Solving_problems_improvements_mitigation,LLMgenerated,to resolve,resolve-family,STRONG-TRUE,,,,,,,,,
resolving this issue,False,Solving_problems_improvements_mitigation,LLMgenerated,to resolve,resolve-family,STRONG-TRUE,,,,,,,,,
resolving this limitation,False,Solving_problems_improvements_mitigation,LLMgenerated,to resolve,resolve-family,STRONG-TRUE,,,,,,,,,
resolving this point,False,Solving_problems_improvements_mitigation,LLMgenerated,to resolve,resolve-family,STRONG-TRUE,,,,,,,,,
resolving this problem,False,Solving_problems_improvements_mitigation,LLMgenerated,to resolve,resolve-family,STRONG-TRUE,,,,,,,,,
resolving this risk,False,Solving_problems_improvements_mitigation,LLMgenerated,to resolve,resolve-family,STRONG-TRUE,,,,,,,,,
resolving those points,False,Solving_problems_improvements_mitigation,LLMgenerated,to resolve,resolve-family,STRONG-TRUE,,,,,,,,,
to resolve the above,False,Solving_problems_improvements_mitigation,LLMgenerated,to resolve,resolve-family,STRONG-TRUE,,,,,,,,,
to resolve the above limitations,False,Solving_problems_improvements_mitigation,LLMgenerated,to resolve,resolve-family,STRONG-TRUE,,,,,,,,,
to resolve the aforementioned limitation,False,Solving_problems_improvements_mitigation,LLMgenerated,to resolve,resolve-family,STRONG-TRUE,,,,,,,,,
to resolve the limitations of this approach,False,Solving_problems_improvements_mitigation,LLMgenerated,to resolve,resolve-family,STRONG-TRUE,,,,,,,,,
to resolve these bias problems,False,Solving_problems_improvements_mitigation,LLMgenerated,to resolve,resolve-family,STRONG-TRUE,,,,,,,,,
to resolve these biases,False,Solving_problems_improvements_mitigation,LLMgenerated,to resolve,resolve-family,STRONG-TRUE,,,,,,,,,
to resolve these challenges,False,Solving_problems_improvements_mitigation,LLMgenerated,to resolve,resolve-family,STRONG-TRUE,,,,,,,,,
to resolve these concerns,False,Solving_problems_improvements_mitigation,LLMgenerated,to resolve,resolve-family,STRONG-TRUE,,,,,,,,,
to resolve these differences,False,Solving_problems_improvements_mitigation,LLMgenerated,to resolve,resolve-family,STRONG-TRUE,,,,,,,,,
to resolve these effects,False,Solving_problems_improvements_mitigation,LLMgenerated,to resolve,resolve-family,STRONG-TRUE,,,,,,,,,
to resolve these issues,False,Solving_problems_improvements_mitigation,LLMgenerated,to resolve,resolve-family,STRONG-TRUE,,,,,,,,,
to resolve these limitations,False,Solving_problems_improvements_mitigation,LLMgenerated,to resolve,resolve-family,STRONG-TRUE,,,,,,,,,
to resolve these points,False,Solving_problems_improvements_mitigation,LLMgenerated,to resolve,resolve-family,STRONG-TRUE,,,,,,,,,
to resolve these possibilities,False,Solving_problems_improvements_mitigation,LLMgenerated,to resolve,resolve-family,STRONG-TRUE,,,,,,,,,
to resolve these potential limitations,False,Solving_problems_improvements_mitigation,LLMgenerated,to resolve,resolve-family,STRONG-TRUE,,,,,,,,,
to resolve these potential limitations and biases,False,Solving_problems_improvements_mitigation,LLMgenerated,to resolve,resolve-family,STRONG-TRUE,,,,,,,,,
to resolve these risks,False,Solving_problems_improvements_mitigation,LLMgenerated,to resolve,resolve-family,STRONG-TRUE,,,,,,,,,
to resolve these symptoms,False,Solving_problems_improvements_mitigation,LLMgenerated,to resolve,resolve-family,STRONG-TRUE,,,,,,,,,
to resolve these threats,False,Solving_problems_improvements_mitigation,LLMgenerated,to resolve,resolve-family,STRONG-TRUE,,,,,,,,,
to resolve this,False,Solving_problems_improvements_mitigation,LLMgenerated,to resolve,resolve-family,STRONG-TRUE,,,,,,,,,
to resolve this bias,False,Solving_problems_improvements_mitigation,LLMgenerated,to resolve,resolve-family,STRONG-TRUE,,,,,,,,,
to resolve this disease,False,Solving_problems_improvements_mitigation,LLMgenerated,to resolve,resolve-family,STRONG-TRUE,,,,,,,,,
to resolve this effect,False,Solving_problems_improvements_mitigation,LLMgenerated,to resolve,resolve-family,STRONG-TRUE,,,,,,,,,
to resolve this issue,False,Solving_problems_improvements_mitigation,LLMgenerated,to resolve,resolve-family,STRONG-TRUE,,,,,,,,,
to resolve this limitation,False,Solving_problems_improvements_mitigation,LLMgenerated,to resolve,resolve-family,STRONG-TRUE,,,,,,,,,
to resolve this point,False,Solving_problems_improvements_mitigation,LLMgenerated,to resolve,resolve-family,STRONG-TRUE,,,,,,,,,
to resolve this possibility,False,Solving_problems_improvements_mitigation,LLMgenerated,to resolve,resolve-family,STRONG-TRUE,,,,,,,,,
to resolve this problem,False,Solving_problems_improvements_mitigation,LLMgenerated,to resolve,resolve-family,STRONG-TRUE,,,,,,,,,
to resolve this risk,False,Solving_problems_improvements_mitigation,LLMgenerated,to resolve,resolve-family,STRONG-TRUE,,,,,,,,,
to resolve this symptom,False,Solving_problems_improvements_mitigation,LLMgenerated,to resolve,resolve-family,STRONG-TRUE,,,,,,,,,
to resolve this threat,False,Solving_problems_improvements_mitigation,LLMgenerated,to resolve,resolve-family,STRONG-TRUE,,,,,,,,,
to resolve those challenges,False,Solving_problems_improvements_mitigation,LLMgenerated,to resolve,resolve-family,STRONG-TRUE,,,,,,,,,
to resolve those issues,False,Solving_problems_improvements_mitigation,LLMgenerated,to resolve,resolve-family,STRONG-TRUE,,,,,,,,,
to resolve those limitations,False,Solving_problems_improvements_mitigation,LLMgenerated,to resolve,resolve-family,STRONG-TRUE,,,,,,,,,
to resolve those points,False,Solving_problems_improvements_mitigation,LLMgenerated,to resolve,resolve-family,STRONG-TRUE,,,,,,,,,
to resolve those problems,False,Solving_problems_improvements_mitigation,LLMgenerated,to resolve,resolve-family,STRONG-TRUE,,,,,,,,,
to resolve those symptoms,False,Solving_problems_improvements_mitigation,LLMgenerated,to resolve,resolve-family,STRONG-TRUE,,,,,,,,,
"as a reaction to these challenges, we design",False,Solving_problems_improvements_mitigation,LLMgenerated,as a reaction to,response-family,STRONG-TRUE,,,,,,,,,
"as a reaction to these challenges, we develop",False,Solving_problems_improvements_mitigation,LLMgenerated,as a reaction to,response-family,STRONG-TRUE,,,,,,,,,
"as a reaction to these challenges, we introduce",False,Solving_problems_improvements_mitigation,LLMgenerated,as a reaction to,response-family,STRONG-TRUE,,,,,,,,,
"as a reaction to these challenges, we present",False,Solving_problems_improvements_mitigation,LLMgenerated,as a reaction to,response-family,STRONG-TRUE,,,,,,,,,
"as a reaction to these challenges, we propose",False,Solving_problems_improvements_mitigation,LLMgenerated,as a reaction to,response-family,STRONG-TRUE,,,,,,,,,
"as a reaction to these issues, we design",False,Solving_problems_improvements_mitigation,LLMgenerated,as a reaction to,response-family,STRONG-TRUE,,,,,,,,,
"as a reaction to these issues, we develop",False,Solving_problems_improvements_mitigation,LLMgenerated,as a reaction to,response-family,STRONG-TRUE,,,,,,,,,
"as a reaction to these issues, we introduce",False,Solving_problems_improvements_mitigation,LLMgenerated,as a reaction to,response-family,STRONG-TRUE,,,,,,,,,
"as a reaction to these issues, we present",False,Solving_problems_improvements_mitigation,LLMgenerated,as a reaction to,response-family,STRONG-TRUE,,,,,,,,,
"as a reaction to these issues, we propose",False,Solving_problems_improvements_mitigation,LLMgenerated,as a reaction to,response-family,STRONG-TRUE,,,,,,,,,
"as a reaction to these limitations, we design",False,Solving_problems_improvements_mitigation,LLMgenerated,as a reaction to,response-family,STRONG-TRUE,,,,,,,,,
"as a reaction to these limitations, we develop",False,Solving_problems_improvements_mitigation,LLMgenerated,as a reaction to,response-family,STRONG-TRUE,,,,,,,,,
"as a reaction to these limitations, we introduce",False,Solving_problems_improvements_mitigation,LLMgenerated,as a reaction to,response-family,STRONG-TRUE,,,,,,,,,
"as a reaction to these limitations, we present",False,Solving_problems_improvements_mitigation,LLMgenerated,as a reaction to,response-family,STRONG-TRUE,,,,,,,,,
"as a reaction to these limitations, we propose",False,Solving_problems_improvements_mitigation,LLMgenerated,as a reaction to,response-family,STRONG-TRUE,,,,,,,,,
"as a reaction to this challenge, we design",False,Solving_problems_improvements_mitigation,LLMgenerated,as a reaction to,response-family,STRONG-TRUE,,,,,,,,,
"as a reaction to this challenge, we develop",False,Solving_problems_improvements_mitigation,LLMgenerated,as a reaction to,response-family,STRONG-TRUE,,,,,,,,,
"as a reaction to this challenge, we introduce",False,Solving_problems_improvements_mitigation,LLMgenerated,as a reaction to,response-family,STRONG-TRUE,,,,,,,,,
"as a reaction to this challenge, we present",False,Solving_problems_improvements_mitigation,LLMgenerated,as a reaction to,response-family,STRONG-TRUE,,,,,,,,,
"as a reaction to this challenge, we propose",False,Solving_problems_improvements_mitigation,LLMgenerated,as a reaction to,response-family,STRONG-TRUE,,,,,,,,,
"as a reaction to this issue, we design",False,Solving_problems_improvements_mitigation,LLMgenerated,as a reaction to,response-family,STRONG-TRUE,,,,,,,,,
"as a reaction to this issue, we develop",False,Solving_problems_improvements_mitigation,LLMgenerated,as a reaction to,response-family,STRONG-TRUE,,,,,,,,,
"as a reaction to this issue, we introduce",False,Solving_problems_improvements_mitigation,LLMgenerated,as a reaction to,response-family,STRONG-TRUE,,,,,,,,,
"as a reaction to this issue, we present",False,Solving_problems_improvements_mitigation,LLMgenerated,as a reaction to,response-family,STRONG-TRUE,,,,,,,,,
"as a reaction to this issue, we propose",False,Solving_problems_improvements_mitigation,LLMgenerated,as a reaction to,response-family,STRONG-TRUE,,,,,,,,,
"as a reaction to this limitation, we design",False,Solving_problems_improvements_mitigation,LLMgenerated,as a reaction to,response-family,STRONG-TRUE,,,,,,,,,
"as a reaction to this limitation, we develop",False,Solving_problems_improvements_mitigation,LLMgenerated,as a reaction to,response-family,STRONG-TRUE,,,,,,,,,
"as a reaction to this limitation, we introduce",False,Solving_problems_improvements_mitigation,LLMgenerated,as a reaction to,response-family,STRONG-TRUE,,,,,,,,,
"as a reaction to this limitation, we present",False,Solving_problems_improvements_mitigation,LLMgenerated,as a reaction to,response-family,STRONG-TRUE,,,,,,,,,
"as a reaction to this limitation, we propose",False,Solving_problems_improvements_mitigation,LLMgenerated,as a reaction to,response-family,STRONG-TRUE,,,,,,,,,
"as a reaction to this problem, we design",False,Solving_problems_improvements_mitigation,LLMgenerated,as a reaction to,response-family,STRONG-TRUE,,,,,,,,,
"as a reaction to this problem, we develop",False,Solving_problems_improvements_mitigation,LLMgenerated,as a reaction to,response-family,STRONG-TRUE,,,,,,,,,
"as a reaction to this problem, we introduce",False,Solving_problems_improvements_mitigation,LLMgenerated,as a reaction to,response-family,STRONG-TRUE,,,,,,,,,
"as a reaction to this problem, we present",False,Solving_problems_improvements_mitigation,LLMgenerated,as a reaction to,response-family,STRONG-TRUE,,,,,,,,,
"as a reaction to this problem, we propose",False,Solving_problems_improvements_mitigation,LLMgenerated,as a reaction to,response-family,STRONG-TRUE,,,,,,,,,
"as a reaction to this, we design",False,Solving_problems_improvements_mitigation,LLMgenerated,as a reaction to,response-family,STRONG-TRUE,,,,,,,,,
"as a reaction to this, we develop",False,Solving_problems_improvements_mitigation,LLMgenerated,as a reaction to,response-family,STRONG-TRUE,,,,,,,,,
"as a reaction to this, we introduce",False,Solving_problems_improvements_mitigation,LLMgenerated,as a reaction to,response-family,STRONG-TRUE,,,,,,,,,
"as a reaction to this, we present",False,Solving_problems_improvements_mitigation,LLMgenerated,as a reaction to,response-family,STRONG-TRUE,,,,,,,,,
"as a reaction to this, we propose",False,Solving_problems_improvements_mitigation,LLMgenerated,as a reaction to,response-family,STRONG-TRUE,,,,,,,,,
"confronted with these challenges, we design",False,Solving_problems_improvements_mitigation,LLMgenerated,confronted with,response-family,STRONG-TRUE,,,,,,,,,
"confronted with these challenges, we develop",False,Solving_problems_improvements_mitigation,LLMgenerated,confronted with,response-family,STRONG-TRUE,,,,,,,,,
"confronted with these challenges, we introduce",False,Solving_problems_improvements_mitigation,LLMgenerated,confronted with,response-family,STRONG-TRUE,,,,,,,,,
"confronted with these challenges, we present",False,Solving_problems_improvements_mitigation,LLMgenerated,confronted with,response-family,STRONG-TRUE,,,,,,,,,
"confronted with these challenges, we propose",False,Solving_problems_improvements_mitigation,LLMgenerated,confronted with,response-family,STRONG-TRUE,,,,,,,,,
"confronted with these issues, we design",False,Solving_problems_improvements_mitigation,LLMgenerated,confronted with,response-family,STRONG-TRUE,,,,,,,,,
"confronted with these issues, we develop",False,Solving_problems_improvements_mitigation,LLMgenerated,confronted with,response-family,STRONG-TRUE,,,,,,,,,
"confronted with these issues, we introduce",False,Solving_problems_improvements_mitigation,LLMgenerated,confronted with,response-family,STRONG-TRUE,,,,,,,,,
"confronted with these issues, we present",False,Solving_problems_improvements_mitigation,LLMgenerated,confronted with,response-family,STRONG-TRUE,,,,,,,,,
"confronted with these issues, we propose",False,Solving_problems_improvements_mitigation,LLMgenerated,confronted with,response-family,STRONG-TRUE,,,,,,,,,
"confronted with these limitations, we design",False,Solving_problems_improvements_mitigation,LLMgenerated,confronted with,response-family,STRONG-TRUE,,,,,,,,,
"confronted with these limitations, we develop",False,Solving_problems_improvements_mitigation,LLMgenerated,confronted with,response-family,STRONG-TRUE,,,,,,,,,
"confronted with these limitations, we introduce",False,Solving_problems_improvements_mitigation,LLMgenerated,confronted with,response-family,STRONG-TRUE,,,,,,,,,
"confronted with these limitations, we present",False,Solving_problems_improvements_mitigation,LLMgenerated,confronted with,response-family,STRONG-TRUE,,,,,,,,,
"confronted with these limitations, we propose",False,Solving_problems_improvements_mitigation,LLMgenerated,confronted with,response-family,STRONG-TRUE,,,,,,,,,
"confronted with this challenge, we design",False,Solving_problems_improvements_mitigation,LLMgenerated,confronted with,response-family,STRONG-TRUE,,,,,,,,,
"confronted with this challenge, we develop",False,Solving_problems_improvements_mitigation,LLMgenerated,confronted with,response-family,STRONG-TRUE,,,,,,,,,
"confronted with this challenge, we introduce",False,Solving_problems_improvements_mitigation,LLMgenerated,confronted with,response-family,STRONG-TRUE,,,,,,,,,
"confronted with this challenge, we present",False,Solving_problems_improvements_mitigation,LLMgenerated,confronted with,response-family,STRONG-TRUE,,,,,,,,,
"confronted with this challenge, we propose",False,Solving_problems_improvements_mitigation,LLMgenerated,confronted with,response-family,STRONG-TRUE,,,,,,,,,
"confronted with this issue, we design",False,Solving_problems_improvements_mitigation,LLMgenerated,confronted with,response-family,STRONG-TRUE,,,,,,,,,
"confronted with this issue, we develop",False,Solving_problems_improvements_mitigation,LLMgenerated,confronted with,response-family,STRONG-TRUE,,,,,,,,,
"confronted with this issue, we introduce",False,Solving_problems_improvements_mitigation,LLMgenerated,confronted with,response-family,STRONG-TRUE,,,,,,,,,
"confronted with this issue, we present",False,Solving_problems_improvements_mitigation,LLMgenerated,confronted with,response-family,STRONG-TRUE,,,,,,,,,
"confronted with this issue, we propose",False,Solving_problems_improvements_mitigation,LLMgenerated,confronted with,response-family,STRONG-TRUE,,,,,,,,,
"confronted with this limitation, we design",False,Solving_problems_improvements_mitigation,LLMgenerated,confronted with,response-family,STRONG-TRUE,,,,,,,,,
"confronted with this limitation, we develop",False,Solving_problems_improvements_mitigation,LLMgenerated,confronted with,response-family,STRONG-TRUE,,,,,,,,,
"confronted with this limitation, we introduce",False,Solving_problems_improvements_mitigation,LLMgenerated,confronted with,response-family,STRONG-TRUE,,,,,,,,,
"confronted with this limitation, we present",False,Solving_problems_improvements_mitigation,LLMgenerated,confronted with,response-family,STRONG-TRUE,,,,,,,,,
"confronted with this limitation, we propose",False,Solving_problems_improvements_mitigation,LLMgenerated,confronted with,response-family,STRONG-TRUE,,,,,,,,,
"confronted with this problem, we design",False,Solving_problems_improvements_mitigation,LLMgenerated,confronted with,response-family,STRONG-TRUE,,,,,,,,,
"confronted with this problem, we develop",False,Solving_problems_improvements_mitigation,LLMgenerated,confronted with,response-family,STRONG-TRUE,,,,,,,,,
"confronted with this problem, we introduce",False,Solving_problems_improvements_mitigation,LLMgenerated,confronted with,response-family,STRONG-TRUE,,,,,,,,,
"confronted with this problem, we present",False,Solving_problems_improvements_mitigation,LLMgenerated,confronted with,response-family,STRONG-TRUE,,,,,,,,,
"confronted with this problem, we propose",False,Solving_problems_improvements_mitigation,LLMgenerated,confronted with,response-family,STRONG-TRUE,,,,,,,,,
"confronted with this, we design",False,Solving_problems_improvements_mitigation,LLMgenerated,confronted with,response-family,STRONG-TRUE,,,,,,,,,
"confronted with this, we develop",False,Solving_problems_improvements_mitigation,LLMgenerated,confronted with,response-family,STRONG-TRUE,,,,,,,,,
"confronted with this, we introduce",False,Solving_problems_improvements_mitigation,LLMgenerated,confronted with,response-family,STRONG-TRUE,,,,,,,,,
"confronted with this, we present",False,Solving_problems_improvements_mitigation,LLMgenerated,confronted with,response-family,STRONG-TRUE,,,,,,,,,
"confronted with this, we propose",False,Solving_problems_improvements_mitigation,LLMgenerated,confronted with,response-family,STRONG-TRUE,,,,,,,,,
"faced with these challenges, we design",False,Solving_problems_improvements_mitigation,LLMgenerated,faced with,response-family,STRONG-TRUE,,,,,,,,,
"faced with these challenges, we develop",False,Solving_problems_improvements_mitigation,LLMgenerated,faced with,response-family,STRONG-TRUE,,,,,,,,,
"faced with these challenges, we introduce",False,Solving_problems_improvements_mitigation,LLMgenerated,faced with,response-family,STRONG-TRUE,,,,,,,,,
"faced with these challenges, we present",False,Solving_problems_improvements_mitigation,LLMgenerated,faced with,response-family,STRONG-TRUE,,,,,,,,,
"faced with these challenges, we propose",False,Solving_problems_improvements_mitigation,LLMgenerated,faced with,response-family,STRONG-TRUE,,,,,,,,,
"faced with these issues, we design",False,Solving_problems_improvements_mitigation,LLMgenerated,faced with,response-family,STRONG-TRUE,,,,,,,,,
"faced with these issues, we develop",False,Solving_problems_improvements_mitigation,LLMgenerated,faced with,response-family,STRONG-TRUE,,,,,,,,,
"faced with these issues, we introduce",False,Solving_problems_improvements_mitigation,LLMgenerated,faced with,response-family,STRONG-TRUE,,,,,,,,,
"faced with these issues, we present",False,Solving_problems_improvements_mitigation,LLMgenerated,faced with,response-family,STRONG-TRUE,,,,,,,,,
"faced with these issues, we propose",False,Solving_problems_improvements_mitigation,LLMgenerated,faced with,response-family,STRONG-TRUE,,,,,,,,,
"faced with these limitations, we design",False,Solving_problems_improvements_mitigation,LLMgenerated,faced with,response-family,STRONG-TRUE,,,,,,,,,
"faced with these limitations, we develop",False,Solving_problems_improvements_mitigation,LLMgenerated,faced with,response-family,STRONG-TRUE,,,,,,,,,
"faced with these limitations, we introduce",False,Solving_problems_improvements_mitigation,LLMgenerated,faced with,response-family,STRONG-TRUE,,,,,,,,,
"faced with these limitations, we present",False,Solving_problems_improvements_mitigation,LLMgenerated,faced with,response-family,STRONG-TRUE,,,,,,,,,
"faced with these limitations, we propose",False,Solving_problems_improvements_mitigation,LLMgenerated,faced with,response-family,STRONG-TRUE,,,,,,,,,
"faced with this challenge, we design",False,Solving_problems_improvements_mitigation,LLMgenerated,faced with,response-family,STRONG-TRUE,,,,,,,,,
"faced with this challenge, we develop",False,Solving_problems_improvements_mitigation,LLMgenerated,faced with,response-family,STRONG-TRUE,,,,,,,,,
"faced with this challenge, we introduce",False,Solving_problems_improvements_mitigation,LLMgenerated,faced with,response-family,STRONG-TRUE,,,,,,,,,
"faced with this challenge, we present",False,Solving_problems_improvements_mitigation,LLMgenerated,faced with,response-family,STRONG-TRUE,,,,,,,,,
"faced with this challenge, we propose",False,Solving_problems_improvements_mitigation,LLMgenerated,faced with,response-family,STRONG-TRUE,,,,,,,,,
"faced with this issue, we design",False,Solving_problems_improvements_mitigation,LLMgenerated,faced with,response-family,STRONG-TRUE,,,,,,,,,
"faced with this issue, we develop",False,Solving_problems_improvements_mitigation,LLMgenerated,faced with,response-family,STRONG-TRUE,,,,,,,,,
"faced with this issue, we introduce",False,Solving_problems_improvements_mitigation,LLMgenerated,faced with,response-family,STRONG-TRUE,,,,,,,,,
"faced with this issue, we present",False,Solving_problems_improvements_mitigation,LLMgenerated,faced with,response-family,STRONG-TRUE,,,,,,,,,
"faced with this issue, we propose",False,Solving_problems_improvements_mitigation,LLMgenerated,faced with,response-family,STRONG-TRUE,,,,,,,,,
"faced with this limitation, we design",False,Solving_problems_improvements_mitigation,LLMgenerated,faced with,response-family,STRONG-TRUE,,,,,,,,,
"faced with this limitation, we develop",False,Solving_problems_improvements_mitigation,LLMgenerated,faced with,response-family,STRONG-TRUE,,,,,,,,,
"faced with this limitation, we introduce",False,Solving_problems_improvements_mitigation,LLMgenerated,faced with,response-family,STRONG-TRUE,,,,,,,,,
"faced with this limitation, we present",False,Solving_problems_improvements_mitigation,LLMgenerated,faced with,response-family,STRONG-TRUE,,,,,,,,,
"faced with this limitation, we propose",False,Solving_problems_improvements_mitigation,LLMgenerated,faced with,response-family,STRONG-TRUE,,,,,,,,,
"faced with this problem, we design",False,Solving_problems_improvements_mitigation,LLMgenerated,faced with,response-family,STRONG-TRUE,,,,,,,,,
"faced with this problem, we develop",False,Solving_problems_improvements_mitigation,LLMgenerated,faced with,response-family,STRONG-TRUE,,,,,,,,,
"faced with this problem, we introduce",False,Solving_problems_improvements_mitigation,LLMgenerated,faced with,response-family,STRONG-TRUE,,,,,,,,,
"faced with this problem, we present",False,Solving_problems_improvements_mitigation,LLMgenerated,faced with,response-family,STRONG-TRUE,,,,,,,,,
"faced with this problem, we propose",False,Solving_problems_improvements_mitigation,LLMgenerated,faced with,response-family,STRONG-TRUE,,,,,,,,,
"faced with this, we design",False,Solving_problems_improvements_mitigation,LLMgenerated,faced with,response-family,STRONG-TRUE,,,,,,,,,
"faced with this, we develop",False,Solving_problems_improvements_mitigation,LLMgenerated,faced with,response-family,STRONG-TRUE,,,,,,,,,
"faced with this, we introduce",False,Solving_problems_improvements_mitigation,LLMgenerated,faced with,response-family,STRONG-TRUE,,,,,,,,,
"faced with this, we present",False,Solving_problems_improvements_mitigation,LLMgenerated,faced with,response-family,STRONG-TRUE,,,,,,,,,
"faced with this, we propose",False,Solving_problems_improvements_mitigation,LLMgenerated,faced with,response-family,STRONG-TRUE,,,,,,,,,
"given these challenges, we design",False,Solving_problems_improvements_mitigation,LLMgenerated,given,response-family,STRONG-TRUE,,,,,,,,,
"given these challenges, we develop",False,Solving_problems_improvements_mitigation,LLMgenerated,given,response-family,STRONG-TRUE,,,,,,,,,
"given these challenges, we introduce",False,Solving_problems_improvements_mitigation,LLMgenerated,given,response-family,STRONG-TRUE,,,,,,,,,
"given these challenges, we present",False,Solving_problems_improvements_mitigation,LLMgenerated,given,response-family,STRONG-TRUE,,,,,,,,,
"given these challenges, we propose",False,Solving_problems_improvements_mitigation,LLMgenerated,given,response-family,STRONG-TRUE,,,,,,,,,
"given these issues, we design",False,Solving_problems_improvements_mitigation,LLMgenerated,given,response-family,STRONG-TRUE,,,,,,,,,
"given these issues, we develop",False,Solving_problems_improvements_mitigation,LLMgenerated,given,response-family,STRONG-TRUE,,,,,,,,,
"given these issues, we introduce",False,Solving_problems_improvements_mitigation,LLMgenerated,given,response-family,STRONG-TRUE,,,,,,,,,
"given these issues, we present",False,Solving_problems_improvements_mitigation,LLMgenerated,given,response-family,STRONG-TRUE,,,,,,,,,
"given these issues, we propose",False,Solving_problems_improvements_mitigation,LLMgenerated,given,response-family,STRONG-TRUE,,,,,,,,,
"given these limitations, we design",False,Solving_problems_improvements_mitigation,LLMgenerated,given,response-family,STRONG-TRUE,,,,,,,,,
"given these limitations, we develop",False,Solving_problems_improvements_mitigation,LLMgenerated,given,response-family,STRONG-TRUE,,,,,,,,,
"given these limitations, we introduce",False,Solving_problems_improvements_mitigation,LLMgenerated,given,response-family,STRONG-TRUE,,,,,,,,,
"given these limitations, we present",False,Solving_problems_improvements_mitigation,LLMgenerated,given,response-family,STRONG-TRUE,,,,,,,,,
"given these limitations, we propose",False,Solving_problems_improvements_mitigation,LLMgenerated,given,response-family,STRONG-TRUE,,,,,,,,,
"given this challenge, we design",False,Solving_problems_improvements_mitigation,LLMgenerated,given,response-family,STRONG-TRUE,,,,,,,,,
"given this challenge, we develop",False,Solving_problems_improvements_mitigation,LLMgenerated,given,response-family,STRONG-TRUE,,,,,,,,,
"given this challenge, we introduce",False,Solving_problems_improvements_mitigation,LLMgenerated,given,response-family,STRONG-TRUE,,,,,,,,,
"given this challenge, we present",False,Solving_problems_improvements_mitigation,LLMgenerated,given,response-family,STRONG-TRUE,,,,,,,,,
"given this challenge, we propose",False,Solving_problems_improvements_mitigation,LLMgenerated,given,response-family,STRONG-TRUE,,,,,,,,,
"given this issue, we design",False,Solving_problems_improvements_mitigation,LLMgenerated,given,response-family,STRONG-TRUE,,,,,,,,,
"given this issue, we develop",False,Solving_problems_improvements_mitigation,LLMgenerated,given,response-family,STRONG-TRUE,,,,,,,,,
"given this issue, we introduce",False,Solving_problems_improvements_mitigation,LLMgenerated,given,response-family,STRONG-TRUE,,,,,,,,,
"given this issue, we present",False,Solving_problems_improvements_mitigation,LLMgenerated,given,response-family,STRONG-TRUE,,,,,,,,,
"given this issue, we propose",False,Solving_problems_improvements_mitigation,LLMgenerated,given,response-family,STRONG-TRUE,,,,,,,,,
"given this limitation, we design",False,Solving_problems_improvements_mitigation,LLMgenerated,given,response-family,STRONG-TRUE,,,,,,,,,
"given this limitation, we develop",False,Solving_problems_improvements_mitigation,LLMgenerated,given,response-family,STRONG-TRUE,,,,,,,,,
"given this limitation, we introduce",False,Solving_problems_improvements_mitigation,LLMgenerated,given,response-family,STRONG-TRUE,,,,,,,,,
"given this limitation, we present",False,Solving_problems_improvements_mitigation,LLMgenerated,given,response-family,STRONG-TRUE,,,,,,,,,
"given this limitation, we propose",False,Solving_problems_improvements_mitigation,LLMgenerated,given,response-family,STRONG-TRUE,,,,,,,,,
"given this problem, we design",False,Solving_problems_improvements_mitigation,LLMgenerated,given,response-family,STRONG-TRUE,,,,,,,,,
"given this problem, we develop",False,Solving_problems_improvements_mitigation,LLMgenerated,given,response-family,STRONG-TRUE,,,,,,,,,
"given this problem, we introduce",False,Solving_problems_improvements_mitigation,LLMgenerated,given,response-family,STRONG-TRUE,,,,,,,,,
"given this problem, we present",False,Solving_problems_improvements_mitigation,LLMgenerated,given,response-family,STRONG-TRUE,,,,,,,,,
"given this problem, we propose",False,Solving_problems_improvements_mitigation,LLMgenerated,given,response-family,STRONG-TRUE,,,,,,,,,
"in light of these challenges, we design",False,Solving_problems_improvements_mitigation,LLMgenerated,in light of,response-family,STRONG-TRUE,,,,,,,,,
"in light of these challenges, we develop",False,Solving_problems_improvements_mitigation,LLMgenerated,in light of,response-family,STRONG-TRUE,,,,,,,,,
"in light of these challenges, we introduce",False,Solving_problems_improvements_mitigation,LLMgenerated,in light of,response-family,STRONG-TRUE,,,,,,,,,
"in light of these challenges, we present",False,Solving_problems_improvements_mitigation,LLMgenerated,in light of,response-family,STRONG-TRUE,,,,,,,,,
"in light of these challenges, we propose",False,Solving_problems_improvements_mitigation,LLMgenerated,in light of,response-family,STRONG-TRUE,,,,,,,,,
"in light of these issues, we design",False,Solving_problems_improvements_mitigation,LLMgenerated,in light of,response-family,STRONG-TRUE,,,,,,,,,
"in light of these issues, we develop",False,Solving_problems_improvements_mitigation,LLMgenerated,in light of,response-family,STRONG-TRUE,,,,,,,,,
"in light of these issues, we introduce",False,Solving_problems_improvements_mitigation,LLMgenerated,in light of,response-family,STRONG-TRUE,,,,,,,,,
"in light of these issues, we present",False,Solving_problems_improvements_mitigation,LLMgenerated,in light of,response-family,STRONG-TRUE,,,,,,,,,
"in light of these issues, we propose",False,Solving_problems_improvements_mitigation,LLMgenerated,in light of,response-family,STRONG-TRUE,,,,,,,,,
"in light of these limitations, we design",False,Solving_problems_improvements_mitigation,LLMgenerated,in light of,response-family,STRONG-TRUE,,,,,,,,,
"in light of these limitations, we develop",False,Solving_problems_improvements_mitigation,LLMgenerated,in light of,response-family,STRONG-TRUE,,,,,,,,,
"in light of these limitations, we introduce",False,Solving_problems_improvements_mitigation,LLMgenerated,in light of,response-family,STRONG-TRUE,,,,,,,,,
"in light of these limitations, we present",False,Solving_problems_improvements_mitigation,LLMgenerated,in light of,response-family,STRONG-TRUE,,,,,,,,,
"in light of these limitations, we propose",False,Solving_problems_improvements_mitigation,LLMgenerated,in light of,response-family,STRONG-TRUE,,,,,,,,,
"in light of this challenge, we design",False,Solving_problems_improvements_mitigation,LLMgenerated,in light of,response-family,STRONG-TRUE,,,,,,,,,
"in light of this challenge, we develop",False,Solving_problems_improvements_mitigation,LLMgenerated,in light of,response-family,STRONG-TRUE,,,,,,,,,
"in light of this challenge, we introduce",False,Solving_problems_improvements_mitigation,LLMgenerated,in light of,response-family,STRONG-TRUE,,,,,,,,,
"in light of this challenge, we present",False,Solving_problems_improvements_mitigation,LLMgenerated,in light of,response-family,STRONG-TRUE,,,,,,,,,
"in light of this challenge, we propose",False,Solving_problems_improvements_mitigation,LLMgenerated,in light of,response-family,STRONG-TRUE,,,,,,,,,
"in light of this issue, we design",False,Solving_problems_improvements_mitigation,LLMgenerated,in light of,response-family,STRONG-TRUE,,,,,,,,,
"in light of this issue, we develop",False,Solving_problems_improvements_mitigation,LLMgenerated,in light of,response-family,STRONG-TRUE,,,,,,,,,
"in light of this issue, we introduce",False,Solving_problems_improvements_mitigation,LLMgenerated,in light of,response-family,STRONG-TRUE,,,,,,,,,
"in light of this issue, we present",False,Solving_problems_improvements_mitigation,LLMgenerated,in light of,response-family,STRONG-TRUE,,,,,,,,,
"in light of this issue, we propose",False,Solving_problems_improvements_mitigation,LLMgenerated,in light of,response-family,STRONG-TRUE,,,,,,,,,
"in light of this limitation, we design",False,Solving_problems_improvements_mitigation,LLMgenerated,in light of,response-family,STRONG-TRUE,,,,,,,,,
"in light of this limitation, we develop",False,Solving_problems_improvements_mitigation,LLMgenerated,in light of,response-family,STRONG-TRUE,,,,,,,,,
"in light of this limitation, we introduce",False,Solving_problems_improvements_mitigation,LLMgenerated,in light of,response-family,STRONG-TRUE,,,,,,,,,
"in light of this limitation, we present",False,Solving_problems_improvements_mitigation,LLMgenerated,in light of,response-family,STRONG-TRUE,,,,,,,,,
"in light of this limitation, we propose",False,Solving_problems_improvements_mitigation,LLMgenerated,in light of,response-family,STRONG-TRUE,,,,,,,,,
"in light of this problem, we design",False,Solving_problems_improvements_mitigation,LLMgenerated,in light of,response-family,STRONG-TRUE,,,,,,,,,
"in light of this problem, we develop",False,Solving_problems_improvements_mitigation,LLMgenerated,in light of,response-family,STRONG-TRUE,,,,,,,,,
"in light of this problem, we introduce",False,Solving_problems_improvements_mitigation,LLMgenerated,in light of,response-family,STRONG-TRUE,,,,,,,,,
"in light of this problem, we present",False,Solving_problems_improvements_mitigation,LLMgenerated,in light of,response-family,STRONG-TRUE,,,,,,,,,
"in light of this problem, we propose",False,Solving_problems_improvements_mitigation,LLMgenerated,in light of,response-family,STRONG-TRUE,,,,,,,,,
"in reaction to these challenges, we design",False,Solving_problems_improvements_mitigation,LLMgenerated,in reaction to,response-family,STRONG-TRUE,,,,,,,,,
"in reaction to these challenges, we develop",False,Solving_problems_improvements_mitigation,LLMgenerated,in reaction to,response-family,STRONG-TRUE,,,,,,,,,
"in reaction to these challenges, we introduce",False,Solving_problems_improvements_mitigation,LLMgenerated,in reaction to,response-family,STRONG-TRUE,,,,,,,,,
"in reaction to these challenges, we present",False,Solving_problems_improvements_mitigation,LLMgenerated,in reaction to,response-family,STRONG-TRUE,,,,,,,,,
"in reaction to these challenges, we propose",False,Solving_problems_improvements_mitigation,LLMgenerated,in reaction to,response-family,STRONG-TRUE,,,,,,,,,
"in reaction to these issues, we design",False,Solving_problems_improvements_mitigation,LLMgenerated,in reaction to,response-family,STRONG-TRUE,,,,,,,,,
"in reaction to these issues, we develop",False,Solving_problems_improvements_mitigation,LLMgenerated,in reaction to,response-family,STRONG-TRUE,,,,,,,,,
"in reaction to these issues, we introduce",False,Solving_problems_improvements_mitigation,LLMgenerated,in reaction to,response-family,STRONG-TRUE,,,,,,,,,
"in reaction to these issues, we present",False,Solving_problems_improvements_mitigation,LLMgenerated,in reaction to,response-family,STRONG-TRUE,,,,,,,,,
"in reaction to these issues, we propose",False,Solving_problems_improvements_mitigation,LLMgenerated,in reaction to,response-family,STRONG-TRUE,,,,,,,,,
"in reaction to these limitations, we design",False,Solving_problems_improvements_mitigation,LLMgenerated,in reaction to,response-family,STRONG-TRUE,,,,,,,,,
"in reaction to these limitations, we develop",False,Solving_problems_improvements_mitigation,LLMgenerated,in reaction to,response-family,STRONG-TRUE,,,,,,,,,
"in reaction to these limitations, we introduce",False,Solving_problems_improvements_mitigation,LLMgenerated,in reaction to,response-family,STRONG-TRUE,,,,,,,,,
"in reaction to these limitations, we present",False,Solving_problems_improvements_mitigation,LLMgenerated,in reaction to,response-family,STRONG-TRUE,,,,,,,,,
"in reaction to these limitations, we propose",False,Solving_problems_improvements_mitigation,LLMgenerated,in reaction to,response-family,STRONG-TRUE,,,,,,,,,
"in reaction to this challenge, we design",False,Solving_problems_improvements_mitigation,LLMgenerated,in reaction to,response-family,STRONG-TRUE,,,,,,,,,
"in reaction to this challenge, we develop",False,Solving_problems_improvements_mitigation,LLMgenerated,in reaction to,response-family,STRONG-TRUE,,,,,,,,,
"in reaction to this challenge, we introduce",False,Solving_problems_improvements_mitigation,LLMgenerated,in reaction to,response-family,STRONG-TRUE,,,,,,,,,
"in reaction to this challenge, we present",False,Solving_problems_improvements_mitigation,LLMgenerated,in reaction to,response-family,STRONG-TRUE,,,,,,,,,
"in reaction to this challenge, we propose",False,Solving_problems_improvements_mitigation,LLMgenerated,in reaction to,response-family,STRONG-TRUE,,,,,,,,,
"in reaction to this issue, we design",False,Solving_problems_improvements_mitigation,LLMgenerated,in reaction to,response-family,STRONG-TRUE,,,,,,,,,
"in reaction to this issue, we develop",False,Solving_problems_improvements_mitigation,LLMgenerated,in reaction to,response-family,STRONG-TRUE,,,,,,,,,
"in reaction to this issue, we introduce",False,Solving_problems_improvements_mitigation,LLMgenerated,in reaction to,response-family,STRONG-TRUE,,,,,,,,,
"in reaction to this issue, we present",False,Solving_problems_improvements_mitigation,LLMgenerated,in reaction to,response-family,STRONG-TRUE,,,,,,,,,
"in reaction to this issue, we propose",False,Solving_problems_improvements_mitigation,LLMgenerated,in reaction to,response-family,STRONG-TRUE,,,,,,,,,
"in reaction to this limitation, we design",False,Solving_problems_improvements_mitigation,LLMgenerated,in reaction to,response-family,STRONG-TRUE,,,,,,,,,
"in reaction to this limitation, we develop",False,Solving_problems_improvements_mitigation,LLMgenerated,in reaction to,response-family,STRONG-TRUE,,,,,,,,,
"in reaction to this limitation, we introduce",False,Solving_problems_improvements_mitigation,LLMgenerated,in reaction to,response-family,STRONG-TRUE,,,,,,,,,
"in reaction to this limitation, we present",False,Solving_problems_improvements_mitigation,LLMgenerated,in reaction to,response-family,STRONG-TRUE,,,,,,,,,
"in reaction to this limitation, we propose",False,Solving_problems_improvements_mitigation,LLMgenerated,in reaction to,response-family,STRONG-TRUE,,,,,,,,,
"in reaction to this problem, we design",False,Solving_problems_improvements_mitigation,LLMgenerated,in reaction to,response-family,STRONG-TRUE,,,,,,,,,
"in reaction to this problem, we develop",False,Solving_problems_improvements_mitigation,LLMgenerated,in reaction to,response-family,STRONG-TRUE,,,,,,,,,
"in reaction to this problem, we introduce",False,Solving_problems_improvements_mitigation,LLMgenerated,in reaction to,response-family,STRONG-TRUE,,,,,,,,,
"in reaction to this problem, we present",False,Solving_problems_improvements_mitigation,LLMgenerated,in reaction to,response-family,STRONG-TRUE,,,,,,,,,
"in reaction to this problem, we propose",False,Solving_problems_improvements_mitigation,LLMgenerated,in reaction to,response-family,STRONG-TRUE,,,,,,,,,
"in reaction to this, we design",False,Solving_problems_improvements_mitigation,LLMgenerated,in reaction to,response-family,STRONG-TRUE,,,,,,,,,
"in reaction to this, we develop",False,Solving_problems_improvements_mitigation,LLMgenerated,in reaction to,response-family,STRONG-TRUE,,,,,,,,,
"in reaction to this, we introduce",False,Solving_problems_improvements_mitigation,LLMgenerated,in reaction to,response-family,STRONG-TRUE,,,,,,,,,
"in reaction to this, we present",False,Solving_problems_improvements_mitigation,LLMgenerated,in reaction to,response-family,STRONG-TRUE,,,,,,,,,
"in reaction to this, we propose",False,Solving_problems_improvements_mitigation,LLMgenerated,in reaction to,response-family,STRONG-TRUE,,,,,,,,,
"in response to these challenges, we design",False,Solving_problems_improvements_mitigation,LLMgenerated,in response to,response-family,STRONG-TRUE,,,,,,,,,
"in response to these challenges, we develop",False,Solving_problems_improvements_mitigation,LLMgenerated,in response to,response-family,STRONG-TRUE,,,,,,,,,
"in response to these challenges, we introduce",False,Solving_problems_improvements_mitigation,LLMgenerated,in response to,response-family,STRONG-TRUE,,,,,,,,,
"in response to these challenges, we present",False,Solving_problems_improvements_mitigation,LLMgenerated,in response to,response-family,STRONG-TRUE,,,,,,,,,
"in response to these challenges, we propose",False,Solving_problems_improvements_mitigation,LLMgenerated,in response to,response-family,STRONG-TRUE,,,,,,,,,
"in response to these issues, we design",False,Solving_problems_improvements_mitigation,LLMgenerated,in response to,response-family,STRONG-TRUE,,,,,,,,,
"in response to these issues, we develop",False,Solving_problems_improvements_mitigation,LLMgenerated,in response to,response-family,STRONG-TRUE,,,,,,,,,
"in response to these issues, we introduce",False,Solving_problems_improvements_mitigation,LLMgenerated,in response to,response-family,STRONG-TRUE,,,,,,,,,
"in response to these issues, we present",False,Solving_problems_improvements_mitigation,LLMgenerated,in response to,response-family,STRONG-TRUE,,,,,,,,,
"in response to these issues, we propose",False,Solving_problems_improvements_mitigation,LLMgenerated,in response to,response-family,STRONG-TRUE,,,,,,,,,
"in response to these limitations, we design",False,Solving_problems_improvements_mitigation,LLMgenerated,in response to,response-family,STRONG-TRUE,,,,,,,,,
"in response to these limitations, we develop",False,Solving_problems_improvements_mitigation,LLMgenerated,in response to,response-family,STRONG-TRUE,,,,,,,,,
"in response to these limitations, we introduce",False,Solving_problems_improvements_mitigation,LLMgenerated,in response to,response-family,STRONG-TRUE,,,,,,,,,
"in response to these limitations, we present",False,Solving_problems_improvements_mitigation,LLMgenerated,in response to,response-family,STRONG-TRUE,,,,,,,,,
"in response to these limitations, we propose",False,Solving_problems_improvements_mitigation,LLMgenerated,in response to,response-family,STRONG-TRUE,,,,,,,,,
"in response to this challenge, we design",False,Solving_problems_improvements_mitigation,LLMgenerated,in response to,response-family,STRONG-TRUE,,,,,,,,,
"in response to this challenge, we develop",False,Solving_problems_improvements_mitigation,LLMgenerated,in response to,response-family,STRONG-TRUE,,,,,,,,,
"in response to this challenge, we introduce",False,Solving_problems_improvements_mitigation,LLMgenerated,in response to,response-family,STRONG-TRUE,,,,,,,,,
"in response to this challenge, we present",False,Solving_problems_improvements_mitigation,LLMgenerated,in response to,response-family,STRONG-TRUE,,,,,,,,,
"in response to this challenge, we propose",False,Solving_problems_improvements_mitigation,LLMgenerated,in response to,response-family,STRONG-TRUE,,,,,,,,,
"in response to this issue, we design",False,Solving_problems_improvements_mitigation,LLMgenerated,in response to,response-family,STRONG-TRUE,,,,,,,,,
"in response to this issue, we develop",False,Solving_problems_improvements_mitigation,LLMgenerated,in response to,response-family,STRONG-TRUE,,,,,,,,,
"in response to this issue, we introduce",False,Solving_problems_improvements_mitigation,LLMgenerated,in response to,response-family,STRONG-TRUE,,,,,,,,,
"in response to this issue, we present",False,Solving_problems_improvements_mitigation,LLMgenerated,in response to,response-family,STRONG-TRUE,,,,,,,,,
"in response to this issue, we propose",False,Solving_problems_improvements_mitigation,LLMgenerated,in response to,response-family,STRONG-TRUE,,,,,,,,,
"in response to this limitation, we design",False,Solving_problems_improvements_mitigation,LLMgenerated,in response to,response-family,STRONG-TRUE,,,,,,,,,
"in response to this limitation, we develop",False,Solving_problems_improvements_mitigation,LLMgenerated,in response to,response-family,STRONG-TRUE,,,,,,,,,
"in response to this limitation, we introduce",False,Solving_problems_improvements_mitigation,LLMgenerated,in response to,response-family,STRONG-TRUE,,,,,,,,,
"in response to this limitation, we present",False,Solving_problems_improvements_mitigation,LLMgenerated,in response to,response-family,STRONG-TRUE,,,,,,,,,
"in response to this limitation, we propose",False,Solving_problems_improvements_mitigation,LLMgenerated,in response to,response-family,STRONG-TRUE,,,,,,,,,
"in response to this problem, we design",False,Solving_problems_improvements_mitigation,LLMgenerated,in response to,response-family,STRONG-TRUE,,,,,,,,,
"in response to this problem, we develop",False,Solving_problems_improvements_mitigation,LLMgenerated,in response to,response-family,STRONG-TRUE,,,,,,,,,
"in response to this problem, we introduce",False,Solving_problems_improvements_mitigation,LLMgenerated,in response to,response-family,STRONG-TRUE,,,,,,,,,
"in response to this problem, we present",False,Solving_problems_improvements_mitigation,LLMgenerated,in response to,response-family,STRONG-TRUE,,,,,,,,,
"in response to this problem, we propose",False,Solving_problems_improvements_mitigation,LLMgenerated,in response to,response-family,STRONG-TRUE,,,,,,,,,
"in response to this, we design",False,Solving_problems_improvements_mitigation,LLMgenerated,in response to,response-family,STRONG-TRUE,,,,,,,,,
"in response to this, we develop",False,Solving_problems_improvements_mitigation,LLMgenerated,in response to,response-family,STRONG-TRUE,,,,,,,,,
"in response to this, we introduce",False,Solving_problems_improvements_mitigation,LLMgenerated,in response to,response-family,STRONG-TRUE,,,,,,,,,
"in response to this, we present",False,Solving_problems_improvements_mitigation,LLMgenerated,in response to,response-family,STRONG-TRUE,,,,,,,,,
"in response to this, we propose",False,Solving_problems_improvements_mitigation,LLMgenerated,in response to,response-family,STRONG-TRUE,,,,,,,,,
"in view of these challenges, we design",False,Solving_problems_improvements_mitigation,LLMgenerated,in view of,response-family,STRONG-TRUE,,,,,,,,,
"in view of these challenges, we develop",False,Solving_problems_improvements_mitigation,LLMgenerated,in view of,response-family,STRONG-TRUE,,,,,,,,,
"in view of these challenges, we introduce",False,Solving_problems_improvements_mitigation,LLMgenerated,in view of,response-family,STRONG-TRUE,,,,,,,,,
"in view of these challenges, we present",False,Solving_problems_improvements_mitigation,LLMgenerated,in view of,response-family,STRONG-TRUE,,,,,,,,,
"in view of these challenges, we propose",False,Solving_problems_improvements_mitigation,LLMgenerated,in view of,response-family,STRONG-TRUE,,,,,,,,,
"in view of these issues, we design",False,Solving_problems_improvements_mitigation,LLMgenerated,in view of,response-family,STRONG-TRUE,,,,,,,,,
"in view of these issues, we develop",False,Solving_problems_improvements_mitigation,LLMgenerated,in view of,response-family,STRONG-TRUE,,,,,,,,,
"in view of these issues, we introduce",False,Solving_problems_improvements_mitigation,LLMgenerated,in view of,response-family,STRONG-TRUE,,,,,,,,,
"in view of these issues, we present",False,Solving_problems_improvements_mitigation,LLMgenerated,in view of,response-family,STRONG-TRUE,,,,,,,,,
"in view of these issues, we propose",False,Solving_problems_improvements_mitigation,LLMgenerated,in view of,response-family,STRONG-TRUE,,,,,,,,,
"in view of these limitations, we design",False,Solving_problems_improvements_mitigation,LLMgenerated,in view of,response-family,STRONG-TRUE,,,,,,,,,
"in view of these limitations, we develop",False,Solving_problems_improvements_mitigation,LLMgenerated,in view of,response-family,STRONG-TRUE,,,,,,,,,
"in view of these limitations, we introduce",False,Solving_problems_improvements_mitigation,LLMgenerated,in view of,response-family,STRONG-TRUE,,,,,,,,,
"in view of these limitations, we present",False,Solving_problems_improvements_mitigation,LLMgenerated,in view of,response-family,STRONG-TRUE,,,,,,,,,
"in view of these limitations, we propose",False,Solving_problems_improvements_mitigation,LLMgenerated,in view of,response-family,STRONG-TRUE,,,,,,,,,
"in view of this challenge, we design",False,Solving_problems_improvements_mitigation,LLMgenerated,in view of,response-family,STRONG-TRUE,,,,,,,,,
"in view of this challenge, we develop",False,Solving_problems_improvements_mitigation,LLMgenerated,in view of,response-family,STRONG-TRUE,,,,,,,,,
"in view of this challenge, we introduce",False,Solving_problems_improvements_mitigation,LLMgenerated,in view of,response-family,STRONG-TRUE,,,,,,,,,
"in view of this challenge, we present",False,Solving_problems_improvements_mitigation,LLMgenerated,in view of,response-family,STRONG-TRUE,,,,,,,,,
"in view of this challenge, we propose",False,Solving_problems_improvements_mitigation,LLMgenerated,in view of,response-family,STRONG-TRUE,,,,,,,,,
"in view of this issue, we design",False,Solving_problems_improvements_mitigation,LLMgenerated,in view of,response-family,STRONG-TRUE,,,,,,,,,
"in view of this issue, we develop",False,Solving_problems_improvements_mitigation,LLMgenerated,in view of,response-family,STRONG-TRUE,,,,,,,,,
"in view of this issue, we introduce",False,Solving_problems_improvements_mitigation,LLMgenerated,in view of,response-family,STRONG-TRUE,,,,,,,,,
"in view of this issue, we present",False,Solving_problems_improvements_mitigation,LLMgenerated,in view of,response-family,STRONG-TRUE,,,,,,,,,
"in view of this issue, we propose",False,Solving_problems_improvements_mitigation,LLMgenerated,in view of,response-family,STRONG-TRUE,,,,,,,,,
"in view of this limitation, we design",False,Solving_problems_improvements_mitigation,LLMgenerated,in view of,response-family,STRONG-TRUE,,,,,,,,,
"in view of this limitation, we develop",False,Solving_problems_improvements_mitigation,LLMgenerated,in view of,response-family,STRONG-TRUE,,,,,,,,,
"in view of this limitation, we introduce",False,Solving_problems_improvements_mitigation,LLMgenerated,in view of,response-family,STRONG-TRUE,,,,,,,,,
"in view of this limitation, we present",False,Solving_problems_improvements_mitigation,LLMgenerated,in view of,response-family,STRONG-TRUE,,,,,,,,,
"in view of this limitation, we propose",False,Solving_problems_improvements_mitigation,LLMgenerated,in view of,response-family,STRONG-TRUE,,,,,,,,,
"in view of this problem, we design",False,Solving_problems_improvements_mitigation,LLMgenerated,in view of,response-family,STRONG-TRUE,,,,,,,,,
"in view of this problem, we develop",False,Solving_problems_improvements_mitigation,LLMgenerated,in view of,response-family,STRONG-TRUE,,,,,,,,,
"in view of this problem, we introduce",False,Solving_problems_improvements_mitigation,LLMgenerated,in view of,response-family,STRONG-TRUE,,,,,,,,,
"in view of this problem, we present",False,Solving_problems_improvements_mitigation,LLMgenerated,in view of,response-family,STRONG-TRUE,,,,,,,,,
"in view of this problem, we propose",False,Solving_problems_improvements_mitigation,LLMgenerated,in view of,response-family,STRONG-TRUE,,,,,,,,,
"to respond to these challenges, we design",False,Solving_problems_improvements_mitigation,LLMgenerated,to respond to,response-family,STRONG-TRUE,,,,,,,,,
"to respond to these challenges, we develop",False,Solving_problems_improvements_mitigation,LLMgenerated,to respond to,response-family,STRONG-TRUE,,,,,,,,,
"to respond to these challenges, we introduce",False,Solving_problems_improvements_mitigation,LLMgenerated,to respond to,response-family,STRONG-TRUE,,,,,,,,,
"to respond to these challenges, we present",False,Solving_problems_improvements_mitigation,LLMgenerated,to respond to,response-family,STRONG-TRUE,,,,,,,,,
"to respond to these challenges, we propose",False,Solving_problems_improvements_mitigation,LLMgenerated,to respond to,response-family,STRONG-TRUE,,,,,,,,,
"to respond to these issues, we design",False,Solving_problems_improvements_mitigation,LLMgenerated,to respond to,response-family,STRONG-TRUE,,,,,,,,,
"to respond to these issues, we develop",False,Solving_problems_improvements_mitigation,LLMgenerated,to respond to,response-family,STRONG-TRUE,,,,,,,,,
"to respond to these issues, we introduce",False,Solving_problems_improvements_mitigation,LLMgenerated,to respond to,response-family,STRONG-TRUE,,,,,,,,,
"to respond to these issues, we present",False,Solving_problems_improvements_mitigation,LLMgenerated,to respond to,response-family,STRONG-TRUE,,,,,,,,,
"to respond to these issues, we propose",False,Solving_problems_improvements_mitigation,LLMgenerated,to respond to,response-family,STRONG-TRUE,,,,,,,,,
"to respond to these limitations, we design",False,Solving_problems_improvements_mitigation,LLMgenerated,to respond to,response-family,STRONG-TRUE,,,,,,,,,
"to respond to these limitations, we develop",False,Solving_problems_improvements_mitigation,LLMgenerated,to respond to,response-family,STRONG-TRUE,,,,,,,,,
"to respond to these limitations, we introduce",False,Solving_problems_improvements_mitigation,LLMgenerated,to respond to,response-family,STRONG-TRUE,,,,,,,,,
"to respond to these limitations, we present",False,Solving_problems_improvements_mitigation,LLMgenerated,to respond to,response-family,STRONG-TRUE,,,,,,,,,
"to respond to these limitations, we propose",False,Solving_problems_improvements_mitigation,LLMgenerated,to respond to,response-family,STRONG-TRUE,,,,,,,,,
"to respond to this challenge, we design",False,Solving_problems_improvements_mitigation,LLMgenerated,to respond to,response-family,STRONG-TRUE,,,,,,,,,
"to respond to this challenge, we develop",False,Solving_problems_improvements_mitigation,LLMgenerated,to respond to,response-family,STRONG-TRUE,,,,,,,,,
"to respond to this challenge, we introduce",False,Solving_problems_improvements_mitigation,LLMgenerated,to respond to,response-family,STRONG-TRUE,,,,,,,,,
"to respond to this challenge, we present",False,Solving_problems_improvements_mitigation,LLMgenerated,to respond to,response-family,STRONG-TRUE,,,,,,,,,
"to respond to this challenge, we propose",False,Solving_problems_improvements_mitigation,LLMgenerated,to respond to,response-family,STRONG-TRUE,,,,,,,,,
"to respond to this issue, we design",False,Solving_problems_improvements_mitigation,LLMgenerated,to respond to,response-family,STRONG-TRUE,,,,,,,,,
"to respond to this issue, we develop",False,Solving_problems_improvements_mitigation,LLMgenerated,to respond to,response-family,STRONG-TRUE,,,,,,,,,
"to respond to this issue, we introduce",False,Solving_problems_improvements_mitigation,LLMgenerated,to respond to,response-family,STRONG-TRUE,,,,,,,,,
"to respond to this issue, we present",False,Solving_problems_improvements_mitigation,LLMgenerated,to respond to,response-family,STRONG-TRUE,,,,,,,,,
"to respond to this issue, we propose",False,Solving_problems_improvements_mitigation,LLMgenerated,to respond to,response-family,STRONG-TRUE,,,,,,,,,
"to respond to this limitation, we design",False,Solving_problems_improvements_mitigation,LLMgenerated,to respond to,response-family,STRONG-TRUE,,,,,,,,,
"to respond to this limitation, we develop",False,Solving_problems_improvements_mitigation,LLMgenerated,to respond to,response-family,STRONG-TRUE,,,,,,,,,
"to respond to this limitation, we introduce",False,Solving_problems_improvements_mitigation,LLMgenerated,to respond to,response-family,STRONG-TRUE,,,,,,,,,
"to respond to this limitation, we present",False,Solving_problems_improvements_mitigation,LLMgenerated,to respond to,response-family,STRONG-TRUE,,,,,,,,,
"to respond to this limitation, we propose",False,Solving_problems_improvements_mitigation,LLMgenerated,to respond to,response-family,STRONG-TRUE,,,,,,,,,
"to respond to this problem, we design",False,Solving_problems_improvements_mitigation,LLMgenerated,to respond to,response-family,STRONG-TRUE,,,,,,,,,
"to respond to this problem, we develop",False,Solving_problems_improvements_mitigation,LLMgenerated,to respond to,response-family,STRONG-TRUE,,,,,,,,,
"to respond to this problem, we introduce",False,Solving_problems_improvements_mitigation,LLMgenerated,to respond to,response-family,STRONG-TRUE,,,,,,,,,
"to respond to this problem, we present",False,Solving_problems_improvements_mitigation,LLMgenerated,to respond to,response-family,STRONG-TRUE,,,,,,,,,
"to respond to this problem, we propose",False,Solving_problems_improvements_mitigation,LLMgenerated,to respond to,response-family,STRONG-TRUE,,,,,,,,,
"to respond to this, we design",False,Solving_problems_improvements_mitigation,LLMgenerated,to respond to,response-family,STRONG-TRUE,,,,,,,,,
"to respond to this, we develop",False,Solving_problems_improvements_mitigation,LLMgenerated,to respond to,response-family,STRONG-TRUE,,,,,,,,,
"to respond to this, we introduce",False,Solving_problems_improvements_mitigation,LLMgenerated,to respond to,response-family,STRONG-TRUE,,,,,,,,,
"to respond to this, we present",False,Solving_problems_improvements_mitigation,LLMgenerated,to respond to,response-family,STRONG-TRUE,,,,,,,,,
"to respond to this, we propose",False,Solving_problems_improvements_mitigation,LLMgenerated,to respond to,response-family,STRONG-TRUE,,,,,,,,,
to sidestep the above,False,Solving_problems_improvements_mitigation,LLMgenerated,to sidestep,sidestep-family,STRONG-TRUE,,,,,,,,,
to sidestep the above limitations,False,Solving_problems_improvements_mitigation,LLMgenerated,to sidestep,sidestep-family,STRONG-TRUE,,,,,,,,,
to sidestep the aforementioned limitation,False,Solving_problems_improvements_mitigation,LLMgenerated,to sidestep,sidestep-family,STRONG-TRUE,,,,,,,,,
to sidestep the limitations of this approach,False,Solving_problems_improvements_mitigation,LLMgenerated,to sidestep,sidestep-family,STRONG-TRUE,,,,,,,,,
to sidestep these bias problems,False,Solving_problems_improvements_mitigation,LLMgenerated,to sidestep,sidestep-family,STRONG-TRUE,,,,,,,,,
to sidestep these biases,False,Solving_problems_improvements_mitigation,LLMgenerated,to sidestep,sidestep-family,STRONG-TRUE,,,,,,,,,
to sidestep these challenges,False,Solving_problems_improvements_mitigation,LLMgenerated,to sidestep,sidestep-family,STRONG-TRUE,,,,,,,,,
to sidestep these concerns,False,Solving_problems_improvements_mitigation,LLMgenerated,to sidestep,sidestep-family,STRONG-TRUE,,,,,,,,,
to sidestep these differences,False,Solving_problems_improvements_mitigation,LLMgenerated,to sidestep,sidestep-family,STRONG-TRUE,,,,,,,,,
to sidestep these effects,False,Solving_problems_improvements_mitigation,LLMgenerated,to sidestep,sidestep-family,STRONG-TRUE,,,,,,,,,
to sidestep these issues,False,Solving_problems_improvements_mitigation,LLMgenerated,to sidestep,sidestep-family,STRONG-TRUE,,,,,,,,,
to sidestep these limitations,False,Solving_problems_improvements_mitigation,LLMgenerated,to sidestep,sidestep-family,STRONG-TRUE,,,,,,,,,
to sidestep these points,False,Solving_problems_improvements_mitigation,LLMgenerated,to sidestep,sidestep-family,STRONG-TRUE,,,,,,,,,
to sidestep these possibilities,False,Solving_problems_improvements_mitigation,LLMgenerated,to sidestep,sidestep-family,STRONG-TRUE,,,,,,,,,
to sidestep these potential limitations,False,Solving_problems_improvements_mitigation,LLMgenerated,to sidestep,sidestep-family,STRONG-TRUE,,,,,,,,,
to sidestep these potential limitations and biases,False,Solving_problems_improvements_mitigation,LLMgenerated,to sidestep,sidestep-family,STRONG-TRUE,,,,,,,,,
to sidestep these risks,False,Solving_problems_improvements_mitigation,LLMgenerated,to sidestep,sidestep-family,STRONG-TRUE,,,,,,,,,
to sidestep these symptoms,False,Solving_problems_improvements_mitigation,LLMgenerated,to sidestep,sidestep-family,STRONG-TRUE,,,,,,,,,
to sidestep these threats,False,Solving_problems_improvements_mitigation,LLMgenerated,to sidestep,sidestep-family,STRONG-TRUE,,,,,,,,,
to sidestep this,False,Solving_problems_improvements_mitigation,LLMgenerated,to sidestep,sidestep-family,STRONG-TRUE,,,,,,,,,
to sidestep this bias,False,Solving_problems_improvements_mitigation,LLMgenerated,to sidestep,sidestep-family,STRONG-TRUE,,,,,,,,,
to sidestep this disease,False,Solving_problems_improvements_mitigation,LLMgenerated,to sidestep,sidestep-family,STRONG-TRUE,,,,,,,,,
to sidestep this effect,False,Solving_problems_improvements_mitigation,LLMgenerated,to sidestep,sidestep-family,STRONG-TRUE,,,,,,,,,
to sidestep this issue,False,Solving_problems_improvements_mitigation,LLMgenerated,to sidestep,sidestep-family,STRONG-TRUE,,,,,,,,,
to sidestep this limitation,False,Solving_problems_improvements_mitigation,LLMgenerated,to sidestep,sidestep-family,STRONG-TRUE,,,,,,,,,
to sidestep this point,False,Solving_problems_improvements_mitigation,LLMgenerated,to sidestep,sidestep-family,STRONG-TRUE,,,,,,,,,
to sidestep this possibility,False,Solving_problems_improvements_mitigation,LLMgenerated,to sidestep,sidestep-family,STRONG-TRUE,,,,,,,,,
to sidestep this problem,False,Solving_problems_improvements_mitigation,LLMgenerated,to sidestep,sidestep-family,STRONG-TRUE,,,,,,,,,
to sidestep this risk,False,Solving_problems_improvements_mitigation,LLMgenerated,to sidestep,sidestep-family,STRONG-TRUE,,,,,,,,,
to sidestep this symptom,False,Solving_problems_improvements_mitigation,LLMgenerated,to sidestep,sidestep-family,STRONG-TRUE,,,,,,,,,
to sidestep this threat,False,Solving_problems_improvements_mitigation,LLMgenerated,to sidestep,sidestep-family,STRONG-TRUE,,,,,,,,,
to sidestep those challenges,False,Solving_problems_improvements_mitigation,LLMgenerated,to sidestep,sidestep-family,STRONG-TRUE,,,,,,,,,
to sidestep those issues,False,Solving_problems_improvements_mitigation,LLMgenerated,to sidestep,sidestep-family,STRONG-TRUE,,,,,,,,,
to sidestep those limitations,False,Solving_problems_improvements_mitigation,LLMgenerated,to sidestep,sidestep-family,STRONG-TRUE,,,,,,,,,
to sidestep those points,False,Solving_problems_improvements_mitigation,LLMgenerated,to sidestep,sidestep-family,STRONG-TRUE,,,,,,,,,
to sidestep those problems,False,Solving_problems_improvements_mitigation,LLMgenerated,to sidestep,sidestep-family,STRONG-TRUE,,,,,,,,,
to sidestep those symptoms,False,Solving_problems_improvements_mitigation,LLMgenerated,to sidestep,sidestep-family,STRONG-TRUE,,,,,,,,,
so as to address these issues,False,Solving_problems_improvements_mitigation,LLMgenerated,so as to address,so-as-to-family,STRONG-TRUE,,,,,,,,,
so as to address this,False,Solving_problems_improvements_mitigation,LLMgenerated,so as to address,so-as-to-family,STRONG-TRUE,,,,,,,,,
so as to address this limitation,False,Solving_problems_improvements_mitigation,LLMgenerated,so as to address,so-as-to-family,STRONG-TRUE,,,,,,,,,
so as to alleviate these issues,False,Solving_problems_improvements_mitigation,LLMgenerated,so as to alleviate,so-as-to-family,STRONG-TRUE,,,,,,,,,
so as to alleviate this,False,Solving_problems_improvements_mitigation,LLMgenerated,so as to alleviate,so-as-to-family,STRONG-TRUE,,,,,,,,,
so as to alleviate this limitation,False,Solving_problems_improvements_mitigation,LLMgenerated,so as to alleviate,so-as-to-family,STRONG-TRUE,,,,,,,,,
so as to circumvent these issues,False,Solving_problems_improvements_mitigation,LLMgenerated,so as to circumvent,so-as-to-family,STRONG-TRUE,,,,,,,,,
so as to circumvent this,False,Solving_problems_improvements_mitigation,LLMgenerated,so as to circumvent,so-as-to-family,STRONG-TRUE,,,,,,,,,
so as to circumvent this limitation,False,Solving_problems_improvements_mitigation,LLMgenerated,so as to circumvent,so-as-to-family,STRONG-TRUE,,,,,,,,,
so as to handle these issues,False,Solving_problems_improvements_mitigation,LLMgenerated,so as to handle,so-as-to-family,STRONG-TRUE,,,,,,,,,
so as to handle this,False,Solving_problems_improvements_mitigation,LLMgenerated,so as to handle,so-as-to-family,STRONG-TRUE,,,,,,,,,
so as to handle this limitation,False,Solving_problems_improvements_mitigation,LLMgenerated,so as to handle,so-as-to-family,STRONG-TRUE,,,,,,,,,
so as to mitigate these issues,False,Solving_problems_improvements_mitigation,LLMgenerated,so as to mitigate,so-as-to-family,STRONG-TRUE,,,,,,,,,
so as to mitigate this,False,Solving_problems_improvements_mitigation,LLMgenerated,so as to mitigate,so-as-to-family,STRONG-TRUE,,,,,,,,,
so as to mitigate this limitation,False,Solving_problems_improvements_mitigation,LLMgenerated,so as to mitigate,so-as-to-family,STRONG-TRUE,,,,,,,,,
so as to overcome these issues,False,Solving_problems_improvements_mitigation,LLMgenerated,so as to overcome,so-as-to-family,STRONG-TRUE,,,,,,,,,
so as to overcome this,False,Solving_problems_improvements_mitigation,LLMgenerated,so as to overcome,so-as-to-family,STRONG-TRUE,,,,,,,,,
so as to overcome this limitation,False,Solving_problems_improvements_mitigation,LLMgenerated,so as to overcome,so-as-to-family,STRONG-TRUE,,,,,,,,,
so as to remedy these issues,False,Solving_problems_improvements_mitigation,LLMgenerated,so as to remedy,so-as-to-family,STRONG-TRUE,,,,,,,,,
so as to remedy this,False,Solving_problems_improvements_mitigation,LLMgenerated,so as to remedy,so-as-to-family,STRONG-TRUE,,,,,,,,,
so as to remedy this limitation,False,Solving_problems_improvements_mitigation,LLMgenerated,so as to remedy,so-as-to-family,STRONG-TRUE,,,,,,,,,
so as to resolve these issues,False,Solving_problems_improvements_mitigation,LLMgenerated,so as to resolve,so-as-to-family,STRONG-TRUE,,,,,,,,,
so as to resolve this,False,Solving_problems_improvements_mitigation,LLMgenerated,so as to resolve,so-as-to-family,STRONG-TRUE,,,,,,,,,
so as to resolve this limitation,False,Solving_problems_improvements_mitigation,LLMgenerated,so as to resolve,so-as-to-family,STRONG-TRUE,,,,,,,,,
so as to solve these issues,False,Solving_problems_improvements_mitigation,LLMgenerated,so as to solve,so-as-to-family,STRONG-TRUE,,,,,,,,,
so as to solve this,False,Solving_problems_improvements_mitigation,LLMgenerated,so as to solve,so-as-to-family,STRONG-TRUE,,,,,,,,,
so as to solve this limitation,False,Solving_problems_improvements_mitigation,LLMgenerated,so as to solve,so-as-to-family,STRONG-TRUE,,,,,,,,,
so as to tackle these issues,False,Solving_problems_improvements_mitigation,LLMgenerated,so as to tackle,so-as-to-family,STRONG-TRUE,,,,,,,,,
so as to tackle this,False,Solving_problems_improvements_mitigation,LLMgenerated,so as to tackle,so-as-to-family,STRONG-TRUE,,,,,,,,,
so as to tackle this limitation,False,Solving_problems_improvements_mitigation,LLMgenerated,so as to tackle,so-as-to-family,STRONG-TRUE,,,,,,,,,
"as a countermeasure against this problem, we design",False,Solving_problems_improvements_mitigation,LLMgenerated,as a countermeasure,solution-pivot,STRONG-TRUE,,,,,,,,,
"as a countermeasure against this problem, we develop",False,Solving_problems_improvements_mitigation,LLMgenerated,as a countermeasure,solution-pivot,STRONG-TRUE,,,,,,,,,
"as a countermeasure against this problem, we introduce",False,Solving_problems_improvements_mitigation,LLMgenerated,as a countermeasure,solution-pivot,STRONG-TRUE,,,,,,,,,
"as a countermeasure against this problem, we present",False,Solving_problems_improvements_mitigation,LLMgenerated,as a countermeasure,solution-pivot,STRONG-TRUE,,,,,,,,,
"as a countermeasure against this problem, we propose",False,Solving_problems_improvements_mitigation,LLMgenerated,as a countermeasure,solution-pivot,STRONG-TRUE,,,,,,,,,
"as a countermeasure to this issue, we design",False,Solving_problems_improvements_mitigation,LLMgenerated,as a countermeasure,solution-pivot,STRONG-TRUE,,,,,,,,,
"as a countermeasure to this issue, we develop",False,Solving_problems_improvements_mitigation,LLMgenerated,as a countermeasure,solution-pivot,STRONG-TRUE,,,,,,,,,
"as a countermeasure to this issue, we introduce",False,Solving_problems_improvements_mitigation,LLMgenerated,as a countermeasure,solution-pivot,STRONG-TRUE,,,,,,,,,
"as a countermeasure to this issue, we present",False,Solving_problems_improvements_mitigation,LLMgenerated,as a countermeasure,solution-pivot,STRONG-TRUE,,,,,,,,,
"as a countermeasure to this issue, we propose",False,Solving_problems_improvements_mitigation,LLMgenerated,as a countermeasure,solution-pivot,STRONG-TRUE,,,,,,,,,
"as a fix for this issue, we design",False,Solving_problems_improvements_mitigation,LLMgenerated,as a fix,solution-pivot,STRONG-TRUE,,,,,,,,,
"as a fix for this issue, we develop",False,Solving_problems_improvements_mitigation,LLMgenerated,as a fix,solution-pivot,STRONG-TRUE,,,,,,,,,
"as a fix for this issue, we introduce",False,Solving_problems_improvements_mitigation,LLMgenerated,as a fix,solution-pivot,STRONG-TRUE,,,,,,,,,
"as a fix for this issue, we present",False,Solving_problems_improvements_mitigation,LLMgenerated,as a fix,solution-pivot,STRONG-TRUE,,,,,,,,,
"as a fix for this issue, we propose",False,Solving_problems_improvements_mitigation,LLMgenerated,as a fix,solution-pivot,STRONG-TRUE,,,,,,,,,
"as a fix for this problem, we design",False,Solving_problems_improvements_mitigation,LLMgenerated,as a fix,solution-pivot,STRONG-TRUE,,,,,,,,,
"as a fix for this problem, we develop",False,Solving_problems_improvements_mitigation,LLMgenerated,as a fix,solution-pivot,STRONG-TRUE,,,,,,,,,
"as a fix for this problem, we introduce",False,Solving_problems_improvements_mitigation,LLMgenerated,as a fix,solution-pivot,STRONG-TRUE,,,,,,,,,
"as a fix for this problem, we present",False,Solving_problems_improvements_mitigation,LLMgenerated,as a fix,solution-pivot,STRONG-TRUE,,,,,,,,,
"as a fix for this problem, we propose",False,Solving_problems_improvements_mitigation,LLMgenerated,as a fix,solution-pivot,STRONG-TRUE,,,,,,,,,
"as a remedy for this issue, we design",False,Solving_problems_improvements_mitigation,LLMgenerated,as a remedy,solution-pivot,STRONG-TRUE,,,,,,,,,
"as a remedy for this issue, we develop",False,Solving_problems_improvements_mitigation,LLMgenerated,as a remedy,solution-pivot,STRONG-TRUE,,,,,,,,,
"as a remedy for this issue, we introduce",False,Solving_problems_improvements_mitigation,LLMgenerated,as a remedy,solution-pivot,STRONG-TRUE,,,,,,,,,
"as a remedy for this issue, we present",False,Solving_problems_improvements_mitigation,LLMgenerated,as a remedy,solution-pivot,STRONG-TRUE,,,,,,,,,
"as a remedy for this issue, we propose",False,Solving_problems_improvements_mitigation,LLMgenerated,as a remedy,solution-pivot,STRONG-TRUE,,,,,,,,,
"as a remedy for this limitation, we design",False,Solving_problems_improvements_mitigation,LLMgenerated,as a remedy,solution-pivot,STRONG-TRUE,,,,,,,,,
"as a remedy for this limitation, we develop",False,Solving_problems_improvements_mitigation,LLMgenerated,as a remedy,solution-pivot,STRONG-TRUE,,,,,,,,,
"as a remedy for this limitation, we introduce",False,Solving_problems_improvements_mitigation,LLMgenerated,as a remedy,solution-pivot,STRONG-TRUE,,,,,,,,,
"as a remedy for this limitation, we present",False,Solving_problems_improvements_mitigation,LLMgenerated,as a remedy,solution-pivot,STRONG-TRUE,,,,,,,,,
"as a remedy for this limitation, we propose",False,Solving_problems_improvements_mitigation,LLMgenerated,as a remedy,solution-pivot,STRONG-TRUE,,,,,,,,,
"as a remedy to this problem, we design",False,Solving_problems_improvements_mitigation,LLMgenerated,as a remedy,solution-pivot,STRONG-TRUE,,,,,,,,,
"as a remedy to this problem, we develop",False,Solving_problems_improvements_mitigation,LLMgenerated,as a remedy,solution-pivot,STRONG-TRUE,,,,,,,,,
"as a remedy to this problem, we introduce",False,Solving_problems_improvements_mitigation,LLMgenerated,as a remedy,solution-pivot,STRONG-TRUE,,,,,,,,,
"as a remedy to this problem, we present",False,Solving_problems_improvements_mitigation,LLMgenerated,as a remedy,solution-pivot,STRONG-TRUE,,,,,,,,,
"as a remedy to this problem, we propose",False,Solving_problems_improvements_mitigation,LLMgenerated,as a remedy,solution-pivot,STRONG-TRUE,,,,,,,,,
"as a response to this issue, we design",False,Solving_problems_improvements_mitigation,LLMgenerated,as a response to,solution-pivot,STRONG-TRUE,,,,,,,,,
"as a response to this issue, we develop",False,Solving_problems_improvements_mitigation,LLMgenerated,as a response to,solution-pivot,STRONG-TRUE,,,,,,,,,
"as a response to this issue, we introduce",False,Solving_problems_improvements_mitigation,LLMgenerated,as a response to,solution-pivot,STRONG-TRUE,,,,,,,,,
"as a response to this issue, we present",False,Solving_problems_improvements_mitigation,LLMgenerated,as a response to,solution-pivot,STRONG-TRUE,,,,,,,,,
"as a response to this issue, we propose",False,Solving_problems_improvements_mitigation,LLMgenerated,as a response to,solution-pivot,STRONG-TRUE,,,,,,,,,
"as a response to this limitation, we design",False,Solving_problems_improvements_mitigation,LLMgenerated,as a response to,solution-pivot,STRONG-TRUE,,,,,,,,,
"as a response to this limitation, we develop",False,Solving_problems_improvements_mitigation,LLMgenerated,as a response to,solution-pivot,STRONG-TRUE,,,,,,,,,
"as a response to this limitation, we introduce",False,Solving_problems_improvements_mitigation,LLMgenerated,as a response to,solution-pivot,STRONG-TRUE,,,,,,,,,
"as a response to this limitation, we present",False,Solving_problems_improvements_mitigation,LLMgenerated,as a response to,solution-pivot,STRONG-TRUE,,,,,,,,,
"as a response to this limitation, we propose",False,Solving_problems_improvements_mitigation,LLMgenerated,as a response to,solution-pivot,STRONG-TRUE,,,,,,,,,
"as a response to this problem, we design",False,Solving_problems_improvements_mitigation,LLMgenerated,as a response to,solution-pivot,STRONG-TRUE,,,,,,,,,
"as a response to this problem, we develop",False,Solving_problems_improvements_mitigation,LLMgenerated,as a response to,solution-pivot,STRONG-TRUE,,,,,,,,,
"as a response to this problem, we introduce",False,Solving_problems_improvements_mitigation,LLMgenerated,as a response to,solution-pivot,STRONG-TRUE,,,,,,,,,
"as a response to this problem, we present",False,Solving_problems_improvements_mitigation,LLMgenerated,as a response to,solution-pivot,STRONG-TRUE,,,,,,,,,
"as a response to this problem, we propose",False,Solving_problems_improvements_mitigation,LLMgenerated,as a response to,solution-pivot,STRONG-TRUE,,,,,,,,,
"as a solution to these limitations, we design",False,Solving_problems_improvements_mitigation,LLMgenerated,as a solution,solution-pivot,STRONG-TRUE,,,,,,,,,
"as a solution to these limitations, we develop",False,Solving_problems_improvements_mitigation,LLMgenerated,as a solution,solution-pivot,STRONG-TRUE,,,,,,,,,
"as a solution to these limitations, we introduce",False,Solving_problems_improvements_mitigation,LLMgenerated,as a solution,solution-pivot,STRONG-TRUE,,,,,,,,,
"as a solution to these limitations, we present",False,Solving_problems_improvements_mitigation,LLMgenerated,as a solution,solution-pivot,STRONG-TRUE,,,,,,,,,
"as a solution to these limitations, we propose",False,Solving_problems_improvements_mitigation,LLMgenerated,as a solution,solution-pivot,STRONG-TRUE,,,,,,,,,
"as a solution to these problems, we design",False,Solving_problems_improvements_mitigation,LLMgenerated,as a solution,solution-pivot,STRONG-TRUE,,,,,,,,,
"as a solution to these problems, we develop",False,Solving_problems_improvements_mitigation,LLMgenerated,as a solution,solution-pivot,STRONG-TRUE,,,,,,,,,
"as a solution to these problems, we introduce",False,Solving_problems_improvements_mitigation,LLMgenerated,as a solution,solution-pivot,STRONG-TRUE,,,,,,,,,
"as a solution to these problems, we present",False,Solving_problems_improvements_mitigation,LLMgenerated,as a solution,solution-pivot,STRONG-TRUE,,,,,,,,,
"as a solution to these problems, we propose",False,Solving_problems_improvements_mitigation,LLMgenerated,as a solution,solution-pivot,STRONG-TRUE,,,,,,,,,
"as a solution to this issue, we design",False,Solving_problems_improvements_mitigation,LLMgenerated,as a solution,solution-pivot,STRONG-TRUE,,,,,,,,,
"as a solution to this issue, we develop",False,Solving_problems_improvements_mitigation,LLMgenerated,as a solution,solution-pivot,STRONG-TRUE,,,,,,,,,
"as a solution to this issue, we introduce",False,Solving_problems_improvements_mitigation,LLMgenerated,as a solution,solution-pivot,STRONG-TRUE,,,,,,,,,
"as a solution to this issue, we present",False,Solving_problems_improvements_mitigation,LLMgenerated,as a solution,solution-pivot,STRONG-TRUE,,,,,,,,,
"as a solution to this issue, we propose",False,Solving_problems_improvements_mitigation,LLMgenerated,as a solution,solution-pivot,STRONG-TRUE,,,,,,,,,
"as a solution to this limitation, we design",False,Solving_problems_improvements_mitigation,LLMgenerated,as a solution,solution-pivot,STRONG-TRUE,,,,,,,,,
"as a solution to this limitation, we develop",False,Solving_problems_improvements_mitigation,LLMgenerated,as a solution,solution-pivot,STRONG-TRUE,,,,,,,,,
"as a solution to this limitation, we introduce",False,Solving_problems_improvements_mitigation,LLMgenerated,as a solution,solution-pivot,STRONG-TRUE,,,,,,,,,
"as a solution to this limitation, we present",False,Solving_problems_improvements_mitigation,LLMgenerated,as a solution,solution-pivot,STRONG-TRUE,,,,,,,,,
"as a solution to this limitation, we propose",False,Solving_problems_improvements_mitigation,LLMgenerated,as a solution,solution-pivot,STRONG-TRUE,,,,,,,,,
"as a solution to this problem, we design",False,Solving_problems_improvements_mitigation,LLMgenerated,as a solution,solution-pivot,STRONG-TRUE,,,,,,,,,
"as a solution to this problem, we develop",False,Solving_problems_improvements_mitigation,LLMgenerated,as a solution,solution-pivot,STRONG-TRUE,,,,,,,,,
"as a solution to this problem, we introduce",False,Solving_problems_improvements_mitigation,LLMgenerated,as a solution,solution-pivot,STRONG-TRUE,,,,,,,,,
"as a solution to this problem, we present",False,Solving_problems_improvements_mitigation,LLMgenerated,as a solution,solution-pivot,STRONG-TRUE,,,,,,,,,
"as a solution to this problem, we propose",False,Solving_problems_improvements_mitigation,LLMgenerated,as a solution,solution-pivot,STRONG-TRUE,,,,,,,,,
"as a workaround for this issue, we design",False,Solving_problems_improvements_mitigation,LLMgenerated,as a workaround,solution-pivot,STRONG-TRUE,,,,,,,,,
"as a workaround for this issue, we develop",False,Solving_problems_improvements_mitigation,LLMgenerated,as a workaround,solution-pivot,STRONG-TRUE,,,,,,,,,
"as a workaround for this issue, we introduce",False,Solving_problems_improvements_mitigation,LLMgenerated,as a workaround,solution-pivot,STRONG-TRUE,,,,,,,,,
"as a workaround for this issue, we present",False,Solving_problems_improvements_mitigation,LLMgenerated,as a workaround,solution-pivot,STRONG-TRUE,,,,,,,,,
"as a workaround for this issue, we propose",False,Solving_problems_improvements_mitigation,LLMgenerated,as a workaround,solution-pivot,STRONG-TRUE,,,,,,,,,
"as a workaround for this limitation, we design",False,Solving_problems_improvements_mitigation,LLMgenerated,as a workaround,solution-pivot,STRONG-TRUE,,,,,,,,,
"as a workaround for this limitation, we develop",False,Solving_problems_improvements_mitigation,LLMgenerated,as a workaround,solution-pivot,STRONG-TRUE,,,,,,,,,
"as a workaround for this limitation, we introduce",False,Solving_problems_improvements_mitigation,LLMgenerated,as a workaround,solution-pivot,STRONG-TRUE,,,,,,,,,
"as a workaround for this limitation, we present",False,Solving_problems_improvements_mitigation,LLMgenerated,as a workaround,solution-pivot,STRONG-TRUE,,,,,,,,,
"as a workaround for this limitation, we propose",False,Solving_problems_improvements_mitigation,LLMgenerated,as a workaround,solution-pivot,STRONG-TRUE,,,,,,,,,
"as a workaround for this problem, we design",False,Solving_problems_improvements_mitigation,LLMgenerated,as a workaround,solution-pivot,STRONG-TRUE,,,,,,,,,
"as a workaround for this problem, we develop",False,Solving_problems_improvements_mitigation,LLMgenerated,as a workaround,solution-pivot,STRONG-TRUE,,,,,,,,,
"as a workaround for this problem, we introduce",False,Solving_problems_improvements_mitigation,LLMgenerated,as a workaround,solution-pivot,STRONG-TRUE,,,,,,,,,
"as a workaround for this problem, we present",False,Solving_problems_improvements_mitigation,LLMgenerated,as a workaround,solution-pivot,STRONG-TRUE,,,,,,,,,
"as a workaround for this problem, we propose",False,Solving_problems_improvements_mitigation,LLMgenerated,as a workaround,solution-pivot,STRONG-TRUE,,,,,,,,,
"as an answer to this challenge, we design",False,Solving_problems_improvements_mitigation,LLMgenerated,as an answer to,solution-pivot,STRONG-TRUE,,,,,,,,,
"as an answer to this challenge, we develop",False,Solving_problems_improvements_mitigation,LLMgenerated,as an answer to,solution-pivot,STRONG-TRUE,,,,,,,,,
"as an answer to this challenge, we introduce",False,Solving_problems_improvements_mitigation,LLMgenerated,as an answer to,solution-pivot,STRONG-TRUE,,,,,,,,,
"as an answer to this challenge, we present",False,Solving_problems_improvements_mitigation,LLMgenerated,as an answer to,solution-pivot,STRONG-TRUE,,,,,,,,,
"as an answer to this challenge, we propose",False,Solving_problems_improvements_mitigation,LLMgenerated,as an answer to,solution-pivot,STRONG-TRUE,,,,,,,,,
"as an answer to this problem, we design",False,Solving_problems_improvements_mitigation,LLMgenerated,as an answer to,solution-pivot,STRONG-TRUE,,,,,,,,,
"as an answer to this problem, we develop",False,Solving_problems_improvements_mitigation,LLMgenerated,as an answer to,solution-pivot,STRONG-TRUE,,,,,,,,,
"as an answer to this problem, we introduce",False,Solving_problems_improvements_mitigation,LLMgenerated,as an answer to,solution-pivot,STRONG-TRUE,,,,,,,,,
"as an answer to this problem, we present",False,Solving_problems_improvements_mitigation,LLMgenerated,as an answer to,solution-pivot,STRONG-TRUE,,,,,,,,,
"as an answer to this problem, we propose",False,Solving_problems_improvements_mitigation,LLMgenerated,as an answer to,solution-pivot,STRONG-TRUE,,,,,,,,,
"our solution to this issue, we design",False,Solving_problems_improvements_mitigation,LLMgenerated,our solution,solution-pivot,STRONG-TRUE,,,,,,,,,
"our solution to this issue, we develop",False,Solving_problems_improvements_mitigation,LLMgenerated,our solution,solution-pivot,STRONG-TRUE,,,,,,,,,
"our solution to this issue, we introduce",False,Solving_problems_improvements_mitigation,LLMgenerated,our solution,solution-pivot,STRONG-TRUE,,,,,,,,,
"our solution to this issue, we present",False,Solving_problems_improvements_mitigation,LLMgenerated,our solution,solution-pivot,STRONG-TRUE,,,,,,,,,
"our solution to this issue, we propose",False,Solving_problems_improvements_mitigation,LLMgenerated,our solution,solution-pivot,STRONG-TRUE,,,,,,,,,
"our solution to this limitation, we design",False,Solving_problems_improvements_mitigation,LLMgenerated,our solution,solution-pivot,STRONG-TRUE,,,,,,,,,
"our solution to this limitation, we develop",False,Solving_problems_improvements_mitigation,LLMgenerated,our solution,solution-pivot,STRONG-TRUE,,,,,,,,,
"our solution to this limitation, we introduce",False,Solving_problems_improvements_mitigation,LLMgenerated,our solution,solution-pivot,STRONG-TRUE,,,,,,,,,
"our solution to this limitation, we present",False,Solving_problems_improvements_mitigation,LLMgenerated,our solution,solution-pivot,STRONG-TRUE,,,,,,,,,
"our solution to this limitation, we propose",False,Solving_problems_improvements_mitigation,LLMgenerated,our solution,solution-pivot,STRONG-TRUE,,,,,,,,,
"our solution to this problem, we design",False,Solving_problems_improvements_mitigation,LLMgenerated,our solution,solution-pivot,STRONG-TRUE,,,,,,,,,
"our solution to this problem, we develop",False,Solving_problems_improvements_mitigation,LLMgenerated,our solution,solution-pivot,STRONG-TRUE,,,,,,,,,
"our solution to this problem, we introduce",False,Solving_problems_improvements_mitigation,LLMgenerated,our solution,solution-pivot,STRONG-TRUE,,,,,,,,,
"our solution to this problem, we present",False,Solving_problems_improvements_mitigation,LLMgenerated,our solution,solution-pivot,STRONG-TRUE,,,,,,,,,
"our solution to this problem, we propose",False,Solving_problems_improvements_mitigation,LLMgenerated,our solution,solution-pivot,STRONG-TRUE,,,,,,,,,
"to solve these limitations, we design",False,Solving_problems_improvements_mitigation,LLMgenerated,to solve,solve-combined,STRONG-TRUE,,,,,,,,,
"to solve these limitations, we develop",False,Solving_problems_improvements_mitigation,LLMgenerated,to solve,solve-combined,STRONG-TRUE,,,,,,,,,
"to solve these limitations, we introduce",False,Solving_problems_improvements_mitigation,LLMgenerated,to solve,solve-combined,STRONG-TRUE,,,,,,,,,
"to solve these limitations, we present",False,Solving_problems_improvements_mitigation,LLMgenerated,to solve,solve-combined,STRONG-TRUE,,,,,,,,,
"to solve these limitations, we propose",False,Solving_problems_improvements_mitigation,LLMgenerated,to solve,solve-combined,STRONG-TRUE,,,,,,,,,
"to solve this issue, we design",False,Solving_problems_improvements_mitigation,LLMgenerated,to solve,solve-combined,STRONG-TRUE,,,,,,,,,
"to solve this issue, we develop",False,Solving_problems_improvements_mitigation,LLMgenerated,to solve,solve-combined,STRONG-TRUE,,,,,,,,,
"to solve this issue, we introduce",False,Solving_problems_improvements_mitigation,LLMgenerated,to solve,solve-combined,STRONG-TRUE,,,,,,,,,
"to solve this issue, we present",False,Solving_problems_improvements_mitigation,LLMgenerated,to solve,solve-combined,STRONG-TRUE,,,,,,,,,
"to solve this issue, we propose",False,Solving_problems_improvements_mitigation,LLMgenerated,to solve,solve-combined,STRONG-TRUE,,,,,,,,,
"to solve this limitation, we design",False,Solving_problems_improvements_mitigation,LLMgenerated,to solve,solve-combined,STRONG-TRUE,,,,,,,,,
"to solve this limitation, we develop",False,Solving_problems_improvements_mitigation,LLMgenerated,to solve,solve-combined,STRONG-TRUE,,,,,,,,,
"to solve this limitation, we introduce",False,Solving_problems_improvements_mitigation,LLMgenerated,to solve,solve-combined,STRONG-TRUE,,,,,,,,,
"to solve this limitation, we present",False,Solving_problems_improvements_mitigation,LLMgenerated,to solve,solve-combined,STRONG-TRUE,,,,,,,,,
"to solve this limitation, we propose",False,Solving_problems_improvements_mitigation,LLMgenerated,to solve,solve-combined,STRONG-TRUE,,,,,,,,,
"to solve this, we design",False,Solving_problems_improvements_mitigation,LLMgenerated,to solve,solve-combined,STRONG-TRUE,,,,,,,,,
"to solve this, we develop",False,Solving_problems_improvements_mitigation,LLMgenerated,to solve,solve-combined,STRONG-TRUE,,,,,,,,,
"to solve this, we introduce",False,Solving_problems_improvements_mitigation,LLMgenerated,to solve,solve-combined,STRONG-TRUE,,,,,,,,,
"to solve this, we present",False,Solving_problems_improvements_mitigation,LLMgenerated,to solve,solve-combined,STRONG-TRUE,,,,,,,,,
"to solve this, we propose",False,Solving_problems_improvements_mitigation,LLMgenerated,to solve,solve-combined,STRONG-TRUE,,,,,,,,,
solving these biases,False,Solving_problems_improvements_mitigation,LLMgenerated,to solve,solve-family,STRONG-TRUE,,,,,,,,,
solving these effects,False,Solving_problems_improvements_mitigation,LLMgenerated,to solve,solve-family,STRONG-TRUE,,,,,,,,,
solving these issues,False,Solving_problems_improvements_mitigation,LLMgenerated,to solve,solve-family,STRONG-TRUE,,,,,,,,,
solving these limitations,False,Solving_problems_improvements_mitigation,LLMgenerated,to solve,solve-family,STRONG-TRUE,,,,,,,,,
solving these points,False,Solving_problems_improvements_mitigation,LLMgenerated,to solve,solve-family,STRONG-TRUE,,,,,,,,,
solving these problems,False,Solving_problems_improvements_mitigation,LLMgenerated,to solve,solve-family,STRONG-TRUE,,,,,,,,,
solving these risks,False,Solving_problems_improvements_mitigation,LLMgenerated,to solve,solve-family,STRONG-TRUE,,,,,,,,,
solving this bias,False,Solving_problems_improvements_mitigation,LLMgenerated,to solve,solve-family,STRONG-TRUE,,,,,,,,,
solving this effect,False,Solving_problems_improvements_mitigation,LLMgenerated,to solve,solve-family,STRONG-TRUE,,,,,,,,,
solving this issue,False,Solving_problems_improvements_mitigation,LLMgenerated,to solve,solve-family,STRONG-TRUE,,,,,,,,,
solving this limitation,False,Solving_problems_improvements_mitigation,LLMgenerated,to solve,solve-family,STRONG-TRUE,,,,,,,,,
solving this point,False,Solving_problems_improvements_mitigation,LLMgenerated,to solve,solve-family,STRONG-TRUE,,,,,,,,,
solving this problem,False,Solving_problems_improvements_mitigation,LLMgenerated,to solve,solve-family,STRONG-TRUE,,,,,,,,,
solving this risk,False,Solving_problems_improvements_mitigation,LLMgenerated,to solve,solve-family,STRONG-TRUE,,,,,,,,,
solving those points,False,Solving_problems_improvements_mitigation,LLMgenerated,to solve,solve-family,STRONG-TRUE,,,,,,,,,
to solve the above,False,Solving_problems_improvements_mitigation,LLMgenerated,to solve,solve-family,STRONG-TRUE,,,,,,,,,
to solve the above limitations,False,Solving_problems_improvements_mitigation,LLMgenerated,to solve,solve-family,STRONG-TRUE,,,,,,,,,
to solve the aforementioned limitation,False,Solving_problems_improvements_mitigation,LLMgenerated,to solve,solve-family,STRONG-TRUE,,,,,,,,,
to solve the limitations of this approach,False,Solving_problems_improvements_mitigation,LLMgenerated,to solve,solve-family,STRONG-TRUE,,,,,,,,,
to solve these bias problems,False,Solving_problems_improvements_mitigation,LLMgenerated,to solve,solve-family,STRONG-TRUE,,,,,,,,,
to solve these biases,False,Solving_problems_improvements_mitigation,LLMgenerated,to solve,solve-family,STRONG-TRUE,,,,,,,,,
to solve these challenges,False,Solving_problems_improvements_mitigation,LLMgenerated,to solve,solve-family,STRONG-TRUE,,,,,,,,,
to solve these concerns,False,Solving_problems_improvements_mitigation,LLMgenerated,to solve,solve-family,STRONG-TRUE,,,,,,,,,
to solve these differences,False,Solving_problems_improvements_mitigation,LLMgenerated,to solve,solve-family,STRONG-TRUE,,,,,,,,,
to solve these effects,False,Solving_problems_improvements_mitigation,LLMgenerated,to solve,solve-family,STRONG-TRUE,,,,,,,,,
to solve these issues,False,Solving_problems_improvements_mitigation,LLMgenerated,to solve,solve-family,STRONG-TRUE,,,,,,,,,
to solve these limitations,False,Solving_problems_improvements_mitigation,LLMgenerated,to solve,solve-family,STRONG-TRUE,,,,,,,,,
to solve these points,False,Solving_problems_improvements_mitigation,LLMgenerated,to solve,solve-family,STRONG-TRUE,,,,,,,,,
to solve these possibilities,False,Solving_problems_improvements_mitigation,LLMgenerated,to solve,solve-family,STRONG-TRUE,,,,,,,,,
to solve these potential limitations,False,Solving_problems_improvements_mitigation,LLMgenerated,to solve,solve-family,STRONG-TRUE,,,,,,,,,
to solve these potential limitations and biases,False,Solving_problems_improvements_mitigation,LLMgenerated,to solve,solve-family,STRONG-TRUE,,,,,,,,,
to solve these risks,False,Solving_problems_improvements_mitigation,LLMgenerated,to solve,solve-family,STRONG-TRUE,,,,,,,,,
to solve these symptoms,False,Solving_problems_improvements_mitigation,LLMgenerated,to solve,solve-family,STRONG-TRUE,,,,,,,,,
to solve these threats,False,Solving_problems_improvements_mitigation,LLMgenerated,to solve,solve-family,STRONG-TRUE,,,,,,,,,
to solve this,False,Solving_problems_improvements_mitigation,LLMgenerated,to solve,solve-family,STRONG-TRUE,,,,,,,,,
to solve this bias,False,Solving_problems_improvements_mitigation,LLMgenerated,to solve,solve-family,STRONG-TRUE,,,,,,,,,
to solve this disease,False,Solving_problems_improvements_mitigation,LLMgenerated,to solve,solve-family,STRONG-TRUE,,,,,,,,,
to solve this effect,False,Solving_problems_improvements_mitigation,LLMgenerated,to solve,solve-family,STRONG-TRUE,,,,,,,,,
to solve this issue,False,Solving_problems_improvements_mitigation,LLMgenerated,to solve,solve-family,STRONG-TRUE,,,,,,,,,
to solve this limitation,False,Solving_problems_improvements_mitigation,LLMgenerated,to solve,solve-family,STRONG-TRUE,,,,,,,,,
to solve this point,False,Solving_problems_improvements_mitigation,LLMgenerated,to solve,solve-family,STRONG-TRUE,,,,,,,,,
to solve this possibility,False,Solving_problems_improvements_mitigation,LLMgenerated,to solve,solve-family,STRONG-TRUE,,,,,,,,,
to solve this risk,False,Solving_problems_improvements_mitigation,LLMgenerated,to solve,solve-family,STRONG-TRUE,,,,,,,,,
to solve this symptom,False,Solving_problems_improvements_mitigation,LLMgenerated,to solve,solve-family,STRONG-TRUE,,,,,,,,,
to solve this threat,False,Solving_problems_improvements_mitigation,LLMgenerated,to solve,solve-family,STRONG-TRUE,,,,,,,,,
to solve those challenges,False,Solving_problems_improvements_mitigation,LLMgenerated,to solve,solve-family,STRONG-TRUE,,,,,,,,,
to solve those issues,False,Solving_problems_improvements_mitigation,LLMgenerated,to solve,solve-family,STRONG-TRUE,,,,,,,,,
to solve those limitations,False,Solving_problems_improvements_mitigation,LLMgenerated,to solve,solve-family,STRONG-TRUE,,,,,,,,,
to solve those points,False,Solving_problems_improvements_mitigation,LLMgenerated,to solve,solve-family,STRONG-TRUE,,,,,,,,,
to solve those problems,False,Solving_problems_improvements_mitigation,LLMgenerated,to solve,solve-family,STRONG-TRUE,,,,,,,,,
to solve those symptoms,False,Solving_problems_improvements_mitigation,LLMgenerated,to solve,solve-family,STRONG-TRUE,,,,,,,,,
to soothe these challenges,False,Solving_problems_improvements_mitigation,LLMgenerated,to soothe,soothe-family,STRONG-TRUE,,,,,,,,,
to soothe these conditions,False,Solving_problems_improvements_mitigation,LLMgenerated,to soothe,soothe-family,STRONG-TRUE,,,,,,,,,
to soothe these effects,False,Solving_problems_improvements_mitigation,LLMgenerated,to soothe,soothe-family,STRONG-TRUE,,,,,,,,,
to soothe these issues,False,Solving_problems_improvements_mitigation,LLMgenerated,to soothe,soothe-family,STRONG-TRUE,,,,,,,,,
to soothe these limitations,False,Solving_problems_improvements_mitigation,LLMgenerated,to soothe,soothe-family,STRONG-TRUE,,,,,,,,,
to soothe these problems,False,Solving_problems_improvements_mitigation,LLMgenerated,to soothe,soothe-family,STRONG-TRUE,,,,,,,,,
to soothe these symptoms,False,Solving_problems_improvements_mitigation,LLMgenerated,to soothe,soothe-family,STRONG-TRUE,,,,,,,,,
to soothe this,False,Solving_problems_improvements_mitigation,LLMgenerated,to soothe,soothe-family,STRONG-TRUE,,,,,,,,,
to soothe this challenge,False,Solving_problems_improvements_mitigation,LLMgenerated,to soothe,soothe-family,STRONG-TRUE,,,,,,,,,
to soothe this condition,False,Solving_problems_improvements_mitigation,LLMgenerated,to soothe,soothe-family,STRONG-TRUE,,,,,,,,,
to soothe this disease,False,Solving_problems_improvements_mitigation,LLMgenerated,to soothe,soothe-family,STRONG-TRUE,,,,,,,,,
to soothe this effect,False,Solving_problems_improvements_mitigation,LLMgenerated,to soothe,soothe-family,STRONG-TRUE,,,,,,,,,
to soothe this issue,False,Solving_problems_improvements_mitigation,LLMgenerated,to soothe,soothe-family,STRONG-TRUE,,,,,,,,,
to soothe this limitation,False,Solving_problems_improvements_mitigation,LLMgenerated,to soothe,soothe-family,STRONG-TRUE,,,,,,,,,
to soothe this problem,False,Solving_problems_improvements_mitigation,LLMgenerated,to soothe,soothe-family,STRONG-TRUE,,,,,,,,,
to soothe this symptom,False,Solving_problems_improvements_mitigation,LLMgenerated,to soothe,soothe-family,STRONG-TRUE,,,,,,,,,
to soothe those issues,False,Solving_problems_improvements_mitigation,LLMgenerated,to soothe,soothe-family,STRONG-TRUE,,,,,,,,,
to soothe those problems,False,Solving_problems_improvements_mitigation,LLMgenerated,to soothe,soothe-family,STRONG-TRUE,,,,,,,,,
to soothe those symptoms,False,Solving_problems_improvements_mitigation,LLMgenerated,to soothe,soothe-family,STRONG-TRUE,,,,,,,,,
to surmount the above,False,Solving_problems_improvements_mitigation,LLMgenerated,to surmount,surmount-family,STRONG-TRUE,,,,,,,,,
to surmount the aforementioned limitation,False,Solving_problems_improvements_mitigation,LLMgenerated,to surmount,surmount-family,STRONG-TRUE,,,,,,,,,
to surmount these challenges,False,Solving_problems_improvements_mitigation,LLMgenerated,to surmount,surmount-family,STRONG-TRUE,,,,,,,,,
to surmount these issues,False,Solving_problems_improvements_mitigation,LLMgenerated,to surmount,surmount-family,STRONG-TRUE,,,,,,,,,
to surmount these limitations,False,Solving_problems_improvements_mitigation,LLMgenerated,to surmount,surmount-family,STRONG-TRUE,,,,,,,,,
to surmount this,False,Solving_problems_improvements_mitigation,LLMgenerated,to surmount,surmount-family,STRONG-TRUE,,,,,,,,,
to surmount this issue,False,Solving_problems_improvements_mitigation,LLMgenerated,to surmount,surmount-family,STRONG-TRUE,,,,,,,,,
to surmount this limitation,False,Solving_problems_improvements_mitigation,LLMgenerated,to surmount,surmount-family,STRONG-TRUE,,,,,,,,,
to surmount this problem,False,Solving_problems_improvements_mitigation,LLMgenerated,to surmount,surmount-family,STRONG-TRUE,,,,,,,,,
"to tackle these limitations, we design",False,Solving_problems_improvements_mitigation,LLMgenerated,to tackle,tackle-combined,STRONG-TRUE,,,,,,,,,
"to tackle these limitations, we develop",False,Solving_problems_improvements_mitigation,LLMgenerated,to tackle,tackle-combined,STRONG-TRUE,,,,,,,,,
"to tackle these limitations, we introduce",False,Solving_problems_improvements_mitigation,LLMgenerated,to tackle,tackle-combined,STRONG-TRUE,,,,,,,,,
"to tackle these limitations, we present",False,Solving_problems_improvements_mitigation,LLMgenerated,to tackle,tackle-combined,STRONG-TRUE,,,,,,,,,
"to tackle these limitations, we propose",False,Solving_problems_improvements_mitigation,LLMgenerated,to tackle,tackle-combined,STRONG-TRUE,,,,,,,,,
"to tackle this issue, we design",False,Solving_problems_improvements_mitigation,LLMgenerated,to tackle,tackle-combined,STRONG-TRUE,,,,,,,,,
"to tackle this issue, we develop",False,Solving_problems_improvements_mitigation,LLMgenerated,to tackle,tackle-combined,STRONG-TRUE,,,,,,,,,
"to tackle this issue, we introduce",False,Solving_problems_improvements_mitigation,LLMgenerated,to tackle,tackle-combined,STRONG-TRUE,,,,,,,,,
"to tackle this issue, we present",False,Solving_problems_improvements_mitigation,LLMgenerated,to tackle,tackle-combined,STRONG-TRUE,,,,,,,,,
"to tackle this issue, we propose",False,Solving_problems_improvements_mitigation,LLMgenerated,to tackle,tackle-combined,STRONG-TRUE,,,,,,,,,
"to tackle this limitation, we design",False,Solving_problems_improvements_mitigation,LLMgenerated,to tackle,tackle-combined,STRONG-TRUE,,,,,,,,,
"to tackle this limitation, we develop",False,Solving_problems_improvements_mitigation,LLMgenerated,to tackle,tackle-combined,STRONG-TRUE,,,,,,,,,
"to tackle this limitation, we introduce",False,Solving_problems_improvements_mitigation,LLMgenerated,to tackle,tackle-combined,STRONG-TRUE,,,,,,,,,
"to tackle this limitation, we present",False,Solving_problems_improvements_mitigation,LLMgenerated,to tackle,tackle-combined,STRONG-TRUE,,,,,,,,,
"to tackle this limitation, we propose",False,Solving_problems_improvements_mitigation,LLMgenerated,to tackle,tackle-combined,STRONG-TRUE,,,,,,,,,
"to tackle this, we design",False,Solving_problems_improvements_mitigation,LLMgenerated,to tackle,tackle-combined,STRONG-TRUE,,,,,,,,,
"to tackle this, we develop",False,Solving_problems_improvements_mitigation,LLMgenerated,to tackle,tackle-combined,STRONG-TRUE,,,,,,,,,
"to tackle this, we introduce",False,Solving_problems_improvements_mitigation,LLMgenerated,to tackle,tackle-combined,STRONG-TRUE,,,,,,,,,
"to tackle this, we present",False,Solving_problems_improvements_mitigation,LLMgenerated,to tackle,tackle-combined,STRONG-TRUE,,,,,,,,,
"to tackle this, we propose",False,Solving_problems_improvements_mitigation,LLMgenerated,to tackle,tackle-combined,STRONG-TRUE,,,,,,,,,
tackling these biases,False,Solving_problems_improvements_mitigation,LLMgenerated,to tackle,tackle-family,STRONG-TRUE,,,,,,,,,
tackling these effects,False,Solving_problems_improvements_mitigation,LLMgenerated,to tackle,tackle-family,STRONG-TRUE,,,,,,,,,
tackling these issues,False,Solving_problems_improvements_mitigation,LLMgenerated,to tackle,tackle-family,STRONG-TRUE,,,,,,,,,
tackling these limitations,False,Solving_problems_improvements_mitigation,LLMgenerated,to tackle,tackle-family,STRONG-TRUE,,,,,,,,,
tackling these points,False,Solving_problems_improvements_mitigation,LLMgenerated,to tackle,tackle-family,STRONG-TRUE,,,,,,,,,
tackling these problems,False,Solving_problems_improvements_mitigation,LLMgenerated,to tackle,tackle-family,STRONG-TRUE,,,,,,,,,
tackling these risks,False,Solving_problems_improvements_mitigation,LLMgenerated,to tackle,tackle-family,STRONG-TRUE,,,,,,,,,
tackling this bias,False,Solving_problems_improvements_mitigation,LLMgenerated,to tackle,tackle-family,STRONG-TRUE,,,,,,,,,
tackling this effect,False,Solving_problems_improvements_mitigation,LLMgenerated,to tackle,tackle-family,STRONG-TRUE,,,,,,,,,
tackling this issue,False,Solving_problems_improvements_mitigation,LLMgenerated,to tackle,tackle-family,STRONG-TRUE,,,,,,,,,
tackling this limitation,False,Solving_problems_improvements_mitigation,LLMgenerated,to tackle,tackle-family,STRONG-TRUE,,,,,,,,,
tackling this point,False,Solving_problems_improvements_mitigation,LLMgenerated,to tackle,tackle-family,STRONG-TRUE,,,,,,,,,
tackling this problem,False,Solving_problems_improvements_mitigation,LLMgenerated,to tackle,tackle-family,STRONG-TRUE,,,,,,,,,
tackling this risk,False,Solving_problems_improvements_mitigation,LLMgenerated,to tackle,tackle-family,STRONG-TRUE,,,,,,,,,
tackling those points,False,Solving_problems_improvements_mitigation,LLMgenerated,to tackle,tackle-family,STRONG-TRUE,,,,,,,,,
to tackle the above,False,Solving_problems_improvements_mitigation,LLMgenerated,to tackle,tackle-family,STRONG-TRUE,,,,,,,,,
to tackle the above limitations,False,Solving_problems_improvements_mitigation,LLMgenerated,to tackle,tackle-family,STRONG-TRUE,,,,,,,,,
to tackle the aforementioned limitation,False,Solving_problems_improvements_mitigation,LLMgenerated,to tackle,tackle-family,STRONG-TRUE,,,,,,,,,
to tackle the limitations of this approach,False,Solving_problems_improvements_mitigation,LLMgenerated,to tackle,tackle-family,STRONG-TRUE,,,,,,,,,
to tackle these bias problems,False,Solving_problems_improvements_mitigation,LLMgenerated,to tackle,tackle-family,STRONG-TRUE,,,,,,,,,
to tackle these biases,False,Solving_problems_improvements_mitigation,LLMgenerated,to tackle,tackle-family,STRONG-TRUE,,,,,,,,,
to tackle these challenges,False,Solving_problems_improvements_mitigation,LLMgenerated,to tackle,tackle-family,STRONG-TRUE,,,,,,,,,
to tackle these concerns,False,Solving_problems_improvements_mitigation,LLMgenerated,to tackle,tackle-family,STRONG-TRUE,,,,,,,,,
to tackle these differences,False,Solving_problems_improvements_mitigation,LLMgenerated,to tackle,tackle-family,STRONG-TRUE,,,,,,,,,
to tackle these effects,False,Solving_problems_improvements_mitigation,LLMgenerated,to tackle,tackle-family,STRONG-TRUE,,,,,,,,,
to tackle these issues,False,Solving_problems_improvements_mitigation,LLMgenerated,to tackle,tackle-family,STRONG-TRUE,,,,,,,,,
to tackle these limitations,False,Solving_problems_improvements_mitigation,LLMgenerated,to tackle,tackle-family,STRONG-TRUE,,,,,,,,,
to tackle these points,False,Solving_problems_improvements_mitigation,LLMgenerated,to tackle,tackle-family,STRONG-TRUE,,,,,,,,,
to tackle these possibilities,False,Solving_problems_improvements_mitigation,LLMgenerated,to tackle,tackle-family,STRONG-TRUE,,,,,,,,,
to tackle these potential limitations,False,Solving_problems_improvements_mitigation,LLMgenerated,to tackle,tackle-family,STRONG-TRUE,,,,,,,,,
to tackle these potential limitations and biases,False,Solving_problems_improvements_mitigation,LLMgenerated,to tackle,tackle-family,STRONG-TRUE,,,,,,,,,
to tackle these risks,False,Solving_problems_improvements_mitigation,LLMgenerated,to tackle,tackle-family,STRONG-TRUE,,,,,,,,,
to tackle these symptoms,False,Solving_problems_improvements_mitigation,LLMgenerated,to tackle,tackle-family,STRONG-TRUE,,,,,,,,,
to tackle these threats,False,Solving_problems_improvements_mitigation,LLMgenerated,to tackle,tackle-family,STRONG-TRUE,,,,,,,,,
to tackle this,False,Solving_problems_improvements_mitigation,LLMgenerated,to tackle,tackle-family,STRONG-TRUE,,,,,,,,,
to tackle this bias,False,Solving_problems_improvements_mitigation,LLMgenerated,to tackle,tackle-family,STRONG-TRUE,,,,,,,,,
to tackle this disease,False,Solving_problems_improvements_mitigation,LLMgenerated,to tackle,tackle-family,STRONG-TRUE,,,,,,,,,
to tackle this effect,False,Solving_problems_improvements_mitigation,LLMgenerated,to tackle,tackle-family,STRONG-TRUE,,,,,,,,,
to tackle this issue,False,Solving_problems_improvements_mitigation,LLMgenerated,to tackle,tackle-family,STRONG-TRUE,,,,,,,,,
to tackle this limitation,False,Solving_problems_improvements_mitigation,LLMgenerated,to tackle,tackle-family,STRONG-TRUE,,,,,,,,,
to tackle this point,False,Solving_problems_improvements_mitigation,LLMgenerated,to tackle,tackle-family,STRONG-TRUE,,,,,,,,,
to tackle this possibility,False,Solving_problems_improvements_mitigation,LLMgenerated,to tackle,tackle-family,STRONG-TRUE,,,,,,,,,
to tackle this problem,False,Solving_problems_improvements_mitigation,LLMgenerated,to tackle,tackle-family,STRONG-TRUE,,,,,,,,,
to tackle this risk,False,Solving_problems_improvements_mitigation,LLMgenerated,to tackle,tackle-family,STRONG-TRUE,,,,,,,,,
to tackle this symptom,False,Solving_problems_improvements_mitigation,LLMgenerated,to tackle,tackle-family,STRONG-TRUE,,,,,,,,,
to tackle this threat,False,Solving_problems_improvements_mitigation,LLMgenerated,to tackle,tackle-family,STRONG-TRUE,,,,,,,,,
to tackle those challenges,False,Solving_problems_improvements_mitigation,LLMgenerated,to tackle,tackle-family,STRONG-TRUE,,,,,,,,,
to tackle those issues,False,Solving_problems_improvements_mitigation,LLMgenerated,to tackle,tackle-family,STRONG-TRUE,,,,,,,,,
to tackle those limitations,False,Solving_problems_improvements_mitigation,LLMgenerated,to tackle,tackle-family,STRONG-TRUE,,,,,,,,,
to tackle those points,False,Solving_problems_improvements_mitigation,LLMgenerated,to tackle,tackle-family,STRONG-TRUE,,,,,,,,,
to tackle those problems,False,Solving_problems_improvements_mitigation,LLMgenerated,to tackle,tackle-family,STRONG-TRUE,,,,,,,,,
to tackle those symptoms,False,Solving_problems_improvements_mitigation,LLMgenerated,to tackle,tackle-family,STRONG-TRUE,,,,,,,,,
"for these purposes, we design",False,Solving_problems_improvements_mitigation,LLMgenerated,for these purposes,teleological-family,STRONG-TRUE,,,,,,,,,
"for these purposes, we develop",False,Solving_problems_improvements_mitigation,LLMgenerated,for these purposes,teleological-family,STRONG-TRUE,,,,,,,,,
"for these purposes, we introduce",False,Solving_problems_improvements_mitigation,LLMgenerated,for these purposes,teleological-family,STRONG-TRUE,,,,,,,,,
"for these purposes, we present",False,Solving_problems_improvements_mitigation,LLMgenerated,for these purposes,teleological-family,STRONG-TRUE,,,,,,,,,
"for these purposes, we propose",False,Solving_problems_improvements_mitigation,LLMgenerated,for these purposes,teleological-family,STRONG-TRUE,,,,,,,,,
"for these reasons, we design",False,Solving_problems_improvements_mitigation,LLMgenerated,for these reasons,teleological-family,STRONG-TRUE,,,,,,,,,
"for these reasons, we develop",False,Solving_problems_improvements_mitigation,LLMgenerated,for these reasons,teleological-family,STRONG-TRUE,,,,,,,,,
"for these reasons, we introduce",False,Solving_problems_improvements_mitigation,LLMgenerated,for these reasons,teleological-family,STRONG-TRUE,,,,,,,,,
"for these reasons, we present",False,Solving_problems_improvements_mitigation,LLMgenerated,for these reasons,teleological-family,STRONG-TRUE,,,,,,,,,
"for these reasons, we propose",False,Solving_problems_improvements_mitigation,LLMgenerated,for these reasons,teleological-family,STRONG-TRUE,,,,,,,,,
"for this purpose, we design",False,Solving_problems_improvements_mitigation,LLMgenerated,for this purpose,teleological-family,STRONG-TRUE,,,,,,,,,
"for this purpose, we develop",False,Solving_problems_improvements_mitigation,LLMgenerated,for this purpose,teleological-family,STRONG-TRUE,,,,,,,,,
"for this purpose, we introduce",False,Solving_problems_improvements_mitigation,LLMgenerated,for this purpose,teleological-family,STRONG-TRUE,,,,,,,,,
"for this purpose, we present",False,Solving_problems_improvements_mitigation,LLMgenerated,for this purpose,teleological-family,STRONG-TRUE,,,,,,,,,
"for this purpose, we propose",False,Solving_problems_improvements_mitigation,LLMgenerated,for this purpose,teleological-family,STRONG-TRUE,,,,,,,,,
"for this reason, we design",False,Solving_problems_improvements_mitigation,LLMgenerated,for this reason,teleological-family,STRONG-TRUE,,,,,,,,,
"for this reason, we develop",False,Solving_problems_improvements_mitigation,LLMgenerated,for this reason,teleological-family,STRONG-TRUE,,,,,,,,,
"for this reason, we introduce",False,Solving_problems_improvements_mitigation,LLMgenerated,for this reason,teleological-family,STRONG-TRUE,,,,,,,,,
"for this reason, we present",False,Solving_problems_improvements_mitigation,LLMgenerated,for this reason,teleological-family,STRONG-TRUE,,,,,,,,,
"for this reason, we propose",False,Solving_problems_improvements_mitigation,LLMgenerated,for this reason,teleological-family,STRONG-TRUE,,,,,,,,,
"to that end, we design",False,Solving_problems_improvements_mitigation,LLMgenerated,to that end,teleological-family,STRONG-TRUE,,,,,,,,,
"to that end, we develop",False,Solving_problems_improvements_mitigation,LLMgenerated,to that end,teleological-family,STRONG-TRUE,,,,,,,,,
"to that end, we introduce",False,Solving_problems_improvements_mitigation,LLMgenerated,to that end,teleological-family,STRONG-TRUE,,,,,,,,,
"to that end, we present",False,Solving_problems_improvements_mitigation,LLMgenerated,to that end,teleological-family,STRONG-TRUE,,,,,,,,,
"to that end, we propose",False,Solving_problems_improvements_mitigation,LLMgenerated,to that end,teleological-family,STRONG-TRUE,,,,,,,,,
"to this end, we design",False,Solving_problems_improvements_mitigation,LLMgenerated,to this end,teleological-family,STRONG-TRUE,,,,,,,,,
"to this end, we develop",False,Solving_problems_improvements_mitigation,LLMgenerated,to this end,teleological-family,STRONG-TRUE,,,,,,,,,
"to this end, we introduce",False,Solving_problems_improvements_mitigation,LLMgenerated,to this end,teleological-family,STRONG-TRUE,,,,,,,,,
"to this end, we present",False,Solving_problems_improvements_mitigation,LLMgenerated,to this end,teleological-family,STRONG-TRUE,,,,,,,,,
"to this end, we propose",False,Solving_problems_improvements_mitigation,LLMgenerated,to this end,teleological-family,STRONG-TRUE,,,,,,,,,
"toward this end, we design",False,Solving_problems_improvements_mitigation,LLMgenerated,toward this end,teleological-family,STRONG-TRUE,,,,,,,,,
"toward this end, we develop",False,Solving_problems_improvements_mitigation,LLMgenerated,toward this end,teleological-family,STRONG-TRUE,,,,,,,,,
"toward this end, we introduce",False,Solving_problems_improvements_mitigation,LLMgenerated,toward this end,teleological-family,STRONG-TRUE,,,,,,,,,
"toward this end, we present",False,Solving_problems_improvements_mitigation,LLMgenerated,toward this end,teleological-family,STRONG-TRUE,,,,,,,,,
"toward this end, we propose",False,Solving_problems_improvements_mitigation,LLMgenerated,toward this end,teleological-family,STRONG-TRUE,,,,,,,,,
"toward this goal, we design",False,Solving_problems_improvements_mitigation,LLMgenerated,toward this goal,teleological-family,STRONG-TRUE,,,,,,,,,
"toward this goal, we develop",False,Solving_problems_improvements_mitigation,LLMgenerated,toward this goal,teleological-family,STRONG-TRUE,,,,,,,,,
"toward this goal, we introduce",False,Solving_problems_improvements_mitigation,LLMgenerated,toward this goal,teleological-family,STRONG-TRUE,,,,,,,,,
"toward this goal, we present",False,Solving_problems_improvements_mitigation,LLMgenerated,toward this goal,teleological-family,STRONG-TRUE,,,,,,,,,
"toward this goal, we propose",False,Solving_problems_improvements_mitigation,LLMgenerated,toward this goal,teleological-family,STRONG-TRUE,,,,,,,,,
"towards this end, we design",False,Solving_problems_improvements_mitigation,LLMgenerated,towards this end,teleological-family,STRONG-TRUE,,,,,,,,,
"towards this end, we develop",False,Solving_problems_improvements_mitigation,LLMgenerated,towards this end,teleological-family,STRONG-TRUE,,,,,,,,,
"towards this end, we introduce",False,Solving_problems_improvements_mitigation,LLMgenerated,towards this end,teleological-family,STRONG-TRUE,,,,,,,,,
"towards this end, we present",False,Solving_problems_improvements_mitigation,LLMgenerated,towards this end,teleological-family,STRONG-TRUE,,,,,,,,,
"towards this end, we propose",False,Solving_problems_improvements_mitigation,LLMgenerated,towards this end,teleological-family,STRONG-TRUE,,,,,,,,,
"towards this goal, we design",False,Solving_problems_improvements_mitigation,LLMgenerated,towards this goal,teleological-family,STRONG-TRUE,,,,,,,,,
"towards this goal, we develop",False,Solving_problems_improvements_mitigation,LLMgenerated,towards this goal,teleological-family,STRONG-TRUE,,,,,,,,,
"towards this goal, we introduce",False,Solving_problems_improvements_mitigation,LLMgenerated,towards this goal,teleological-family,STRONG-TRUE,,,,,,,,,
"towards this goal, we present",False,Solving_problems_improvements_mitigation,LLMgenerated,towards this goal,teleological-family,STRONG-TRUE,,,,,,,,,
"towards this goal, we propose",False,Solving_problems_improvements_mitigation,LLMgenerated,towards this goal,teleological-family,STRONG-TRUE,,,,,,,,,
"with this aim in mind, we design",False,Solving_problems_improvements_mitigation,LLMgenerated,with this aim in mind,teleological-family,STRONG-TRUE,,,,,,,,,
"with this aim in mind, we develop",False,Solving_problems_improvements_mitigation,LLMgenerated,with this aim in mind,teleological-family,STRONG-TRUE,,,,,,,,,
"with this aim in mind, we introduce",False,Solving_problems_improvements_mitigation,LLMgenerated,with this aim in mind,teleological-family,STRONG-TRUE,,,,,,,,,
"with this aim in mind, we present",False,Solving_problems_improvements_mitigation,LLMgenerated,with this aim in mind,teleological-family,STRONG-TRUE,,,,,,,,,
"with this aim in mind, we propose",False,Solving_problems_improvements_mitigation,LLMgenerated,with this aim in mind,teleological-family,STRONG-TRUE,,,,,,,,,
"with this aim, we design",False,Solving_problems_improvements_mitigation,LLMgenerated,with this aim,teleological-family,STRONG-TRUE,,,,,,,,,
"with this aim, we develop",False,Solving_problems_improvements_mitigation,LLMgenerated,with this aim,teleological-family,STRONG-TRUE,,,,,,,,,
"with this aim, we introduce",False,Solving_problems_improvements_mitigation,LLMgenerated,with this aim,teleological-family,STRONG-TRUE,,,,,,,,,
"with this aim, we present",False,Solving_problems_improvements_mitigation,LLMgenerated,with this aim,teleological-family,STRONG-TRUE,,,,,,,,,
"with this aim, we propose",False,Solving_problems_improvements_mitigation,LLMgenerated,with this aim,teleological-family,STRONG-TRUE,,,,,,,,,
"with this goal in mind, we design",False,Solving_problems_improvements_mitigation,LLMgenerated,with this goal in mind,teleological-family,STRONG-TRUE,,,,,,,,,
"with this goal in mind, we develop",False,Solving_problems_improvements_mitigation,LLMgenerated,with this goal in mind,teleological-family,STRONG-TRUE,,,,,,,,,
"with this goal in mind, we introduce",False,Solving_problems_improvements_mitigation,LLMgenerated,with this goal in mind,teleological-family,STRONG-TRUE,,,,,,,,,
"with this goal in mind, we present",False,Solving_problems_improvements_mitigation,LLMgenerated,with this goal in mind,teleological-family,STRONG-TRUE,,,,,,,,,
"with this goal in mind, we propose",False,Solving_problems_improvements_mitigation,LLMgenerated,with this goal in mind,teleological-family,STRONG-TRUE,,,,,,,,,
"with this in mind, we design",False,Solving_problems_improvements_mitigation,LLMgenerated,with this in mind,teleological-family,STRONG-TRUE,,,,,,,,,
"with this in mind, we develop",False,Solving_problems_improvements_mitigation,LLMgenerated,with this in mind,teleological-family,STRONG-TRUE,,,,,,,,,
"with this in mind, we introduce",False,Solving_problems_improvements_mitigation,LLMgenerated,with this in mind,teleological-family,STRONG-TRUE,,,,,,,,,
"with this in mind, we present",False,Solving_problems_improvements_mitigation,LLMgenerated,with this in mind,teleological-family,STRONG-TRUE,,,,,,,,,
"with this in mind, we propose",False,Solving_problems_improvements_mitigation,LLMgenerated,with this in mind,teleological-family,STRONG-TRUE,,,,,,,,,
"with this motivation, we design",False,Solving_problems_improvements_mitigation,LLMgenerated,with this motivation,teleological-family,STRONG-TRUE,,,,,,,,,
"with this motivation, we develop",False,Solving_problems_improvements_mitigation,LLMgenerated,with this motivation,teleological-family,STRONG-TRUE,,,,,,,,,
"with this motivation, we introduce",False,Solving_problems_improvements_mitigation,LLMgenerated,with this motivation,teleological-family,STRONG-TRUE,,,,,,,,,
"with this motivation, we present",False,Solving_problems_improvements_mitigation,LLMgenerated,with this motivation,teleological-family,STRONG-TRUE,,,,,,,,,
"with this motivation, we propose",False,Solving_problems_improvements_mitigation,LLMgenerated,with this motivation,teleological-family,STRONG-TRUE,,,,,,,,,
"with this objective, we design",False,Solving_problems_improvements_mitigation,LLMgenerated,with this objective,teleological-family,STRONG-TRUE,,,,,,,,,
"with this objective, we develop",False,Solving_problems_improvements_mitigation,LLMgenerated,with this objective,teleological-family,STRONG-TRUE,,,,,,,,,
"with this objective, we introduce",False,Solving_problems_improvements_mitigation,LLMgenerated,with this objective,teleological-family,STRONG-TRUE,,,,,,,,,
"with this objective, we present",False,Solving_problems_improvements_mitigation,LLMgenerated,with this objective,teleological-family,STRONG-TRUE,,,,,,,,,
"with this objective, we propose",False,Solving_problems_improvements_mitigation,LLMgenerated,with this objective,teleological-family,STRONG-TRUE,,,,,,,,,
we design a method to address these limitations,False,Solving_problems_improvements_mitigation,LLMgenerated,we propose ... to address this,trailing-purposive,STRONG-TRUE,,,,,,,,,
we design a method to address this,False,Solving_problems_improvements_mitigation,LLMgenerated,we propose ... to address this,trailing-purposive,STRONG-TRUE,,,,,,,,,
we design a method to address this issue,False,Solving_problems_improvements_mitigation,LLMgenerated,we propose ... to address this,trailing-purposive,STRONG-TRUE,,,,,,,,,
we design a method to address this limitation,False,Solving_problems_improvements_mitigation,LLMgenerated,we propose ... to address this,trailing-purposive,STRONG-TRUE,,,,,,,,,
we design a method to alleviate these limitations,False,Solving_problems_improvements_mitigation,LLMgenerated,we propose ... to alleviate this,trailing-purposive,STRONG-TRUE,,,,,,,,,
we design a method to alleviate this,False,Solving_problems_improvements_mitigation,LLMgenerated,we propose ... to alleviate this,trailing-purposive,STRONG-TRUE,,,,,,,,,
we design a method to alleviate this issue,False,Solving_problems_improvements_mitigation,LLMgenerated,we propose ... to alleviate this,trailing-purposive,STRONG-TRUE,,,,,,,,,
we design a method to alleviate this limitation,False,Solving_problems_improvements_mitigation,LLMgenerated,we propose ... to alleviate this,trailing-purposive,STRONG-TRUE,,,,,,,,,
we design a method to circumvent these limitations,False,Solving_problems_improvements_mitigation,LLMgenerated,we propose ... to circumvent this,trailing-purposive,STRONG-TRUE,,,,,,,,,
we design a method to circumvent this,False,Solving_problems_improvements_mitigation,LLMgenerated,we propose ... to circumvent this,trailing-purposive,STRONG-TRUE,,,,,,,,,
we design a method to circumvent this issue,False,Solving_problems_improvements_mitigation,LLMgenerated,we propose ... to circumvent this,trailing-purposive,STRONG-TRUE,,,,,,,,,
we design a method to circumvent this limitation,False,Solving_problems_improvements_mitigation,LLMgenerated,we propose ... to circumvent this,trailing-purposive,STRONG-TRUE,,,,,,,,,
we design a method to combat these limitations,False,Solving_problems_improvements_mitigation,LLMgenerated,we propose ... to combat this,trailing-purposive,STRONG-TRUE,,,,,,,,,
we design a method to combat this,False,Solving_problems_improvements_mitigation,LLMgenerated,we propose ... to combat this,trailing-purposive,STRONG-TRUE,,,,,,,,,
we design a method to combat this issue,False,Solving_problems_improvements_mitigation,LLMgenerated,we propose ... to combat this,trailing-purposive,STRONG-TRUE,,,,,,,,,
we design a method to combat this limitation,False,Solving_problems_improvements_mitigation,LLMgenerated,we propose ... to combat this,trailing-purposive,STRONG-TRUE,,,,,,,,,
we design a method to counter these limitations,False,Solving_problems_improvements_mitigation,LLMgenerated,we propose ... to counter this,trailing-purposive,STRONG-TRUE,,,,,,,,,
we design a method to counter this,False,Solving_problems_improvements_mitigation,LLMgenerated,we propose ... to counter this,trailing-purposive,STRONG-TRUE,,,,,,,,,
we design a method to counter this issue,False,Solving_problems_improvements_mitigation,LLMgenerated,we propose ... to counter this,trailing-purposive,STRONG-TRUE,,,,,,,,,
we design a method to counter this limitation,False,Solving_problems_improvements_mitigation,LLMgenerated,we propose ... to counter this,trailing-purposive,STRONG-TRUE,,,,,,,,,
we design a method to fix these limitations,False,Solving_problems_improvements_mitigation,LLMgenerated,we propose ... to fix this,trailing-purposive,STRONG-TRUE,,,,,,,,,
we design a method to fix this,False,Solving_problems_improvements_mitigation,LLMgenerated,we propose ... to fix this,trailing-purposive,STRONG-TRUE,,,,,,,,,
we design a method to fix this issue,False,Solving_problems_improvements_mitigation,LLMgenerated,we propose ... to fix this,trailing-purposive,STRONG-TRUE,,,,,,,,,
we design a method to fix this limitation,False,Solving_problems_improvements_mitigation,LLMgenerated,we propose ... to fix this,trailing-purposive,STRONG-TRUE,,,,,,,,,
we design a method to handle these limitations,False,Solving_problems_improvements_mitigation,LLMgenerated,we propose ... to handle this,trailing-purposive,STRONG-TRUE,,,,,,,,,
we design a method to handle this,False,Solving_problems_improvements_mitigation,LLMgenerated,we propose ... to handle this,trailing-purposive,STRONG-TRUE,,,,,,,,,
we design a method to handle this issue,False,Solving_problems_improvements_mitigation,LLMgenerated,we propose ... to handle this,trailing-purposive,STRONG-TRUE,,,,,,,,,
we design a method to handle this limitation,False,Solving_problems_improvements_mitigation,LLMgenerated,we propose ... to handle this,trailing-purposive,STRONG-TRUE,,,,,,,,,
we design a method to mitigate these limitations,False,Solving_problems_improvements_mitigation,LLMgenerated,we propose ... to mitigate this,trailing-purposive,STRONG-TRUE,,,,,,,,,
we design a method to mitigate this,False,Solving_problems_improvements_mitigation,LLMgenerated,we propose ... to mitigate this,trailing-purposive,STRONG-TRUE,,,,,,,,,
we design a method to mitigate this issue,False,Solving_problems_improvements_mitigation,LLMgenerated,we propose ... to mitigate this,trailing-purposive,STRONG-TRUE,,,,,,,,,
we design a method to mitigate this limitation,False,Solving_problems_improvements_mitigation,LLMgenerated,we propose ... to mitigate this,trailing-purposive,STRONG-TRUE,,,,,,,,,
we design a method to overcome these limitations,False,Solving_problems_improvements_mitigation,LLMgenerated,we propose ... to overcome this,trailing-purposive,STRONG-TRUE,,,,,,,,,
we design a method to overcome this,False,Solving_problems_improvements_mitigation,LLMgenerated,we propose ... to overcome this,trailing-purposive,STRONG-TRUE,,,,,,,,,
we design a method to overcome this issue,False,Solving_problems_improvements_mitigation,LLMgenerated,we propose ... to overcome this,trailing-purposive,STRONG-TRUE,,,,,,,,,
we design a method to overcome this limitation,False,Solving_problems_improvements_mitigation,LLMgenerated,we propose ... to overcome this,trailing-purposive,STRONG-TRUE,,,,,,,,,
we design a method to remedy these limitations,False,Solving_problems_improvements_mitigation,LLMgenerated,we propose ... to remedy this,trailing-purposive,STRONG-TRUE,,,,,,,,,
we design a method to remedy this,False,Solving_problems_improvements_mitigation,LLMgenerated,we propose ... to remedy this,trailing-purposive,STRONG-TRUE,,,,,,,,,
we design a method to remedy this issue,False,Solving_problems_improvements_mitigation,LLMgenerated,we propose ... to remedy this,trailing-purposive,STRONG-TRUE,,,,,,,,,
we design a method to remedy this limitation,False,Solving_problems_improvements_mitigation,LLMgenerated,we propose ... to remedy this,trailing-purposive,STRONG-TRUE,,,,,,,,,
we design a method to resolve these limitations,False,Solving_problems_improvements_mitigation,LLMgenerated,we propose ... to resolve this,trailing-purposive,STRONG-TRUE,,,,,,,,,
we design a method to resolve this,False,Solving_problems_improvements_mitigation,LLMgenerated,we propose ... to resolve this,trailing-purposive,STRONG-TRUE,,,,,,,,,
we design a method to resolve this issue,False,Solving_problems_improvements_mitigation,LLMgenerated,we propose ... to resolve this,trailing-purposive,STRONG-TRUE,,,,,,,,,
we design a method to resolve this limitation,False,Solving_problems_improvements_mitigation,LLMgenerated,we propose ... to resolve this,trailing-purposive,STRONG-TRUE,,,,,,,,,
we design a method to solve these limitations,False,Solving_problems_improvements_mitigation,LLMgenerated,we propose ... to solve this,trailing-purposive,STRONG-TRUE,,,,,,,,,
we design a method to solve this,False,Solving_problems_improvements_mitigation,LLMgenerated,we propose ... to solve this,trailing-purposive,STRONG-TRUE,,,,,,,,,
we design a method to solve this issue,False,Solving_problems_improvements_mitigation,LLMgenerated,we propose ... to solve this,trailing-purposive,STRONG-TRUE,,,,,,,,,
we design a method to solve this limitation,False,Solving_problems_improvements_mitigation,LLMgenerated,we propose ... to solve this,trailing-purposive,STRONG-TRUE,,,,,,,,,
we design a method to tackle these limitations,False,Solving_problems_improvements_mitigation,LLMgenerated,we propose ... to tackle this,trailing-purposive,STRONG-TRUE,,,,,,,,,
we design a method to tackle this,False,Solving_problems_improvements_mitigation,LLMgenerated,we propose ... to tackle this,trailing-purposive,STRONG-TRUE,,,,,,,,,
we design a method to tackle this issue,False,Solving_problems_improvements_mitigation,LLMgenerated,we propose ... to tackle this,trailing-purposive,STRONG-TRUE,,,,,,,,,
we design a method to tackle this limitation,False,Solving_problems_improvements_mitigation,LLMgenerated,we propose ... to tackle this,trailing-purposive,STRONG-TRUE,,,,,,,,,
we develop a method to address these limitations,False,Solving_problems_improvements_mitigation,LLMgenerated,we propose ... to address this,trailing-purposive,STRONG-TRUE,,,,,,,,,
we develop a method to address this,False,Solving_problems_improvements_mitigation,LLMgenerated,we propose ... to address this,trailing-purposive,STRONG-TRUE,,,,,,,,,
we develop a method to address this issue,False,Solving_problems_improvements_mitigation,LLMgenerated,we propose ... to address this,trailing-purposive,STRONG-TRUE,,,,,,,,,
we develop a method to address this limitation,False,Solving_problems_improvements_mitigation,LLMgenerated,we propose ... to address this,trailing-purposive,STRONG-TRUE,,,,,,,,,
we develop a method to alleviate these limitations,False,Solving_problems_improvements_mitigation,LLMgenerated,we propose ... to alleviate this,trailing-purposive,STRONG-TRUE,,,,,,,,,
we develop a method to alleviate this,False,Solving_problems_improvements_mitigation,LLMgenerated,we propose ... to alleviate this,trailing-purposive,STRONG-TRUE,,,,,,,,,
we develop a method to alleviate this issue,False,Solving_problems_improvements_mitigation,LLMgenerated,we propose ... to alleviate this,trailing-purposive,STRONG-TRUE,,,,,,,,,
we develop a method to alleviate this limitation,False,Solving_problems_improvements_mitigation,LLMgenerated,we propose ... to alleviate this,trailing-purposive,STRONG-TRUE,,,,,,,,,
we develop a method to circumvent these limitations,False,Solving_problems_improvements_mitigation,LLMgenerated,we propose ... to circumvent this,trailing-purposive,STRONG-TRUE,,,,,,,,,
we develop a method to circumvent this,False,Solving_problems_improvements_mitigation,LLMgenerated,we propose ... to circumvent this,trailing-purposive,STRONG-TRUE,,,,,,,,,
we develop a method to circumvent this issue,False,Solving_problems_improvements_mitigation,LLMgenerated,we propose ... to circumvent this,trailing-purposive,STRONG-TRUE,,,,,,,,,
we develop a method to circumvent this limitation,False,Solving_problems_improvements_mitigation,LLMgenerated,we propose ... to circumvent this,trailing-purposive,STRONG-TRUE,,,,,,,,,
we develop a method to combat these limitations,False,Solving_problems_improvements_mitigation,LLMgenerated,we propose ... to combat this,trailing-purposive,STRONG-TRUE,,,,,,,,,
we develop a method to combat this,False,Solving_problems_improvements_mitigation,LLMgenerated,we propose ... to combat this,trailing-purposive,STRONG-TRUE,,,,,,,,,
we develop a method to combat this issue,False,Solving_problems_improvements_mitigation,LLMgenerated,we propose ... to combat this,trailing-purposive,STRONG-TRUE,,,,,,,,,
we develop a method to combat this limitation,False,Solving_problems_improvements_mitigation,LLMgenerated,we propose ... to combat this,trailing-purposive,STRONG-TRUE,,,,,,,,,
we develop a method to counter these limitations,False,Solving_problems_improvements_mitigation,LLMgenerated,we propose ... to counter this,trailing-purposive,STRONG-TRUE,,,,,,,,,
we develop a method to counter this,False,Solving_problems_improvements_mitigation,LLMgenerated,we propose ... to counter this,trailing-purposive,STRONG-TRUE,,,,,,,,,
we develop a method to counter this issue,False,Solving_problems_improvements_mitigation,LLMgenerated,we propose ... to counter this,trailing-purposive,STRONG-TRUE,,,,,,,,,
we develop a method to counter this limitation,False,Solving_problems_improvements_mitigation,LLMgenerated,we propose ... to counter this,trailing-purposive,STRONG-TRUE,,,,,,,,,
we develop a method to fix these limitations,False,Solving_problems_improvements_mitigation,LLMgenerated,we propose ... to fix this,trailing-purposive,STRONG-TRUE,,,,,,,,,
we develop a method to fix this,False,Solving_problems_improvements_mitigation,LLMgenerated,we propose ... to fix this,trailing-purposive,STRONG-TRUE,,,,,,,,,
we develop a method to fix this issue,False,Solving_problems_improvements_mitigation,LLMgenerated,we propose ... to fix this,trailing-purposive,STRONG-TRUE,,,,,,,,,
we develop a method to fix this limitation,False,Solving_problems_improvements_mitigation,LLMgenerated,we propose ... to fix this,trailing-purposive,STRONG-TRUE,,,,,,,,,
we develop a method to handle these limitations,False,Solving_problems_improvements_mitigation,LLMgenerated,we propose ... to handle this,trailing-purposive,STRONG-TRUE,,,,,,,,,
we develop a method to handle this,False,Solving_problems_improvements_mitigation,LLMgenerated,we propose ... to handle this,trailing-purposive,STRONG-TRUE,,,,,,,,,
we develop a method to handle this issue,False,Solving_problems_improvements_mitigation,LLMgenerated,we propose ... to handle this,trailing-purposive,STRONG-TRUE,,,,,,,,,
we develop a method to handle this limitation,False,Solving_problems_improvements_mitigation,LLMgenerated,we propose ... to handle this,trailing-purposive,STRONG-TRUE,,,,,,,,,
we develop a method to mitigate these limitations,False,Solving_problems_improvements_mitigation,LLMgenerated,we propose ... to mitigate this,trailing-purposive,STRONG-TRUE,,,,,,,,,
we develop a method to mitigate this,False,Solving_problems_improvements_mitigation,LLMgenerated,we propose ... to mitigate this,trailing-purposive,STRONG-TRUE,,,,,,,,,
we develop a method to mitigate this issue,False,Solving_problems_improvements_mitigation,LLMgenerated,we propose ... to mitigate this,trailing-purposive,STRONG-TRUE,,,,,,,,,
we develop a method to mitigate this limitation,False,Solving_problems_improvements_mitigation,LLMgenerated,we propose ... to mitigate this,trailing-purposive,STRONG-TRUE,,,,,,,,,
we develop a method to overcome these limitations,False,Solving_problems_improvements_mitigation,LLMgenerated,we propose ... to overcome this,trailing-purposive,STRONG-TRUE,,,,,,,,,
we develop a method to overcome this,False,Solving_problems_improvements_mitigation,LLMgenerated,we propose ... to overcome this,trailing-purposive,STRONG-TRUE,,,,,,,,,
we develop a method to overcome this issue,False,Solving_problems_improvements_mitigation,LLMgenerated,we propose ... to overcome this,trailing-purposive,STRONG-TRUE,,,,,,,,,
we develop a method to overcome this limitation,False,Solving_problems_improvements_mitigation,LLMgenerated,we propose ... to overcome this,trailing-purposive,STRONG-TRUE,,,,,,,,,
we develop a method to remedy these limitations,False,Solving_problems_improvements_mitigation,LLMgenerated,we propose ... to remedy this,trailing-purposive,STRONG-TRUE,,,,,,,,,
we develop a method to remedy this,False,Solving_problems_improvements_mitigation,LLMgenerated,we propose ... to remedy this,trailing-purposive,STRONG-TRUE,,,,,,,,,
we develop a method to remedy this issue,False,Solving_problems_improvements_mitigation,LLMgenerated,we propose ... to remedy this,trailing-purposive,STRONG-TRUE,,,,,,,,,
we develop a method to remedy this limitation,False,Solving_problems_improvements_mitigation,LLMgenerated,we propose ... to remedy this,trailing-purposive,STRONG-TRUE,,,,,,,,,
we develop a method to resolve these limitations,False,Solving_problems_improvements_mitigation,LLMgenerated,we propose ... to resolve this,trailing-purposive,STRONG-TRUE,,,,,,,,,
we develop a method to resolve this,False,Solving_problems_improvements_mitigation,LLMgenerated,we propose ... to resolve this,trailing-purposive,STRONG-TRUE,,,,,,,,,
we develop a method to resolve this issue,False,Solving_problems_improvements_mitigation,LLMgenerated,we propose ... to resolve this,trailing-purposive,STRONG-TRUE,,,,,,,,,
we develop a method to resolve this limitation,False,Solving_problems_improvements_mitigation,LLMgenerated,we propose ... to resolve this,trailing-purposive,STRONG-TRUE,,,,,,,,,
we develop a method to solve these limitations,False,Solving_problems_improvements_mitigation,LLMgenerated,we propose ... to solve this,trailing-purposive,STRONG-TRUE,,,,,,,,,
we develop a method to solve this,False,Solving_problems_improvements_mitigation,LLMgenerated,we propose ... to solve this,trailing-purposive,STRONG-TRUE,,,,,,,,,
we develop a method to solve this issue,False,Solving_problems_improvements_mitigation,LLMgenerated,we propose ... to solve this,trailing-purposive,STRONG-TRUE,,,,,,,,,
we develop a method to solve this limitation,False,Solving_problems_improvements_mitigation,LLMgenerated,we propose ... to solve this,trailing-purposive,STRONG-TRUE,,,,,,,,,
we develop a method to tackle these limitations,False,Solving_problems_improvements_mitigation,LLMgenerated,we propose ... to tackle this,trailing-purposive,STRONG-TRUE,,,,,,,,,
we develop a method to tackle this,False,Solving_problems_improvements_mitigation,LLMgenerated,we propose ... to tackle this,trailing-purposive,STRONG-TRUE,,,,,,,,,
we develop a method to tackle this issue,False,Solving_problems_improvements_mitigation,LLMgenerated,we propose ... to tackle this,trailing-purposive,STRONG-TRUE,,,,,,,,,
we develop a method to tackle this limitation,False,Solving_problems_improvements_mitigation,LLMgenerated,we propose ... to tackle this,trailing-purposive,STRONG-TRUE,,,,,,,,,
we introduce a method to address these limitations,False,Solving_problems_improvements_mitigation,LLMgenerated,we propose ... to address this,trailing-purposive,STRONG-TRUE,,,,,,,,,
we introduce a method to address this,False,Solving_problems_improvements_mitigation,LLMgenerated,we propose ... to address this,trailing-purposive,STRONG-TRUE,,,,,,,,,
we introduce a method to address this issue,False,Solving_problems_improvements_mitigation,LLMgenerated,we propose ... to address this,trailing-purposive,STRONG-TRUE,,,,,,,,,
we introduce a method to address this limitation,False,Solving_problems_improvements_mitigation,LLMgenerated,we propose ... to address this,trailing-purposive,STRONG-TRUE,,,,,,,,,
we introduce a method to alleviate these limitations,False,Solving_problems_improvements_mitigation,LLMgenerated,we propose ... to alleviate this,trailing-purposive,STRONG-TRUE,,,,,,,,,
we introduce a method to alleviate this,False,Solving_problems_improvements_mitigation,LLMgenerated,we propose ... to alleviate this,trailing-purposive,STRONG-TRUE,,,,,,,,,
we introduce a method to alleviate this issue,False,Solving_problems_improvements_mitigation,LLMgenerated,we propose ... to alleviate this,trailing-purposive,STRONG-TRUE,,,,,,,,,
we introduce a method to alleviate this limitation,False,Solving_problems_improvements_mitigation,LLMgenerated,we propose ... to alleviate this,trailing-purposive,STRONG-TRUE,,,,,,,,,
we introduce a method to circumvent these limitations,False,Solving_problems_improvements_mitigation,LLMgenerated,we propose ... to circumvent this,trailing-purposive,STRONG-TRUE,,,,,,,,,
we introduce a method to circumvent this,False,Solving_problems_improvements_mitigation,LLMgenerated,we propose ... to circumvent this,trailing-purposive,STRONG-TRUE,,,,,,,,,
we introduce a method to circumvent this issue,False,Solving_problems_improvements_mitigation,LLMgenerated,we propose ... to circumvent this,trailing-purposive,STRONG-TRUE,,,,,,,,,
we introduce a method to circumvent this limitation,False,Solving_problems_improvements_mitigation,LLMgenerated,we propose ... to circumvent this,trailing-purposive,STRONG-TRUE,,,,,,,,,
we introduce a method to combat these limitations,False,Solving_problems_improvements_mitigation,LLMgenerated,we propose ... to combat this,trailing-purposive,STRONG-TRUE,,,,,,,,,
we introduce a method to combat this,False,Solving_problems_improvements_mitigation,LLMgenerated,we propose ... to combat this,trailing-purposive,STRONG-TRUE,,,,,,,,,
we introduce a method to combat this issue,False,Solving_problems_improvements_mitigation,LLMgenerated,we propose ... to combat this,trailing-purposive,STRONG-TRUE,,,,,,,,,
we introduce a method to combat this limitation,False,Solving_problems_improvements_mitigation,LLMgenerated,we propose ... to combat this,trailing-purposive,STRONG-TRUE,,,,,,,,,
we introduce a method to counter these limitations,False,Solving_problems_improvements_mitigation,LLMgenerated,we propose ... to counter this,trailing-purposive,STRONG-TRUE,,,,,,,,,
we introduce a method to counter this,False,Solving_problems_improvements_mitigation,LLMgenerated,we propose ... to counter this,trailing-purposive,STRONG-TRUE,,,,,,,,,
we introduce a method to counter this issue,False,Solving_problems_improvements_mitigation,LLMgenerated,we propose ... to counter this,trailing-purposive,STRONG-TRUE,,,,,,,,,
we introduce a method to counter this limitation,False,Solving_problems_improvements_mitigation,LLMgenerated,we propose ... to counter this,trailing-purposive,STRONG-TRUE,,,,,,,,,
we introduce a method to fix these limitations,False,Solving_problems_improvements_mitigation,LLMgenerated,we propose ... to fix this,trailing-purposive,STRONG-TRUE,,,,,,,,,
we introduce a method to fix this,False,Solving_problems_improvements_mitigation,LLMgenerated,we propose ... to fix this,trailing-purposive,STRONG-TRUE,,,,,,,,,
we introduce a method to fix this issue,False,Solving_problems_improvements_mitigation,LLMgenerated,we propose ... to fix this,trailing-purposive,STRONG-TRUE,,,,,,,,,
we introduce a method to fix this limitation,False,Solving_problems_improvements_mitigation,LLMgenerated,we propose ... to fix this,trailing-purposive,STRONG-TRUE,,,,,,,,,
we introduce a method to handle these limitations,False,Solving_problems_improvements_mitigation,LLMgenerated,we propose ... to handle this,trailing-purposive,STRONG-TRUE,,,,,,,,,
we introduce a method to handle this,False,Solving_problems_improvements_mitigation,LLMgenerated,we propose ... to handle this,trailing-purposive,STRONG-TRUE,,,,,,,,,
we introduce a method to handle this issue,False,Solving_problems_improvements_mitigation,LLMgenerated,we propose ... to handle this,trailing-purposive,STRONG-TRUE,,,,,,,,,
we introduce a method to handle this limitation,False,Solving_problems_improvements_mitigation,LLMgenerated,we propose ... to handle this,trailing-purposive,STRONG-TRUE,,,,,,,,,
we introduce a method to mitigate these limitations,False,Solving_problems_improvements_mitigation,LLMgenerated,we propose ... to mitigate this,trailing-purposive,STRONG-TRUE,,,,,,,,,
we introduce a method to mitigate this,False,Solving_problems_improvements_mitigation,LLMgenerated,we propose ... to mitigate this,trailing-purposive,STRONG-TRUE,,,,,,,,,
we introduce a method to mitigate this issue,False,Solving_problems_improvements_mitigation,LLMgenerated,we propose ... to mitigate this,trailing-purposive,STRONG-TRUE,,,,,,,,,
we introduce a method to mitigate this limitation,False,Solving_problems_improvements_mitigation,LLMgenerated,we propose ... to mitigate this,trailing-purposive,STRONG-TRUE,,,,,,,,,
we introduce a method to overcome these limitations,False,Solving_problems_improvements_mitigation,LLMgenerated,we propose ... to overcome this,trailing-purposive,STRONG-TRUE,,,,,,,,,
we introduce a method to overcome this,False,Solving_problems_improvements_mitigation,LLMgenerated,we propose ... to overcome this,trailing-purposive,STRONG-TRUE,,,,,,,,,
we introduce a method to overcome this issue,False,Solving_problems_improvements_mitigation,LLMgenerated,we propose ... to overcome this,trailing-purposive,STRONG-TRUE,,,,,,,,,
we introduce a method to overcome this limitation,False,Solving_problems_improvements_mitigation,LLMgenerated,we propose ... to overcome this,trailing-purposive,STRONG-TRUE,,,,,,,,,
we introduce a method to remedy these limitations,False,Solving_problems_improvements_mitigation,LLMgenerated,we propose ... to remedy this,trailing-purposive,STRONG-TRUE,,,,,,,,,
we introduce a method to remedy this,False,Solving_problems_improvements_mitigation,LLMgenerated,we propose ... to remedy this,trailing-purposive,STRONG-TRUE,,,,,,,,,
we introduce a method to remedy this issue,False,Solving_problems_improvements_mitigation,LLMgenerated,we propose ... to remedy this,trailing-purposive,STRONG-TRUE,,,,,,,,,
we introduce a method to remedy this limitation,False,Solving_problems_improvements_mitigation,LLMgenerated,we propose ... to remedy this,trailing-purposive,STRONG-TRUE,,,,,,,,,
we introduce a method to resolve these limitations,False,Solving_problems_improvements_mitigation,LLMgenerated,we propose ... to resolve this,trailing-purposive,STRONG-TRUE,,,,,,,,,
we introduce a method to resolve this,False,Solving_problems_improvements_mitigation,LLMgenerated,we propose ... to resolve this,trailing-purposive,STRONG-TRUE,,,,,,,,,
we introduce a method to resolve this issue,False,Solving_problems_improvements_mitigation,LLMgenerated,we propose ... to resolve this,trailing-purposive,STRONG-TRUE,,,,,,,,,
we introduce a method to resolve this limitation,False,Solving_problems_improvements_mitigation,LLMgenerated,we propose ... to resolve this,trailing-purposive,STRONG-TRUE,,,,,,,,,
we introduce a method to solve these limitations,False,Solving_problems_improvements_mitigation,LLMgenerated,we propose ... to solve this,trailing-purposive,STRONG-TRUE,,,,,,,,,
we introduce a method to solve this,False,Solving_problems_improvements_mitigation,LLMgenerated,we propose ... to solve this,trailing-purposive,STRONG-TRUE,,,,,,,,,
we introduce a method to solve this issue,False,Solving_problems_improvements_mitigation,LLMgenerated,we propose ... to solve this,trailing-purposive,STRONG-TRUE,,,,,,,,,
we introduce a method to solve this limitation,False,Solving_problems_improvements_mitigation,LLMgenerated,we propose ... to solve this,trailing-purposive,STRONG-TRUE,,,,,,,,,
we introduce a method to tackle these limitations,False,Solving_problems_improvements_mitigation,LLMgenerated,we propose ... to tackle this,trailing-purposive,STRONG-TRUE,,,,,,,,,
we introduce a method to tackle this,False,Solving_problems_improvements_mitigation,LLMgenerated,we propose ... to tackle this,trailing-purposive,STRONG-TRUE,,,,,,,,,
we introduce a method to tackle this issue,False,Solving_problems_improvements_mitigation,LLMgenerated,we propose ... to tackle this,trailing-purposive,STRONG-TRUE,,,,,,,,,
we introduce a method to tackle this limitation,False,Solving_problems_improvements_mitigation,LLMgenerated,we propose ... to tackle this,trailing-purposive,STRONG-TRUE,,,,,,,,,
we present a method to address these limitations,False,Solving_problems_improvements_mitigation,LLMgenerated,we propose ... to address this,trailing-purposive,STRONG-TRUE,,,,,,,,,
we present a method to address this,False,Solving_problems_improvements_mitigation,LLMgenerated,we propose ... to address this,trailing-purposive,STRONG-TRUE,,,,,,,,,
we present a method to address this issue,False,Solving_problems_improvements_mitigation,LLMgenerated,we propose ... to address this,trailing-purposive,STRONG-TRUE,,,,,,,,,
we present a method to address this limitation,False,Solving_problems_improvements_mitigation,LLMgenerated,we propose ... to address this,trailing-purposive,STRONG-TRUE,,,,,,,,,
we present a method to alleviate these limitations,False,Solving_problems_improvements_mitigation,LLMgenerated,we propose ... to alleviate this,trailing-purposive,STRONG-TRUE,,,,,,,,,
we present a method to alleviate this,False,Solving_problems_improvements_mitigation,LLMgenerated,we propose ... to alleviate this,trailing-purposive,STRONG-TRUE,,,,,,,,,
we present a method to alleviate this issue,False,Solving_problems_improvements_mitigation,LLMgenerated,we propose ... to alleviate this,trailing-purposive,STRONG-TRUE,,,,,,,,,
we present a method to alleviate this limitation,False,Solving_problems_improvements_mitigation,LLMgenerated,we propose ... to alleviate this,trailing-purposive,STRONG-TRUE,,,,,,,,,
we present a method to circumvent these limitations,False,Solving_problems_improvements_mitigation,LLMgenerated,we propose ... to circumvent this,trailing-purposive,STRONG-TRUE,,,,,,,,,
we present a method to circumvent this,False,Solving_problems_improvements_mitigation,LLMgenerated,we propose ... to circumvent this,trailing-purposive,STRONG-TRUE,,,,,,,,,
we present a method to circumvent this issue,False,Solving_problems_improvements_mitigation,LLMgenerated,we propose ... to circumvent this,trailing-purposive,STRONG-TRUE,,,,,,,,,
we present a method to circumvent this limitation,False,Solving_problems_improvements_mitigation,LLMgenerated,we propose ... to circumvent this,trailing-purposive,STRONG-TRUE,,,,,,,,,
we present a method to combat these limitations,False,Solving_problems_improvements_mitigation,LLMgenerated,we propose ... to combat this,trailing-purposive,STRONG-TRUE,,,,,,,,,
we present a method to combat this,False,Solving_problems_improvements_mitigation,LLMgenerated,we propose ... to combat this,trailing-purposive,STRONG-TRUE,,,,,,,,,
we present a method to combat this issue,False,Solving_problems_improvements_mitigation,LLMgenerated,we propose ... to combat this,trailing-purposive,STRONG-TRUE,,,,,,,,,
we present a method to combat this limitation,False,Solving_problems_improvements_mitigation,LLMgenerated,we propose ... to combat this,trailing-purposive,STRONG-TRUE,,,,,,,,,
we present a method to counter these limitations,False,Solving_problems_improvements_mitigation,LLMgenerated,we propose ... to counter this,trailing-purposive,STRONG-TRUE,,,,,,,,,
we present a method to counter this,False,Solving_problems_improvements_mitigation,LLMgenerated,we propose ... to counter this,trailing-purposive,STRONG-TRUE,,,,,,,,,
we present a method to counter this issue,False,Solving_problems_improvements_mitigation,LLMgenerated,we propose ... to counter this,trailing-purposive,STRONG-TRUE,,,,,,,,,
we present a method to counter this limitation,False,Solving_problems_improvements_mitigation,LLMgenerated,we propose ... to counter this,trailing-purposive,STRONG-TRUE,,,,,,,,,
we present a method to fix these limitations,False,Solving_problems_improvements_mitigation,LLMgenerated,we propose ... to fix this,trailing-purposive,STRONG-TRUE,,,,,,,,,
we present a method to fix this,False,Solving_problems_improvements_mitigation,LLMgenerated,we propose ... to fix this,trailing-purposive,STRONG-TRUE,,,,,,,,,
we present a method to fix this issue,False,Solving_problems_improvements_mitigation,LLMgenerated,we propose ... to fix this,trailing-purposive,STRONG-TRUE,,,,,,,,,
we present a method to fix this limitation,False,Solving_problems_improvements_mitigation,LLMgenerated,we propose ... to fix this,trailing-purposive,STRONG-TRUE,,,,,,,,,
we present a method to handle these limitations,False,Solving_problems_improvements_mitigation,LLMgenerated,we propose ... to handle this,trailing-purposive,STRONG-TRUE,,,,,,,,,
we present a method to handle this,False,Solving_problems_improvements_mitigation,LLMgenerated,we propose ... to handle this,trailing-purposive,STRONG-TRUE,,,,,,,,,
we present a method to handle this issue,False,Solving_problems_improvements_mitigation,LLMgenerated,we propose ... to handle this,trailing-purposive,STRONG-TRUE,,,,,,,,,
we present a method to handle this limitation,False,Solving_problems_improvements_mitigation,LLMgenerated,we propose ... to handle this,trailing-purposive,STRONG-TRUE,,,,,,,,,
we present a method to mitigate these limitations,False,Solving_problems_improvements_mitigation,LLMgenerated,we propose ... to mitigate this,trailing-purposive,STRONG-TRUE,,,,,,,,,
we present a method to mitigate this,False,Solving_problems_improvements_mitigation,LLMgenerated,we propose ... to mitigate this,trailing-purposive,STRONG-TRUE,,,,,,,,,
we present a method to mitigate this issue,False,Solving_problems_improvements_mitigation,LLMgenerated,we propose ... to mitigate this,trailing-purposive,STRONG-TRUE,,,,,,,,,
we present a method to mitigate this limitation,False,Solving_problems_improvements_mitigation,LLMgenerated,we propose ... to mitigate this,trailing-purposive,STRONG-TRUE,,,,,,,,,
we present a method to overcome these limitations,False,Solving_problems_improvements_mitigation,LLMgenerated,we propose ... to overcome this,trailing-purposive,STRONG-TRUE,,,,,,,,,
we present a method to overcome this,False,Solving_problems_improvements_mitigation,LLMgenerated,we propose ... to overcome this,trailing-purposive,STRONG-TRUE,,,,,,,,,
we present a method to overcome this issue,False,Solving_problems_improvements_mitigation,LLMgenerated,we propose ... to overcome this,trailing-purposive,STRONG-TRUE,,,,,,,,,
we present a method to overcome this limitation,False,Solving_problems_improvements_mitigation,LLMgenerated,we propose ... to overcome this,trailing-purposive,STRONG-TRUE,,,,,,,,,
we present a method to remedy these limitations,False,Solving_problems_improvements_mitigation,LLMgenerated,we propose ... to remedy this,trailing-purposive,STRONG-TRUE,,,,,,,,,
we present a method to remedy this,False,Solving_problems_improvements_mitigation,LLMgenerated,we propose ... to remedy this,trailing-purposive,STRONG-TRUE,,,,,,,,,
we present a method to remedy this issue,False,Solving_problems_improvements_mitigation,LLMgenerated,we propose ... to remedy this,trailing-purposive,STRONG-TRUE,,,,,,,,,
we present a method to remedy this limitation,False,Solving_problems_improvements_mitigation,LLMgenerated,we propose ... to remedy this,trailing-purposive,STRONG-TRUE,,,,,,,,,
we present a method to resolve these limitations,False,Solving_problems_improvements_mitigation,LLMgenerated,we propose ... to resolve this,trailing-purposive,STRONG-TRUE,,,,,,,,,
we present a method to resolve this,False,Solving_problems_improvements_mitigation,LLMgenerated,we propose ... to resolve this,trailing-purposive,STRONG-TRUE,,,,,,,,,
we present a method to resolve this issue,False,Solving_problems_improvements_mitigation,LLMgenerated,we propose ... to resolve this,trailing-purposive,STRONG-TRUE,,,,,,,,,
we present a method to resolve this limitation,False,Solving_problems_improvements_mitigation,LLMgenerated,we propose ... to resolve this,trailing-purposive,STRONG-TRUE,,,,,,,,,
we present a method to solve these limitations,False,Solving_problems_improvements_mitigation,LLMgenerated,we propose ... to solve this,trailing-purposive,STRONG-TRUE,,,,,,,,,
we present a method to solve this,False,Solving_problems_improvements_mitigation,LLMgenerated,we propose ... to solve this,trailing-purposive,STRONG-TRUE,,,,,,,,,
we present a method to solve this issue,False,Solving_problems_improvements_mitigation,LLMgenerated,we propose ... to solve this,trailing-purposive,STRONG-TRUE,,,,,,,,,
we present a method to solve this limitation,False,Solving_problems_improvements_mitigation,LLMgenerated,we propose ... to solve this,trailing-purposive,STRONG-TRUE,,,,,,,,,
we present a method to tackle these limitations,False,Solving_problems_improvements_mitigation,LLMgenerated,we propose ... to tackle this,trailing-purposive,STRONG-TRUE,,,,,,,,,
we present a method to tackle this,False,Solving_problems_improvements_mitigation,LLMgenerated,we propose ... to tackle this,trailing-purposive,STRONG-TRUE,,,,,,,,,
we present a method to tackle this issue,False,Solving_problems_improvements_mitigation,LLMgenerated,we propose ... to tackle this,trailing-purposive,STRONG-TRUE,,,,,,,,,
we present a method to tackle this limitation,False,Solving_problems_improvements_mitigation,LLMgenerated,we propose ... to tackle this,trailing-purposive,STRONG-TRUE,,,,,,,,,
we propose a framework to address these limitations,False,Solving_problems_improvements_mitigation,LLMgenerated,we propose ... to address this,trailing-purposive,STRONG-TRUE,,,,,,,,,
we propose a framework to address this,False,Solving_problems_improvements_mitigation,LLMgenerated,we propose ... to address this,trailing-purposive,STRONG-TRUE,,,,,,,,,
we propose a framework to address this issue,False,Solving_problems_improvements_mitigation,LLMgenerated,we propose ... to address this,trailing-purposive,STRONG-TRUE,,,,,,,,,
we propose a framework to address this limitation,False,Solving_problems_improvements_mitigation,LLMgenerated,we propose ... to address this,trailing-purposive,STRONG-TRUE,,,,,,,,,
we propose a framework to alleviate these limitations,False,Solving_problems_improvements_mitigation,LLMgenerated,we propose ... to alleviate this,trailing-purposive,STRONG-TRUE,,,,,,,,,
we propose a framework to alleviate this,False,Solving_problems_improvements_mitigation,LLMgenerated,we propose ... to alleviate this,trailing-purposive,STRONG-TRUE,,,,,,,,,
we propose a framework to alleviate this issue,False,Solving_problems_improvements_mitigation,LLMgenerated,we propose ... to alleviate this,trailing-purposive,STRONG-TRUE,,,,,,,,,
we propose a framework to alleviate this limitation,False,Solving_problems_improvements_mitigation,LLMgenerated,we propose ... to alleviate this,trailing-purposive,STRONG-TRUE,,,,,,,,,
we propose a framework to circumvent these limitations,False,Solving_problems_improvements_mitigation,LLMgenerated,we propose ... to circumvent this,trailing-purposive,STRONG-TRUE,,,,,,,,,
we propose a framework to circumvent this,False,Solving_problems_improvements_mitigation,LLMgenerated,we propose ... to circumvent this,trailing-purposive,STRONG-TRUE,,,,,,,,,
we propose a framework to circumvent this issue,False,Solving_problems_improvements_mitigation,LLMgenerated,we propose ... to circumvent this,trailing-purposive,STRONG-TRUE,,,,,,,,,
we propose a framework to circumvent this limitation,False,Solving_problems_improvements_mitigation,LLMgenerated,we propose ... to circumvent this,trailing-purposive,STRONG-TRUE,,,,,,,,,
we propose a framework to combat these limitations,False,Solving_problems_improvements_mitigation,LLMgenerated,we propose ... to combat this,trailing-purposive,STRONG-TRUE,,,,,,,,,
we propose a framework to combat this,False,Solving_problems_improvements_mitigation,LLMgenerated,we propose ... to combat this,trailing-purposive,STRONG-TRUE,,,,,,,,,
we propose a framework to combat this issue,False,Solving_problems_improvements_mitigation,LLMgenerated,we propose ... to combat this,trailing-purposive,STRONG-TRUE,,,,,,,,,
we propose a framework to combat this limitation,False,Solving_problems_improvements_mitigation,LLMgenerated,we propose ... to combat this,trailing-purposive,STRONG-TRUE,,,,,,,,,
we propose a framework to counter these limitations,False,Solving_problems_improvements_mitigation,LLMgenerated,we propose ... to counter this,trailing-purposive,STRONG-TRUE,,,,,,,,,
we propose a framework to counter this,False,Solving_problems_improvements_mitigation,LLMgenerated,we propose ... to counter this,trailing-purposive,STRONG-TRUE,,,,,,,,,
we propose a framework to counter this issue,False,Solving_problems_improvements_mitigation,LLMgenerated,we propose ... to counter this,trailing-purposive,STRONG-TRUE,,,,,,,,,
we propose a framework to counter this limitation,False,Solving_problems_improvements_mitigation,LLMgenerated,we propose ... to counter this,trailing-purposive,STRONG-TRUE,,,,,,,,,
we propose a framework to fix these limitations,False,Solving_problems_improvements_mitigation,LLMgenerated,we propose ... to fix this,trailing-purposive,STRONG-TRUE,,,,,,,,,
we propose a framework to fix this,False,Solving_problems_improvements_mitigation,LLMgenerated,we propose ... to fix this,trailing-purposive,STRONG-TRUE,,,,,,,,,
we propose a framework to fix this issue,False,Solving_problems_improvements_mitigation,LLMgenerated,we propose ... to fix this,trailing-purposive,STRONG-TRUE,,,,,,,,,
we propose a framework to fix this limitation,False,Solving_problems_improvements_mitigation,LLMgenerated,we propose ... to fix this,trailing-purposive,STRONG-TRUE,,,,,,,,,
we propose a framework to handle these limitations,False,Solving_problems_improvements_mitigation,LLMgenerated,we propose ... to handle this,trailing-purposive,STRONG-TRUE,,,,,,,,,
we propose a framework to handle this,False,Solving_problems_improvements_mitigation,LLMgenerated,we propose ... to handle this,trailing-purposive,STRONG-TRUE,,,,,,,,,
we propose a framework to handle this issue,False,Solving_problems_improvements_mitigation,LLMgenerated,we propose ... to handle this,trailing-purposive,STRONG-TRUE,,,,,,,,,
we propose a framework to handle this limitation,False,Solving_problems_improvements_mitigation,LLMgenerated,we propose ... to handle this,trailing-purposive,STRONG-TRUE,,,,,,,,,
we propose a framework to mitigate these limitations,False,Solving_problems_improvements_mitigation,LLMgenerated,we propose ... to mitigate this,trailing-purposive,STRONG-TRUE,,,,,,,,,
we propose a framework to mitigate this,False,Solving_problems_improvements_mitigation,LLMgenerated,we propose ... to mitigate this,trailing-purposive,STRONG-TRUE,,,,,,,,,
we propose a framework to mitigate this issue,False,Solving_problems_improvements_mitigation,LLMgenerated,we propose ... to mitigate this,trailing-purposive,STRONG-TRUE,,,,,,,,,
we propose a framework to mitigate this limitation,False,Solving_problems_improvements_mitigation,LLMgenerated,we propose ... to mitigate this,trailing-purposive,STRONG-TRUE,,,,,,,,,
we propose a framework to overcome these limitations,False,Solving_problems_improvements_mitigation,LLMgenerated,we propose ... to overcome this,trailing-purposive,STRONG-TRUE,,,,,,,,,
we propose a framework to overcome this,False,Solving_problems_improvements_mitigation,LLMgenerated,we propose ... to overcome this,trailing-purposive,STRONG-TRUE,,,,,,,,,
we propose a framework to overcome this issue,False,Solving_problems_improvements_mitigation,LLMgenerated,we propose ... to overcome this,trailing-purposive,STRONG-TRUE,,,,,,,,,
we propose a framework to overcome this limitation,False,Solving_problems_improvements_mitigation,LLMgenerated,we propose ... to overcome this,trailing-purposive,STRONG-TRUE,,,,,,,,,
we propose a framework to remedy these limitations,False,Solving_problems_improvements_mitigation,LLMgenerated,we propose ... to remedy this,trailing-purposive,STRONG-TRUE,,,,,,,,,
we propose a framework to remedy this,False,Solving_problems_improvements_mitigation,LLMgenerated,we propose ... to remedy this,trailing-purposive,STRONG-TRUE,,,,,,,,,
we propose a framework to remedy this issue,False,Solving_problems_improvements_mitigation,LLMgenerated,we propose ... to remedy this,trailing-purposive,STRONG-TRUE,,,,,,,,,
we propose a framework to remedy this limitation,False,Solving_problems_improvements_mitigation,LLMgenerated,we propose ... to remedy this,trailing-purposive,STRONG-TRUE,,,,,,,,,
we propose a framework to resolve these limitations,False,Solving_problems_improvements_mitigation,LLMgenerated,we propose ... to resolve this,trailing-purposive,STRONG-TRUE,,,,,,,,,
we propose a framework to resolve this,False,Solving_problems_improvements_mitigation,LLMgenerated,we propose ... to resolve this,trailing-purposive,STRONG-TRUE,,,,,,,,,
we propose a framework to resolve this issue,False,Solving_problems_improvements_mitigation,LLMgenerated,we propose ... to resolve this,trailing-purposive,STRONG-TRUE,,,,,,,,,
we propose a framework to resolve this limitation,False,Solving_problems_improvements_mitigation,LLMgenerated,we propose ... to resolve this,trailing-purposive,STRONG-TRUE,,,,,,,,,
we propose a framework to solve these limitations,False,Solving_problems_improvements_mitigation,LLMgenerated,we propose ... to solve this,trailing-purposive,STRONG-TRUE,,,,,,,,,
we propose a framework to solve this,False,Solving_problems_improvements_mitigation,LLMgenerated,we propose ... to solve this,trailing-purposive,STRONG-TRUE,,,,,,,,,
we propose a framework to solve this issue,False,Solving_problems_improvements_mitigation,LLMgenerated,we propose ... to solve this,trailing-purposive,STRONG-TRUE,,,,,,,,,
we propose a framework to solve this limitation,False,Solving_problems_improvements_mitigation,LLMgenerated,we propose ... to solve this,trailing-purposive,STRONG-TRUE,,,,,,,,,
we propose a framework to tackle these limitations,False,Solving_problems_improvements_mitigation,LLMgenerated,we propose ... to tackle this,trailing-purposive,STRONG-TRUE,,,,,,,,,
we propose a framework to tackle this,False,Solving_problems_improvements_mitigation,LLMgenerated,we propose ... to tackle this,trailing-purposive,STRONG-TRUE,,,,,,,,,
we propose a framework to tackle this issue,False,Solving_problems_improvements_mitigation,LLMgenerated,we propose ... to tackle this,trailing-purposive,STRONG-TRUE,,,,,,,,,
we propose a framework to tackle this limitation,False,Solving_problems_improvements_mitigation,LLMgenerated,we propose ... to tackle this,trailing-purposive,STRONG-TRUE,,,,,,,,,
we propose a method to address these limitations,False,Solving_problems_improvements_mitigation,LLMgenerated,we propose ... to address this,trailing-purposive,STRONG-TRUE,,,,,,,,,
we propose a method to address this,False,Solving_problems_improvements_mitigation,LLMgenerated,we propose ... to address this,trailing-purposive,STRONG-TRUE,,,,,,,,,
we propose a method to address this issue,False,Solving_problems_improvements_mitigation,LLMgenerated,we propose ... to address this,trailing-purposive,STRONG-TRUE,,,,,,,,,
we propose a method to address this limitation,False,Solving_problems_improvements_mitigation,LLMgenerated,we propose ... to address this,trailing-purposive,STRONG-TRUE,,,,,,,,,
we propose a method to alleviate these limitations,False,Solving_problems_improvements_mitigation,LLMgenerated,we propose ... to alleviate this,trailing-purposive,STRONG-TRUE,,,,,,,,,
we propose a method to alleviate this,False,Solving_problems_improvements_mitigation,LLMgenerated,we propose ... to alleviate this,trailing-purposive,STRONG-TRUE,,,,,,,,,
we propose a method to alleviate this issue,False,Solving_problems_improvements_mitigation,LLMgenerated,we propose ... to alleviate this,trailing-purposive,STRONG-TRUE,,,,,,,,,
we propose a method to alleviate this limitation,False,Solving_problems_improvements_mitigation,LLMgenerated,we propose ... to alleviate this,trailing-purposive,STRONG-TRUE,,,,,,,,,
we propose a method to circumvent these limitations,False,Solving_problems_improvements_mitigation,LLMgenerated,we propose ... to circumvent this,trailing-purposive,STRONG-TRUE,,,,,,,,,
we propose a method to circumvent this,False,Solving_problems_improvements_mitigation,LLMgenerated,we propose ... to circumvent this,trailing-purposive,STRONG-TRUE,,,,,,,,,
we propose a method to circumvent this issue,False,Solving_problems_improvements_mitigation,LLMgenerated,we propose ... to circumvent this,trailing-purposive,STRONG-TRUE,,,,,,,,,
we propose a method to circumvent this limitation,False,Solving_problems_improvements_mitigation,LLMgenerated,we propose ... to circumvent this,trailing-purposive,STRONG-TRUE,,,,,,,,,
we propose a method to combat these limitations,False,Solving_problems_improvements_mitigation,LLMgenerated,we propose ... to combat this,trailing-purposive,STRONG-TRUE,,,,,,,,,
we propose a method to combat this,False,Solving_problems_improvements_mitigation,LLMgenerated,we propose ... to combat this,trailing-purposive,STRONG-TRUE,,,,,,,,,
we propose a method to combat this issue,False,Solving_problems_improvements_mitigation,LLMgenerated,we propose ... to combat this,trailing-purposive,STRONG-TRUE,,,,,,,,,
we propose a method to combat this limitation,False,Solving_problems_improvements_mitigation,LLMgenerated,we propose ... to combat this,trailing-purposive,STRONG-TRUE,,,,,,,,,
we propose a method to counter these limitations,False,Solving_problems_improvements_mitigation,LLMgenerated,we propose ... to counter this,trailing-purposive,STRONG-TRUE,,,,,,,,,
we propose a method to counter this,False,Solving_problems_improvements_mitigation,LLMgenerated,we propose ... to counter this,trailing-purposive,STRONG-TRUE,,,,,,,,,
we propose a method to counter this issue,False,Solving_problems_improvements_mitigation,LLMgenerated,we propose ... to counter this,trailing-purposive,STRONG-TRUE,,,,,,,,,
we propose a method to counter this limitation,False,Solving_problems_improvements_mitigation,LLMgenerated,we propose ... to counter this,trailing-purposive,STRONG-TRUE,,,,,,,,,
we propose a method to fix these limitations,False,Solving_problems_improvements_mitigation,LLMgenerated,we propose ... to fix this,trailing-purposive,STRONG-TRUE,,,,,,,,,
we propose a method to fix this,False,Solving_problems_improvements_mitigation,LLMgenerated,we propose ... to fix this,trailing-purposive,STRONG-TRUE,,,,,,,,,
we propose a method to fix this issue,False,Solving_problems_improvements_mitigation,LLMgenerated,we propose ... to fix this,trailing-purposive,STRONG-TRUE,,,,,,,,,
we propose a method to fix this limitation,False,Solving_problems_improvements_mitigation,LLMgenerated,we propose ... to fix this,trailing-purposive,STRONG-TRUE,,,,,,,,,
we propose a method to handle these limitations,False,Solving_problems_improvements_mitigation,LLMgenerated,we propose ... to handle this,trailing-purposive,STRONG-TRUE,,,,,,,,,
we propose a method to handle this,False,Solving_problems_improvements_mitigation,LLMgenerated,we propose ... to handle this,trailing-purposive,STRONG-TRUE,,,,,,,,,
we propose a method to handle this issue,False,Solving_problems_improvements_mitigation,LLMgenerated,we propose ... to handle this,trailing-purposive,STRONG-TRUE,,,,,,,,,
we propose a method to handle this limitation,False,Solving_problems_improvements_mitigation,LLMgenerated,we propose ... to handle this,trailing-purposive,STRONG-TRUE,,,,,,,,,
we propose a method to mitigate these limitations,False,Solving_problems_improvements_mitigation,LLMgenerated,we propose ... to mitigate this,trailing-purposive,STRONG-TRUE,,,,,,,,,
we propose a method to mitigate this,False,Solving_problems_improvements_mitigation,LLMgenerated,we propose ... to mitigate this,trailing-purposive,STRONG-TRUE,,,,,,,,,
we propose a method to mitigate this issue,False,Solving_problems_improvements_mitigation,LLMgenerated,we propose ... to mitigate this,trailing-purposive,STRONG-TRUE,,,,,,,,,
we propose a method to mitigate this limitation,False,Solving_problems_improvements_mitigation,LLMgenerated,we propose ... to mitigate this,trailing-purposive,STRONG-TRUE,,,,,,,,,
we propose a method to overcome these limitations,False,Solving_problems_improvements_mitigation,LLMgenerated,we propose ... to overcome this,trailing-purposive,STRONG-TRUE,,,,,,,,,
we propose a method to overcome this,False,Solving_problems_improvements_mitigation,LLMgenerated,we propose ... to overcome this,trailing-purposive,STRONG-TRUE,,,,,,,,,
we propose a method to overcome this issue,False,Solving_problems_improvements_mitigation,LLMgenerated,we propose ... to overcome this,trailing-purposive,STRONG-TRUE,,,,,,,,,
we propose a method to overcome this limitation,False,Solving_problems_improvements_mitigation,LLMgenerated,we propose ... to overcome this,trailing-purposive,STRONG-TRUE,,,,,,,,,
we propose a method to remedy these limitations,False,Solving_problems_improvements_mitigation,LLMgenerated,we propose ... to remedy this,trailing-purposive,STRONG-TRUE,,,,,,,,,
we propose a method to remedy this,False,Solving_problems_improvements_mitigation,LLMgenerated,we propose ... to remedy this,trailing-purposive,STRONG-TRUE,,,,,,,,,
we propose a method to remedy this issue,False,Solving_problems_improvements_mitigation,LLMgenerated,we propose ... to remedy this,trailing-purposive,STRONG-TRUE,,,,,,,,,
we propose a method to remedy this limitation,False,Solving_problems_improvements_mitigation,LLMgenerated,we propose ... to remedy this,trailing-purposive,STRONG-TRUE,,,,,,,,,
we propose a method to resolve these limitations,False,Solving_problems_improvements_mitigation,LLMgenerated,we propose ... to resolve this,trailing-purposive,STRONG-TRUE,,,,,,,,,
we propose a method to resolve this,False,Solving_problems_improvements_mitigation,LLMgenerated,we propose ... to resolve this,trailing-purposive,STRONG-TRUE,,,,,,,,,
we propose a method to resolve this issue,False,Solving_problems_improvements_mitigation,LLMgenerated,we propose ... to resolve this,trailing-purposive,STRONG-TRUE,,,,,,,,,
we propose a method to resolve this limitation,False,Solving_problems_improvements_mitigation,LLMgenerated,we propose ... to resolve this,trailing-purposive,STRONG-TRUE,,,,,,,,,
we propose a method to solve these limitations,False,Solving_problems_improvements_mitigation,LLMgenerated,we propose ... to solve this,trailing-purposive,STRONG-TRUE,,,,,,,,,
we propose a method to solve this,False,Solving_problems_improvements_mitigation,LLMgenerated,we propose ... to solve this,trailing-purposive,STRONG-TRUE,,,,,,,,,
we propose a method to solve this issue,False,Solving_problems_improvements_mitigation,LLMgenerated,we propose ... to solve this,trailing-purposive,STRONG-TRUE,,,,,,,,,
we propose a method to solve this limitation,False,Solving_problems_improvements_mitigation,LLMgenerated,we propose ... to solve this,trailing-purposive,STRONG-TRUE,,,,,,,,,
we propose a method to tackle these limitations,False,Solving_problems_improvements_mitigation,LLMgenerated,we propose ... to tackle this,trailing-purposive,STRONG-TRUE,,,,,,,,,
we propose a method to tackle this,False,Solving_problems_improvements_mitigation,LLMgenerated,we propose ... to tackle this,trailing-purposive,STRONG-TRUE,,,,,,,,,
we propose a method to tackle this issue,False,Solving_problems_improvements_mitigation,LLMgenerated,we propose ... to tackle this,trailing-purposive,STRONG-TRUE,,,,,,,,,
we propose a method to tackle this limitation,False,Solving_problems_improvements_mitigation,LLMgenerated,we propose ... to tackle this,trailing-purposive,STRONG-TRUE,,,,,,,,,
we propose an approach to address these limitations,False,Solving_problems_improvements_mitigation,LLMgenerated,we propose ... to address this,trailing-purposive,STRONG-TRUE,,,,,,,,,
we propose an approach to address this,False,Solving_problems_improvements_mitigation,LLMgenerated,we propose ... to address this,trailing-purposive,STRONG-TRUE,,,,,,,,,
we propose an approach to address this issue,False,Solving_problems_improvements_mitigation,LLMgenerated,we propose ... to address this,trailing-purposive,STRONG-TRUE,,,,,,,,,
we propose an approach to address this limitation,False,Solving_problems_improvements_mitigation,LLMgenerated,we propose ... to address this,trailing-purposive,STRONG-TRUE,,,,,,,,,
we propose an approach to alleviate these limitations,False,Solving_problems_improvements_mitigation,LLMgenerated,we propose ... to alleviate this,trailing-purposive,STRONG-TRUE,,,,,,,,,
we propose an approach to alleviate this,False,Solving_problems_improvements_mitigation,LLMgenerated,we propose ... to alleviate this,trailing-purposive,STRONG-TRUE,,,,,,,,,
we propose an approach to alleviate this issue,False,Solving_problems_improvements_mitigation,LLMgenerated,we propose ... to alleviate this,trailing-purposive,STRONG-TRUE,,,,,,,,,
we propose an approach to alleviate this limitation,False,Solving_problems_improvements_mitigation,LLMgenerated,we propose ... to alleviate this,trailing-purposive,STRONG-TRUE,,,,,,,,,
we propose an approach to circumvent these limitations,False,Solving_problems_improvements_mitigation,LLMgenerated,we propose ... to circumvent this,trailing-purposive,STRONG-TRUE,,,,,,,,,
we propose an approach to circumvent this,False,Solving_problems_improvements_mitigation,LLMgenerated,we propose ... to circumvent this,trailing-purposive,STRONG-TRUE,,,,,,,,,
we propose an approach to circumvent this issue,False,Solving_problems_improvements_mitigation,LLMgenerated,we propose ... to circumvent this,trailing-purposive,STRONG-TRUE,,,,,,,,,
we propose an approach to circumvent this limitation,False,Solving_problems_improvements_mitigation,LLMgenerated,we propose ... to circumvent this,trailing-purposive,STRONG-TRUE,,,,,,,,,
we propose an approach to combat these limitations,False,Solving_problems_improvements_mitigation,LLMgenerated,we propose ... to combat this,trailing-purposive,STRONG-TRUE,,,,,,,,,
we propose an approach to combat this,False,Solving_problems_improvements_mitigation,LLMgenerated,we propose ... to combat this,trailing-purposive,STRONG-TRUE,,,,,,,,,
we propose an approach to combat this issue,False,Solving_problems_improvements_mitigation,LLMgenerated,we propose ... to combat this,trailing-purposive,STRONG-TRUE,,,,,,,,,
we propose an approach to combat this limitation,False,Solving_problems_improvements_mitigation,LLMgenerated,we propose ... to combat this,trailing-purposive,STRONG-TRUE,,,,,,,,,
we propose an approach to counter these limitations,False,Solving_problems_improvements_mitigation,LLMgenerated,we propose ... to counter this,trailing-purposive,STRONG-TRUE,,,,,,,,,
we propose an approach to counter this,False,Solving_problems_improvements_mitigation,LLMgenerated,we propose ... to counter this,trailing-purposive,STRONG-TRUE,,,,,,,,,
we propose an approach to counter this issue,False,Solving_problems_improvements_mitigation,LLMgenerated,we propose ... to counter this,trailing-purposive,STRONG-TRUE,,,,,,,,,
we propose an approach to counter this limitation,False,Solving_problems_improvements_mitigation,LLMgenerated,we propose ... to counter this,trailing-purposive,STRONG-TRUE,,,,,,,,,
we propose an approach to fix these limitations,False,Solving_problems_improvements_mitigation,LLMgenerated,we propose ... to fix this,trailing-purposive,STRONG-TRUE,,,,,,,,,
we propose an approach to fix this,False,Solving_problems_improvements_mitigation,LLMgenerated,we propose ... to fix this,trailing-purposive,STRONG-TRUE,,,,,,,,,
we propose an approach to fix this issue,False,Solving_problems_improvements_mitigation,LLMgenerated,we propose ... to fix this,trailing-purposive,STRONG-TRUE,,,,,,,,,
we propose an approach to fix this limitation,False,Solving_problems_improvements_mitigation,LLMgenerated,we propose ... to fix this,trailing-purposive,STRONG-TRUE,,,,,,,,,
we propose an approach to handle these limitations,False,Solving_problems_improvements_mitigation,LLMgenerated,we propose ... to handle this,trailing-purposive,STRONG-TRUE,,,,,,,,,
we propose an approach to handle this,False,Solving_problems_improvements_mitigation,LLMgenerated,we propose ... to handle this,trailing-purposive,STRONG-TRUE,,,,,,,,,
we propose an approach to handle this issue,False,Solving_problems_improvements_mitigation,LLMgenerated,we propose ... to handle this,trailing-purposive,STRONG-TRUE,,,,,,,,,
we propose an approach to handle this limitation,False,Solving_problems_improvements_mitigation,LLMgenerated,we propose ... to handle this,trailing-purposive,STRONG-TRUE,,,,,,,,,
we propose an approach to mitigate these limitations,False,Solving_problems_improvements_mitigation,LLMgenerated,we propose ... to mitigate this,trailing-purposive,STRONG-TRUE,,,,,,,,,
we propose an approach to mitigate this,False,Solving_problems_improvements_mitigation,LLMgenerated,we propose ... to mitigate this,trailing-purposive,STRONG-TRUE,,,,,,,,,
we propose an approach to mitigate this issue,False,Solving_problems_improvements_mitigation,LLMgenerated,we propose ... to mitigate this,trailing-purposive,STRONG-TRUE,,,,,,,,,
we propose an approach to mitigate this limitation,False,Solving_problems_improvements_mitigation,LLMgenerated,we propose ... to mitigate this,trailing-purposive,STRONG-TRUE,,,,,,,,,
we propose an approach to overcome these limitations,False,Solving_problems_improvements_mitigation,LLMgenerated,we propose ... to overcome this,trailing-purposive,STRONG-TRUE,,,,,,,,,
we propose an approach to overcome this,False,Solving_problems_improvements_mitigation,LLMgenerated,we propose ... to overcome this,trailing-purposive,STRONG-TRUE,,,,,,,,,
we propose an approach to overcome this issue,False,Solving_problems_improvements_mitigation,LLMgenerated,we propose ... to overcome this,trailing-purposive,STRONG-TRUE,,,,,,,,,
we propose an approach to overcome this limitation,False,Solving_problems_improvements_mitigation,LLMgenerated,we propose ... to overcome this,trailing-purposive,STRONG-TRUE,,,,,,,,,
we propose an approach to remedy these limitations,False,Solving_problems_improvements_mitigation,LLMgenerated,we propose ... to remedy this,trailing-purposive,STRONG-TRUE,,,,,,,,,
we propose an approach to remedy this,False,Solving_problems_improvements_mitigation,LLMgenerated,we propose ... to remedy this,trailing-purposive,STRONG-TRUE,,,,,,,,,
we propose an approach to remedy this issue,False,Solving_problems_improvements_mitigation,LLMgenerated,we propose ... to remedy this,trailing-purposive,STRONG-TRUE,,,,,,,,,
we propose an approach to remedy this limitation,False,Solving_problems_improvements_mitigation,LLMgenerated,we propose ... to remedy this,trailing-purposive,STRONG-TRUE,,,,,,,,,
we propose an approach to resolve these limitations,False,Solving_problems_improvements_mitigation,LLMgenerated,we propose ... to resolve this,trailing-purposive,STRONG-TRUE,,,,,,,,,
we propose an approach to resolve this,False,Solving_problems_improvements_mitigation,LLMgenerated,we propose ... to resolve this,trailing-purposive,STRONG-TRUE,,,,,,,,,
we propose an approach to resolve this issue,False,Solving_problems_improvements_mitigation,LLMgenerated,we propose ... to resolve this,trailing-purposive,STRONG-TRUE,,,,,,,,,
we propose an approach to resolve this limitation,False,Solving_problems_improvements_mitigation,LLMgenerated,we propose ... to resolve this,trailing-purposive,STRONG-TRUE,,,,,,,,,
we propose an approach to solve these limitations,False,Solving_problems_improvements_mitigation,LLMgenerated,we propose ... to solve this,trailing-purposive,STRONG-TRUE,,,,,,,,,
we propose an approach to solve this,False,Solving_problems_improvements_mitigation,LLMgenerated,we propose ... to solve this,trailing-purposive,STRONG-TRUE,,,,,,,,,
we propose an approach to solve this issue,False,Solving_problems_improvements_mitigation,LLMgenerated,we propose ... to solve this,trailing-purposive,STRONG-TRUE,,,,,,,,,
we propose an approach to solve this limitation,False,Solving_problems_improvements_mitigation,LLMgenerated,we propose ... to solve this,trailing-purposive,STRONG-TRUE,,,,,,,,,
we propose an approach to tackle these limitations,False,Solving_problems_improvements_mitigation,LLMgenerated,we propose ... to tackle this,trailing-purposive,STRONG-TRUE,,,,,,,,,
we propose an approach to tackle this,False,Solving_problems_improvements_mitigation,LLMgenerated,we propose ... to tackle this,trailing-purposive,STRONG-TRUE,,,,,,,,,
we propose an approach to tackle this issue,False,Solving_problems_improvements_mitigation,LLMgenerated,we propose ... to tackle this,trailing-purposive,STRONG-TRUE,,,,,,,,,
we propose an approach to tackle this limitation,False,Solving_problems_improvements_mitigation,LLMgenerated,we propose ... to tackle this,trailing-purposive,STRONG-TRUE,,,,,,,,,
to treat these challenges,False,Solving_problems_improvements_mitigation,LLMgenerated,to treat,treat-family,STRONG-TRUE,,,,,,,,,
to treat these conditions,False,Solving_problems_improvements_mitigation,LLMgenerated,to treat,treat-family,STRONG-TRUE,,,,,,,,,
to treat these effects,False,Solving_problems_improvements_mitigation,LLMgenerated,to treat,treat-family,STRONG-TRUE,,,,,,,,,
to treat these issues,False,Solving_problems_improvements_mitigation,LLMgenerated,to treat,treat-family,STRONG-TRUE,,,,,,,,,
to treat these limitations,False,Solving_problems_improvements_mitigation,LLMgenerated,to treat,treat-family,STRONG-TRUE,,,,,,,,,
to treat these problems,False,Solving_problems_improvements_mitigation,LLMgenerated,to treat,treat-family,STRONG-TRUE,,,,,,,,,
to treat these symptoms,False,Solving_problems_improvements_mitigation,LLMgenerated,to treat,treat-family,STRONG-TRUE,,,,,,,,,
to treat this,False,Solving_problems_improvements_mitigation,LLMgenerated,to treat,treat-family,STRONG-TRUE,,,,,,,,,
to treat this challenge,False,Solving_problems_improvements_mitigation,LLMgenerated,to treat,treat-family,STRONG-TRUE,,,,,,,,,
to treat this condition,False,Solving_problems_improvements_mitigation,LLMgenerated,to treat,treat-family,STRONG-TRUE,,,,,,,,,
to treat this disease,False,Solving_problems_improvements_mitigation,LLMgenerated,to treat,treat-family,STRONG-TRUE,,,,,,,,,
to treat this effect,False,Solving_problems_improvements_mitigation,LLMgenerated,to treat,treat-family,STRONG-TRUE,,,,,,,,,
to treat this issue,False,Solving_problems_improvements_mitigation,LLMgenerated,to treat,treat-family,STRONG-TRUE,,,,,,,,,
to treat this limitation,False,Solving_problems_improvements_mitigation,LLMgenerated,to treat,treat-family,STRONG-TRUE,,,,,,,,,
to treat this problem,False,Solving_problems_improvements_mitigation,LLMgenerated,to treat,treat-family,STRONG-TRUE,,,,,,,,,
to treat this symptom,False,Solving_problems_improvements_mitigation,LLMgenerated,to treat,treat-family,STRONG-TRUE,,,,,,,,,
to treat those issues,False,Solving_problems_improvements_mitigation,LLMgenerated,to treat,treat-family,STRONG-TRUE,,,,,,,,,
to treat those problems,False,Solving_problems_improvements_mitigation,LLMgenerated,to treat,treat-family,STRONG-TRUE,,,,,,,,,
to treat those symptoms,False,Solving_problems_improvements_mitigation,LLMgenerated,to treat,treat-family,STRONG-TRUE,,,,,,,,,
treating these biases,False,Solving_problems_improvements_mitigation,LLMgenerated,to treat,treat-family,STRONG-TRUE,,,,,,,,,
treating these effects,False,Solving_problems_improvements_mitigation,LLMgenerated,to treat,treat-family,STRONG-TRUE,,,,,,,,,
treating these issues,False,Solving_problems_improvements_mitigation,LLMgenerated,to treat,treat-family,STRONG-TRUE,,,,,,,,,
treating these limitations,False,Solving_problems_improvements_mitigation,LLMgenerated,to treat,treat-family,STRONG-TRUE,,,,,,,,,
treating these points,False,Solving_problems_improvements_mitigation,LLMgenerated,to treat,treat-family,STRONG-TRUE,,,,,,,,,
treating these problems,False,Solving_problems_improvements_mitigation,LLMgenerated,to treat,treat-family,STRONG-TRUE,,,,,,,,,
treating these risks,False,Solving_problems_improvements_mitigation,LLMgenerated,to treat,treat-family,STRONG-TRUE,,,,,,,,,
treating this bias,False,Solving_problems_improvements_mitigation,LLMgenerated,to treat,treat-family,STRONG-TRUE,,,,,,,,,
treating this effect,False,Solving_problems_improvements_mitigation,LLMgenerated,to treat,treat-family,STRONG-TRUE,,,,,,,,,
treating this issue,False,Solving_problems_improvements_mitigation,LLMgenerated,to treat,treat-family,STRONG-TRUE,,,,,,,,,
treating this limitation,False,Solving_problems_improvements_mitigation,LLMgenerated,to treat,treat-family,STRONG-TRUE,,,,,,,,,
treating this point,False,Solving_problems_improvements_mitigation,LLMgenerated,to treat,treat-family,STRONG-TRUE,,,,,,,,,
treating this problem,False,Solving_problems_improvements_mitigation,LLMgenerated,to treat,treat-family,STRONG-TRUE,,,,,,,,,
treating this risk,False,Solving_problems_improvements_mitigation,LLMgenerated,to treat,treat-family,STRONG-TRUE,,,,,,,,,
treating those points,False,Solving_problems_improvements_mitigation,LLMgenerated,to treat,treat-family,STRONG-TRUE,,,,,,,,,
to work around the above,False,Solving_problems_improvements_mitigation,LLMgenerated,to work around,workaround-family,STRONG-TRUE,,,,,,,,,
to work around the aforementioned limitation,False,Solving_problems_improvements_mitigation,LLMgenerated,to work around,workaround-family,STRONG-TRUE,,,,,,,,,
to work around these challenges,False,Solving_problems_improvements_mitigation,LLMgenerated,to work around,workaround-family,STRONG-TRUE,,,,,,,,,
to work around these issues,False,Solving_problems_improvements_mitigation,LLMgenerated,to work around,workaround-family,STRONG-TRUE,,,,,,,,,
to work around these limitations,False,Solving_problems_improvements_mitigation,LLMgenerated,to work around,workaround-family,STRONG-TRUE,,,,,,,,,
to work around this,False,Solving_problems_improvements_mitigation,LLMgenerated,to work around,workaround-family,STRONG-TRUE,,,,,,,,,
to work around this issue,False,Solving_problems_improvements_mitigation,LLMgenerated,to work around,workaround-family,STRONG-TRUE,,,,,,,,,
to work around this limitation,False,Solving_problems_improvements_mitigation,LLMgenerated,to work around,workaround-family,STRONG-TRUE,,,,,,,,,
to work around this problem,False,Solving_problems_improvements_mitigation,LLMgenerated,to work around,workaround-family,STRONG-TRUE,,,,,,,,,
inspired by these challenges,False,BLACKLIST,LLMgenerated,inspired by,motivation-family-WEAK,WEAK-TRUE,,,,,,,,,
inspired by these findings,False,BLACKLIST,LLMgenerated,inspired by,motivation-family-WEAK,WEAK-TRUE,,,,,,,,,
inspired by these issues,False,BLACKLIST,LLMgenerated,inspired by,motivation-family-WEAK,WEAK-TRUE,,,,,,,,,
inspired by these limitations,False,BLACKLIST,LLMgenerated,inspired by,motivation-family-WEAK,WEAK-TRUE,,,,,,,,,
inspired by these observations,False,BLACKLIST,LLMgenerated,inspired by,motivation-family-WEAK,WEAK-TRUE,,,,,,,,,
inspired by this,False,BLACKLIST,LLMgenerated,inspired by,motivation-family-WEAK,WEAK-TRUE,,,,,,,,,
inspired by this challenge,False,BLACKLIST,LLMgenerated,inspired by,motivation-family-WEAK,WEAK-TRUE,,,,,,,,,
inspired by this finding,False,BLACKLIST,LLMgenerated,inspired by,motivation-family-WEAK,WEAK-TRUE,,,,,,,,,
inspired by this gap,False,BLACKLIST,LLMgenerated,inspired by,motivation-family-WEAK,WEAK-TRUE,,,,,,,,,
inspired by this issue,False,BLACKLIST,LLMgenerated,inspired by,motivation-family-WEAK,WEAK-TRUE,,,,,,,,,
inspired by this limitation,False,BLACKLIST,LLMgenerated,inspired by,motivation-family-WEAK,WEAK-TRUE,,,,,,,,,
inspired by this observation,False,BLACKLIST,LLMgenerated,inspired by,motivation-family-WEAK,WEAK-TRUE,,,,,,,,,
inspired by this problem,False,BLACKLIST,LLMgenerated,inspired by,motivation-family-WEAK,WEAK-TRUE,,,,,,,,,
motivated by these challenges,False,BLACKLIST,LLMgenerated,motivated by,motivation-family-WEAK,WEAK-TRUE,,,,,,,,,
motivated by these findings,False,BLACKLIST,LLMgenerated,motivated by,motivation-family-WEAK,WEAK-TRUE,,,,,,,,,
motivated by these issues,False,BLACKLIST,LLMgenerated,motivated by,motivation-family-WEAK,WEAK-TRUE,,,,,,,,,
motivated by these limitations,False,BLACKLIST,LLMgenerated,motivated by,motivation-family-WEAK,WEAK-TRUE,,,,,,,,,
motivated by these observations,False,BLACKLIST,LLMgenerated,motivated by,motivation-family-WEAK,WEAK-TRUE,,,,,,,,,
motivated by this,False,BLACKLIST,LLMgenerated,motivated by,motivation-family-WEAK,WEAK-TRUE,,,,,,,,,
motivated by this challenge,False,BLACKLIST,LLMgenerated,motivated by,motivation-family-WEAK,WEAK-TRUE,,,,,,,,,
motivated by this finding,False,BLACKLIST,LLMgenerated,motivated by,motivation-family-WEAK,WEAK-TRUE,,,,,,,,,
motivated by this gap,False,BLACKLIST,LLMgenerated,motivated by,motivation-family-WEAK,WEAK-TRUE,,,,,,,,,
motivated by this issue,False,BLACKLIST,LLMgenerated,motivated by,motivation-family-WEAK,WEAK-TRUE,,,,,,,,,
motivated by this limitation,False,BLACKLIST,LLMgenerated,motivated by,motivation-family-WEAK,WEAK-TRUE,,,,,,,,,
motivated by this observation,False,BLACKLIST,LLMgenerated,motivated by,motivation-family-WEAK,WEAK-TRUE,,,,,,,,,
motivated by this problem,False,BLACKLIST,LLMgenerated,motivated by,motivation-family-WEAK,WEAK-TRUE,,,,,,,,,
necessitated by these challenges,False,BLACKLIST,LLMgenerated,necessitated by,motivation-family-WEAK,WEAK-TRUE,,,,,,,,,
necessitated by these findings,False,BLACKLIST,LLMgenerated,necessitated by,motivation-family-WEAK,WEAK-TRUE,,,,,,,,,
necessitated by these issues,False,BLACKLIST,LLMgenerated,necessitated by,motivation-family-WEAK,WEAK-TRUE,,,,,,,,,
necessitated by these limitations,False,BLACKLIST,LLMgenerated,necessitated by,motivation-family-WEAK,WEAK-TRUE,,,,,,,,,
necessitated by these observations,False,BLACKLIST,LLMgenerated,necessitated by,motivation-family-WEAK,WEAK-TRUE,,,,,,,,,
necessitated by this,False,BLACKLIST,LLMgenerated,necessitated by,motivation-family-WEAK,WEAK-TRUE,,,,,,,,,
necessitated by this challenge,False,BLACKLIST,LLMgenerated,necessitated by,motivation-family-WEAK,WEAK-TRUE,,,,,,,,,
necessitated by this finding,False,BLACKLIST,LLMgenerated,necessitated by,motivation-family-WEAK,WEAK-TRUE,,,,,,,,,
necessitated by this gap,False,BLACKLIST,LLMgenerated,necessitated by,motivation-family-WEAK,WEAK-TRUE,,,,,,,,,
necessitated by this issue,False,BLACKLIST,LLMgenerated,necessitated by,motivation-family-WEAK,WEAK-TRUE,,,,,,,,,
necessitated by this limitation,False,BLACKLIST,LLMgenerated,necessitated by,motivation-family-WEAK,WEAK-TRUE,,,,,,,,,
necessitated by this observation,False,BLACKLIST,LLMgenerated,necessitated by,motivation-family-WEAK,WEAK-TRUE,,,,,,,,,
necessitated by this problem,False,BLACKLIST,LLMgenerated,necessitated by,motivation-family-WEAK,WEAK-TRUE,,,,,,,,,
prompted by these challenges,False,BLACKLIST,LLMgenerated,prompted by,motivation-family-WEAK,WEAK-TRUE,,,,,,,,,
prompted by these findings,False,BLACKLIST,LLMgenerated,prompted by,motivation-family-WEAK,WEAK-TRUE,,,,,,,,,
prompted by these issues,False,BLACKLIST,LLMgenerated,prompted by,motivation-family-WEAK,WEAK-TRUE,,,,,,,,,
prompted by these limitations,False,BLACKLIST,LLMgenerated,prompted by,motivation-family-WEAK,WEAK-TRUE,,,,,,,,,
prompted by these observations,False,BLACKLIST,LLMgenerated,prompted by,motivation-family-WEAK,WEAK-TRUE,,,,,,,,,
prompted by this,False,BLACKLIST,LLMgenerated,prompted by,motivation-family-WEAK,WEAK-TRUE,,,,,,,,,
prompted by this challenge,False,BLACKLIST,LLMgenerated,prompted by,motivation-family-WEAK,WEAK-TRUE,,,,,,,,,
prompted by this finding,False,BLACKLIST,LLMgenerated,prompted by,motivation-family-WEAK,WEAK-TRUE,,,,,,,,,
prompted by this gap,False,BLACKLIST,LLMgenerated,prompted by,motivation-family-WEAK,WEAK-TRUE,,,,,,,,,
prompted by this issue,False,BLACKLIST,LLMgenerated,prompted by,motivation-family-WEAK,WEAK-TRUE,,,,,,,,,
prompted by this limitation,False,BLACKLIST,LLMgenerated,prompted by,motivation-family-WEAK,WEAK-TRUE,,,,,,,,,
prompted by this observation,False,BLACKLIST,LLMgenerated,prompted by,motivation-family-WEAK,WEAK-TRUE,,,,,,,,,
prompted by this problem,False,BLACKLIST,LLMgenerated,prompted by,motivation-family-WEAK,WEAK-TRUE,,,,,,,,,
spurred by these challenges,False,BLACKLIST,LLMgenerated,spurred by,motivation-family-WEAK,WEAK-TRUE,,,,,,,,,
spurred by these findings,False,BLACKLIST,LLMgenerated,spurred by,motivation-family-WEAK,WEAK-TRUE,,,,,,,,,
spurred by these issues,False,BLACKLIST,LLMgenerated,spurred by,motivation-family-WEAK,WEAK-TRUE,,,,,,,,,
spurred by these limitations,False,BLACKLIST,LLMgenerated,spurred by,motivation-family-WEAK,WEAK-TRUE,,,,,,,,,
spurred by these observations,False,BLACKLIST,LLMgenerated,spurred by,motivation-family-WEAK,WEAK-TRUE,,,,,,,,,
spurred by this,False,BLACKLIST,LLMgenerated,spurred by,motivation-family-WEAK,WEAK-TRUE,,,,,,,,,
spurred by this challenge,False,BLACKLIST,LLMgenerated,spurred by,motivation-family-WEAK,WEAK-TRUE,,,,,,,,,
spurred by this finding,False,BLACKLIST,LLMgenerated,spurred by,motivation-family-WEAK,WEAK-TRUE,,,,,,,,,
spurred by this gap,False,BLACKLIST,LLMgenerated,spurred by,motivation-family-WEAK,WEAK-TRUE,,,,,,,,,
spurred by this issue,False,BLACKLIST,LLMgenerated,spurred by,motivation-family-WEAK,WEAK-TRUE,,,,,,,,,
spurred by this limitation,False,BLACKLIST,LLMgenerated,spurred by,motivation-family-WEAK,WEAK-TRUE,,,,,,,,,
spurred by this observation,False,BLACKLIST,LLMgenerated,spurred by,motivation-family-WEAK,WEAK-TRUE,,,,,,,,,
spurred by this problem,False,BLACKLIST,LLMgenerated,spurred by,motivation-family-WEAK,WEAK-TRUE,,,,,,,,,
triggered by these challenges,False,BLACKLIST,LLMgenerated,triggered by,motivation-family-WEAK,WEAK-TRUE,,,,,,,,,
triggered by these findings,False,BLACKLIST,LLMgenerated,triggered by,motivation-family-WEAK,WEAK-TRUE,,,,,,,,,
triggered by these issues,False,BLACKLIST,LLMgenerated,triggered by,motivation-family-WEAK,WEAK-TRUE,,,,,,,,,
triggered by these limitations,False,BLACKLIST,LLMgenerated,triggered by,motivation-family-WEAK,WEAK-TRUE,,,,,,,,,
triggered by these observations,False,BLACKLIST,LLMgenerated,triggered by,motivation-family-WEAK,WEAK-TRUE,,,,,,,,,
triggered by this,False,BLACKLIST,LLMgenerated,triggered by,motivation-family-WEAK,WEAK-TRUE,,,,,,,,,
triggered by this challenge,False,BLACKLIST,LLMgenerated,triggered by,motivation-family-WEAK,WEAK-TRUE,,,,,,,,,
triggered by this finding,False,BLACKLIST,LLMgenerated,triggered by,motivation-family-WEAK,WEAK-TRUE,,,,,,,,,
triggered by this gap,False,BLACKLIST,LLMgenerated,triggered by,motivation-family-WEAK,WEAK-TRUE,,,,,,,,,
triggered by this issue,False,BLACKLIST,LLMgenerated,triggered by,motivation-family-WEAK,WEAK-TRUE,,,,,,,,,
triggered by this limitation,False,BLACKLIST,LLMgenerated,triggered by,motivation-family-WEAK,WEAK-TRUE,,,,,,,,,
triggered by this observation,False,BLACKLIST,LLMgenerated,triggered by,motivation-family-WEAK,WEAK-TRUE,,,,,,,,,
triggered by this problem,False,BLACKLIST,LLMgenerated,triggered by,motivation-family-WEAK,WEAK-TRUE,,,,,,,,,
these call for,False,BLACKLIST,LLMgenerated,these call for,problem-subject-pivot-WEAK,WEAK-TRUE,,,,,,,,,
these call for a new approach,False,BLACKLIST,LLMgenerated,these call for,problem-subject-pivot-WEAK,WEAK-TRUE,,,,,,,,,
these call for the need for,False,BLACKLIST,LLMgenerated,these call for,problem-subject-pivot-WEAK,WEAK-TRUE,,,,,,,,,
these challenges motivate,False,BLACKLIST,LLMgenerated,these challenges motivate,problem-subject-pivot-WEAK,WEAK-TRUE,,,,,,,,,
these challenges motivate a new approach,False,BLACKLIST,LLMgenerated,these challenges motivate,problem-subject-pivot-WEAK,WEAK-TRUE,,,,,,,,,
these challenges motivate the need for,False,BLACKLIST,LLMgenerated,these challenges motivate,problem-subject-pivot-WEAK,WEAK-TRUE,,,,,,,,,
these demand,False,BLACKLIST,LLMgenerated,these demand,problem-subject-pivot-WEAK,WEAK-TRUE,,,,,,,,,
these demand a new approach,False,BLACKLIST,LLMgenerated,these demand,problem-subject-pivot-WEAK,WEAK-TRUE,,,,,,,,,
these demand the need for,False,BLACKLIST,LLMgenerated,these demand,problem-subject-pivot-WEAK,WEAK-TRUE,,,,,,,,,
these issues motivate,False,BLACKLIST,LLMgenerated,these issues motivate,problem-subject-pivot-WEAK,WEAK-TRUE,,,,,,,,,
these issues motivate a new approach,False,BLACKLIST,LLMgenerated,these issues motivate,problem-subject-pivot-WEAK,WEAK-TRUE,,,,,,,,,
these issues motivate the need for,False,BLACKLIST,LLMgenerated,these issues motivate,problem-subject-pivot-WEAK,WEAK-TRUE,,,,,,,,,
these limitations motivate,False,BLACKLIST,LLMgenerated,these limitations motivate,problem-subject-pivot-WEAK,WEAK-TRUE,,,,,,,,,
these limitations motivate a new approach,False,BLACKLIST,LLMgenerated,these limitations motivate,problem-subject-pivot-WEAK,WEAK-TRUE,,,,,,,,,
these limitations motivate the need for,False,BLACKLIST,LLMgenerated,these limitations motivate,problem-subject-pivot-WEAK,WEAK-TRUE,,,,,,,,,
these motivate,False,BLACKLIST,LLMgenerated,these motivate,problem-subject-pivot-WEAK,WEAK-TRUE,,,,,,,,,
these motivate a new approach,False,BLACKLIST,LLMgenerated,these motivate,problem-subject-pivot-WEAK,WEAK-TRUE,,,,,,,,,
these motivate the need for,False,BLACKLIST,LLMgenerated,these motivate,problem-subject-pivot-WEAK,WEAK-TRUE,,,,,,,,,
these necessitate,False,BLACKLIST,LLMgenerated,these necessitate,problem-subject-pivot-WEAK,WEAK-TRUE,,,,,,,,,
these necessitate a new approach,False,BLACKLIST,LLMgenerated,these necessitate,problem-subject-pivot-WEAK,WEAK-TRUE,,,,,,,,,
these necessitate the need for,False,BLACKLIST,LLMgenerated,these necessitate,problem-subject-pivot-WEAK,WEAK-TRUE,,,,,,,,,
this calls for,False,BLACKLIST,LLMgenerated,this calls for,problem-subject-pivot-WEAK,WEAK-TRUE,,,,,,,,,
this calls for a new approach,False,BLACKLIST,LLMgenerated,this calls for,problem-subject-pivot-WEAK,WEAK-TRUE,,,,,,,,,
this calls for the need for,False,BLACKLIST,LLMgenerated,this calls for,problem-subject-pivot-WEAK,WEAK-TRUE,,,,,,,,,
this challenge motivates,False,BLACKLIST,LLMgenerated,this challenge motivates,problem-subject-pivot-WEAK,WEAK-TRUE,,,,,,,,,
this challenge motivates a new approach,False,BLACKLIST,LLMgenerated,this challenge motivates,problem-subject-pivot-WEAK,WEAK-TRUE,,,,,,,,,
this challenge motivates the need for,False,BLACKLIST,LLMgenerated,this challenge motivates,problem-subject-pivot-WEAK,WEAK-TRUE,,,,,,,,,
this demands,False,BLACKLIST,LLMgenerated,this demands,problem-subject-pivot-WEAK,WEAK-TRUE,,,,,,,,,
this demands a new approach,False,BLACKLIST,LLMgenerated,this demands,problem-subject-pivot-WEAK,WEAK-TRUE,,,,,,,,,
this demands the need for,False,BLACKLIST,LLMgenerated,this demands,problem-subject-pivot-WEAK,WEAK-TRUE,,,,,,,,,
this finding motivates,False,BLACKLIST,LLMgenerated,this finding motivates,problem-subject-pivot-WEAK,WEAK-TRUE,,,,,,,,,
this gap motivates,False,BLACKLIST,LLMgenerated,this gap motivates,problem-subject-pivot-WEAK,WEAK-TRUE,,,,,,,,,
this gap motivates a new approach,False,BLACKLIST,LLMgenerated,this gap motivates,problem-subject-pivot-WEAK,WEAK-TRUE,,,,,,,,,
this gap motivates the need for,False,BLACKLIST,LLMgenerated,this gap motivates,problem-subject-pivot-WEAK,WEAK-TRUE,,,,,,,,,
this gap necessitates,False,BLACKLIST,LLMgenerated,this gap necessitates,problem-subject-pivot-WEAK,WEAK-TRUE,,,,,,,,,
this gap necessitates a new approach,False,BLACKLIST,LLMgenerated,this gap necessitates,problem-subject-pivot-WEAK,WEAK-TRUE,,,,,,,,,
this gap necessitates the need for,False,BLACKLIST,LLMgenerated,this gap necessitates,problem-subject-pivot-WEAK,WEAK-TRUE,,,,,,,,,
this inspires,False,BLACKLIST,LLMgenerated,this inspires,problem-subject-pivot-WEAK,WEAK-TRUE,,,,,,,,,
this leads us to,False,BLACKLIST,LLMgenerated,this leads us to,problem-subject-pivot-WEAK,WEAK-TRUE,,,,,,,,,
this limitation motivates,False,BLACKLIST,LLMgenerated,this limitation motivates,problem-subject-pivot-WEAK,WEAK-TRUE,,,,,,,,,
this limitation motivates a new approach,False,BLACKLIST,LLMgenerated,this limitation motivates,problem-subject-pivot-WEAK,WEAK-TRUE,,,,,,,,,
this limitation motivates the need for,False,BLACKLIST,LLMgenerated,this limitation motivates,problem-subject-pivot-WEAK,WEAK-TRUE,,,,,,,,,
this limitation necessitates,False,BLACKLIST,LLMgenerated,this limitation necessitates,problem-subject-pivot-WEAK,WEAK-TRUE,,,,,,,,,
this limitation necessitates a new approach,False,BLACKLIST,LLMgenerated,this limitation necessitates,problem-subject-pivot-WEAK,WEAK-TRUE,,,,,,,,,
this limitation necessitates the need for,False,BLACKLIST,LLMgenerated,this limitation necessitates,problem-subject-pivot-WEAK,WEAK-TRUE,,,,,,,,,
this motivates,False,BLACKLIST,LLMgenerated,this motivates,problem-subject-pivot-WEAK,WEAK-TRUE,,,,,,,,,
this motivates a new approach,False,BLACKLIST,LLMgenerated,this motivates,problem-subject-pivot-WEAK,WEAK-TRUE,,,,,,,,,
this motivates the need for,False,BLACKLIST,LLMgenerated,this motivates,problem-subject-pivot-WEAK,WEAK-TRUE,,,,,,,,,
this necessitates,False,BLACKLIST,LLMgenerated,this necessitates,problem-subject-pivot-WEAK,WEAK-TRUE,,,,,,,,,
this necessitates a new approach,False,BLACKLIST,LLMgenerated,this necessitates,problem-subject-pivot-WEAK,WEAK-TRUE,,,,,,,,,
this necessitates the need for,False,BLACKLIST,LLMgenerated,this necessitates,problem-subject-pivot-WEAK,WEAK-TRUE,,,,,,,,,
this observation motivates,False,BLACKLIST,LLMgenerated,this observation motivates,problem-subject-pivot-WEAK,WEAK-TRUE,,,,,,,,,
this problem motivates,False,BLACKLIST,LLMgenerated,this problem motivates,problem-subject-pivot-WEAK,WEAK-TRUE,,,,,,,,,
this problem motivates a new approach,False,BLACKLIST,LLMgenerated,this problem motivates,problem-subject-pivot-WEAK,WEAK-TRUE,,,,,,,,,
this problem motivates the need for,False,BLACKLIST,LLMgenerated,this problem motivates,problem-subject-pivot-WEAK,WEAK-TRUE,,,,,,,,,
this problem necessitates,False,BLACKLIST,LLMgenerated,this problem necessitates,problem-subject-pivot-WEAK,WEAK-TRUE,,,,,,,,,
this problem necessitates a new approach,False,BLACKLIST,LLMgenerated,this problem necessitates,problem-subject-pivot-WEAK,WEAK-TRUE,,,,,,,,,
this problem necessitates the need for,False,BLACKLIST,LLMgenerated,this problem necessitates,problem-subject-pivot-WEAK,WEAK-TRUE,,,,,,,,,
this prompts,False,BLACKLIST,LLMgenerated,this prompts,problem-subject-pivot-WEAK,WEAK-TRUE,,,,,,,,,
this prompts a new approach,False,BLACKLIST,LLMgenerated,this prompts,problem-subject-pivot-WEAK,WEAK-TRUE,,,,,,,,,
this prompts the need for,False,BLACKLIST,LLMgenerated,this prompts,problem-subject-pivot-WEAK,WEAK-TRUE,,,,,,,,,
this requires,False,BLACKLIST,LLMgenerated,this requires,problem-subject-pivot-WEAK,WEAK-TRUE,,,,,,,,,
this suggests the need for,False,BLACKLIST,LLMgenerated,this suggests the need for,problem-subject-pivot-WEAK,WEAK-TRUE,,,,,,,,,
as a reaction to these challenges,False,BLACKLIST,LLMgenerated,as a reaction to,response-family-WEAK,WEAK-TRUE,,,,,,,,,
as a reaction to these issues,False,BLACKLIST,LLMgenerated,as a reaction to,response-family-WEAK,WEAK-TRUE,,,,,,,,,
as a reaction to these limitations,False,BLACKLIST,LLMgenerated,as a reaction to,response-family-WEAK,WEAK-TRUE,,,,,,,,,
as a reaction to this,False,BLACKLIST,LLMgenerated,as a reaction to,response-family-WEAK,WEAK-TRUE,,,,,,,,,
as a reaction to this challenge,False,BLACKLIST,LLMgenerated,as a reaction to,response-family-WEAK,WEAK-TRUE,,,,,,,,,
as a reaction to this issue,False,BLACKLIST,LLMgenerated,as a reaction to,response-family-WEAK,WEAK-TRUE,,,,,,,,,
as a reaction to this limitation,False,BLACKLIST,LLMgenerated,as a reaction to,response-family-WEAK,WEAK-TRUE,,,,,,,,,
as a reaction to this problem,False,BLACKLIST,LLMgenerated,as a reaction to,response-family-WEAK,WEAK-TRUE,,,,,,,,,
confronted with these challenges,False,BLACKLIST,LLMgenerated,confronted with,response-family-WEAK,WEAK-TRUE,,,,,,,,,
confronted with these issues,False,BLACKLIST,LLMgenerated,confronted with,response-family-WEAK,WEAK-TRUE,,,,,,,,,
confronted with these limitations,False,BLACKLIST,LLMgenerated,confronted with,response-family-WEAK,WEAK-TRUE,,,,,,,,,
confronted with this,False,BLACKLIST,LLMgenerated,confronted with,response-family-WEAK,WEAK-TRUE,,,,,,,,,
confronted with this challenge,False,BLACKLIST,LLMgenerated,confronted with,response-family-WEAK,WEAK-TRUE,,,,,,,,,
confronted with this issue,False,BLACKLIST,LLMgenerated,confronted with,response-family-WEAK,WEAK-TRUE,,,,,,,,,
confronted with this limitation,False,BLACKLIST,LLMgenerated,confronted with,response-family-WEAK,WEAK-TRUE,,,,,,,,,
confronted with this problem,False,BLACKLIST,LLMgenerated,confronted with,response-family-WEAK,WEAK-TRUE,,,,,,,,,
faced with these challenges,False,BLACKLIST,LLMgenerated,faced with,response-family-WEAK,WEAK-TRUE,,,,,,,,,
faced with these issues,False,BLACKLIST,LLMgenerated,faced with,response-family-WEAK,WEAK-TRUE,,,,,,,,,
faced with these limitations,False,BLACKLIST,LLMgenerated,faced with,response-family-WEAK,WEAK-TRUE,,,,,,,,,
faced with this,False,BLACKLIST,LLMgenerated,faced with,response-family-WEAK,WEAK-TRUE,,,,,,,,,
faced with this challenge,False,BLACKLIST,LLMgenerated,faced with,response-family-WEAK,WEAK-TRUE,,,,,,,,,
faced with this issue,False,BLACKLIST,LLMgenerated,faced with,response-family-WEAK,WEAK-TRUE,,,,,,,,,
faced with this limitation,False,BLACKLIST,LLMgenerated,faced with,response-family-WEAK,WEAK-TRUE,,,,,,,,,
faced with this problem,False,BLACKLIST,LLMgenerated,faced with,response-family-WEAK,WEAK-TRUE,,,,,,,,,
given these challenges,False,BLACKLIST,LLMgenerated,given,response-family-WEAK,WEAK-TRUE,,,,,,,,,
given these issues,False,BLACKLIST,LLMgenerated,given,response-family-WEAK,WEAK-TRUE,,,,,,,,,
given these limitations,False,BLACKLIST,LLMgenerated,given,response-family-WEAK,WEAK-TRUE,,,,,,,,,
given this challenge,False,BLACKLIST,LLMgenerated,given,response-family-WEAK,WEAK-TRUE,,,,,,,,,
given this issue,False,BLACKLIST,LLMgenerated,given,response-family-WEAK,WEAK-TRUE,,,,,,,,,
given this limitation,False,BLACKLIST,LLMgenerated,given,response-family-WEAK,WEAK-TRUE,,,,,,,,,
given this problem,False,BLACKLIST,LLMgenerated,given,response-family-WEAK,WEAK-TRUE,,,,,,,,,
in light of these challenges,False,BLACKLIST,LLMgenerated,in light of,response-family-WEAK,WEAK-TRUE,,,,,,,,,
in light of these issues,False,BLACKLIST,LLMgenerated,in light of,response-family-WEAK,WEAK-TRUE,,,,,,,,,
in light of these limitations,False,BLACKLIST,LLMgenerated,in light of,response-family-WEAK,WEAK-TRUE,,,,,,,,,
in light of this challenge,False,BLACKLIST,LLMgenerated,in light of,response-family-WEAK,WEAK-TRUE,,,,,,,,,
in light of this issue,False,BLACKLIST,LLMgenerated,in light of,response-family-WEAK,WEAK-TRUE,,,,,,,,,
in light of this limitation,False,BLACKLIST,LLMgenerated,in light of,response-family-WEAK,WEAK-TRUE,,,,,,,,,
in light of this problem,False,BLACKLIST,LLMgenerated,in light of,response-family-WEAK,WEAK-TRUE,,,,,,,,,
in reaction to these challenges,False,BLACKLIST,LLMgenerated,in reaction to,response-family-WEAK,WEAK-TRUE,,,,,,,,,
in reaction to these issues,False,BLACKLIST,LLMgenerated,in reaction to,response-family-WEAK,WEAK-TRUE,,,,,,,,,
in reaction to these limitations,False,BLACKLIST,LLMgenerated,in reaction to,response-family-WEAK,WEAK-TRUE,,,,,,,,,
in reaction to this,False,BLACKLIST,LLMgenerated,in reaction to,response-family-WEAK,WEAK-TRUE,,,,,,,,,
in reaction to this challenge,False,BLACKLIST,LLMgenerated,in reaction to,response-family-WEAK,WEAK-TRUE,,,,,,,,,
in reaction to this issue,False,BLACKLIST,LLMgenerated,in reaction to,response-family-WEAK,WEAK-TRUE,,,,,,,,,
in reaction to this limitation,False,BLACKLIST,LLMgenerated,in reaction to,response-family-WEAK,WEAK-TRUE,,,,,,,,,
in reaction to this problem,False,BLACKLIST,LLMgenerated,in reaction to,response-family-WEAK,WEAK-TRUE,,,,,,,,,
in response to these challenges,False,BLACKLIST,LLMgenerated,in response to,response-family-WEAK,WEAK-TRUE,,,,,,,,,
in response to these issues,False,BLACKLIST,LLMgenerated,in response to,response-family-WEAK,WEAK-TRUE,,,,,,,,,
in response to these limitations,False,BLACKLIST,LLMgenerated,in response to,response-family-WEAK,WEAK-TRUE,,,,,,,,,
in response to this,False,BLACKLIST,LLMgenerated,in response to,response-family-WEAK,WEAK-TRUE,,,,,,,,,
in response to this challenge,False,BLACKLIST,LLMgenerated,in response to,response-family-WEAK,WEAK-TRUE,,,,,,,,,
in response to this issue,False,BLACKLIST,LLMgenerated,in response to,response-family-WEAK,WEAK-TRUE,,,,,,,,,
in response to this limitation,False,BLACKLIST,LLMgenerated,in response to,response-family-WEAK,WEAK-TRUE,,,,,,,,,
in response to this problem,False,BLACKLIST,LLMgenerated,in response to,response-family-WEAK,WEAK-TRUE,,,,,,,,,
in view of these challenges,False,BLACKLIST,LLMgenerated,in view of,response-family-WEAK,WEAK-TRUE,,,,,,,,,
in view of these issues,False,BLACKLIST,LLMgenerated,in view of,response-family-WEAK,WEAK-TRUE,,,,,,,,,
in view of these limitations,False,BLACKLIST,LLMgenerated,in view of,response-family-WEAK,WEAK-TRUE,,,,,,,,,
in view of this challenge,False,BLACKLIST,LLMgenerated,in view of,response-family-WEAK,WEAK-TRUE,,,,,,,,,
in view of this issue,False,BLACKLIST,LLMgenerated,in view of,response-family-WEAK,WEAK-TRUE,,,,,,,,,
in view of this limitation,False,BLACKLIST,LLMgenerated,in view of,response-family-WEAK,WEAK-TRUE,,,,,,,,,
in view of this problem,False,BLACKLIST,LLMgenerated,in view of,response-family-WEAK,WEAK-TRUE,,,,,,,,,
to respond to these challenges,False,BLACKLIST,LLMgenerated,to respond to,response-family-WEAK,WEAK-TRUE,,,,,,,,,
to respond to these issues,False,BLACKLIST,LLMgenerated,to respond to,response-family-WEAK,WEAK-TRUE,,,,,,,,,
to respond to these limitations,False,BLACKLIST,LLMgenerated,to respond to,response-family-WEAK,WEAK-TRUE,,,,,,,,,
to respond to this,False,BLACKLIST,LLMgenerated,to respond to,response-family-WEAK,WEAK-TRUE,,,,,,,,,
to respond to this challenge,False,BLACKLIST,LLMgenerated,to respond to,response-family-WEAK,WEAK-TRUE,,,,,,,,,
to respond to this issue,False,BLACKLIST,LLMgenerated,to respond to,response-family-WEAK,WEAK-TRUE,,,,,,,,,
to respond to this limitation,False,BLACKLIST,LLMgenerated,to respond to,response-family-WEAK,WEAK-TRUE,,,,,,,,,
to respond to this problem,False,BLACKLIST,LLMgenerated,to respond to,response-family-WEAK,WEAK-TRUE,,,,,,,,,
as a countermeasure against this problem,False,BLACKLIST,LLMgenerated,as a countermeasure,solution-pivot-WEAK,WEAK-TRUE,,,,,,,,,
as a countermeasure to this issue,False,BLACKLIST,LLMgenerated,as a countermeasure,solution-pivot-WEAK,WEAK-TRUE,,,,,,,,,
as a fix for this issue,False,BLACKLIST,LLMgenerated,as a fix,solution-pivot-WEAK,WEAK-TRUE,,,,,,,,,
as a fix for this problem,False,BLACKLIST,LLMgenerated,as a fix,solution-pivot-WEAK,WEAK-TRUE,,,,,,,,,
as a remedy for this issue,False,BLACKLIST,LLMgenerated,as a remedy,solution-pivot-WEAK,WEAK-TRUE,,,,,,,,,
as a remedy for this limitation,False,BLACKLIST,LLMgenerated,as a remedy,solution-pivot-WEAK,WEAK-TRUE,,,,,,,,,
as a remedy to this problem,False,BLACKLIST,LLMgenerated,as a remedy,solution-pivot-WEAK,WEAK-TRUE,,,,,,,,,
as a response to this issue,False,BLACKLIST,LLMgenerated,as a response to,solution-pivot-WEAK,WEAK-TRUE,,,,,,,,,
as a response to this limitation,False,BLACKLIST,LLMgenerated,as a response to,solution-pivot-WEAK,WEAK-TRUE,,,,,,,,,
as a response to this problem,False,BLACKLIST,LLMgenerated,as a response to,solution-pivot-WEAK,WEAK-TRUE,,,,,,,,,
as a solution to these limitations,False,BLACKLIST,LLMgenerated,as a solution,solution-pivot-WEAK,WEAK-TRUE,,,,,,,,,
as a solution to these problems,False,BLACKLIST,LLMgenerated,as a solution,solution-pivot-WEAK,WEAK-TRUE,,,,,,,,,
as a solution to this issue,False,BLACKLIST,LLMgenerated,as a solution,solution-pivot-WEAK,WEAK-TRUE,,,,,,,,,
as a solution to this limitation,False,BLACKLIST,LLMgenerated,as a solution,solution-pivot-WEAK,WEAK-TRUE,,,,,,,,,
as a solution to this problem,False,BLACKLIST,LLMgenerated,as a solution,solution-pivot-WEAK,WEAK-TRUE,,,,,,,,,
as a workaround for this issue,False,BLACKLIST,LLMgenerated,as a workaround,solution-pivot-WEAK,WEAK-TRUE,,,,,,,,,
as a workaround for this limitation,False,BLACKLIST,LLMgenerated,as a workaround,solution-pivot-WEAK,WEAK-TRUE,,,,,,,,,
as a workaround for this problem,False,BLACKLIST,LLMgenerated,as a workaround,solution-pivot-WEAK,WEAK-TRUE,,,,,,,,,
as an answer to this challenge,False,BLACKLIST,LLMgenerated,as an answer to,solution-pivot-WEAK,WEAK-TRUE,,,,,,,,,
as an answer to this problem,False,BLACKLIST,LLMgenerated,as an answer to,solution-pivot-WEAK,WEAK-TRUE,,,,,,,,,
our solution to this issue,False,BLACKLIST,LLMgenerated,our solution,solution-pivot-WEAK,WEAK-TRUE,,,,,,,,,
our solution to this limitation,False,BLACKLIST,LLMgenerated,our solution,solution-pivot-WEAK,WEAK-TRUE,,,,,,,,,
our solution to this problem,False,BLACKLIST,LLMgenerated,our solution,solution-pivot-WEAK,WEAK-TRUE,,,,,,,,,
as a countermeasure,False,BLACKLIST,LLMgenerated,as a countermeasure,solution-pivot-bare-WEAK,WEAK-TRUE,,,,,,,,,
as a fix,False,BLACKLIST,LLMgenerated,as a fix,solution-pivot-bare-WEAK,WEAK-TRUE,,,,,,,,,
as a remedy,False,BLACKLIST,LLMgenerated,as a remedy,solution-pivot-bare-WEAK,WEAK-TRUE,,,,,,,,,
as a solution,False,BLACKLIST,LLMgenerated,as a solution,solution-pivot-bare-WEAK,WEAK-TRUE,,,,,,,,,
as a workaround,False,BLACKLIST,LLMgenerated,as a workaround,solution-pivot-bare-WEAK,WEAK-TRUE,,,,,,,,,
our fix,False,BLACKLIST,LLMgenerated,our fix,solution-pivot-bare-WEAK,WEAK-TRUE,,,,,,,,,
our remedy,False,BLACKLIST,LLMgenerated,our remedy,solution-pivot-bare-WEAK,WEAK-TRUE,,,,,,,,,
our resolution,False,BLACKLIST,LLMgenerated,our resolution,solution-pivot-bare-WEAK,WEAK-TRUE,,,,,,,,,
our solution,False,BLACKLIST,LLMgenerated,our solution,solution-pivot-bare-WEAK,WEAK-TRUE,,,,,,,,,
for these purposes,False,BLACKLIST,LLMgenerated,for these purposes,teleological-family-WEAK,WEAK-TRUE,,,,,,,,,
for these reasons,False,BLACKLIST,LLMgenerated,for these reasons,teleological-family-WEAK,WEAK-TRUE,,,,,,,,,
for this reason,False,BLACKLIST,LLMgenerated,for this reason,teleological-family-WEAK,WEAK-TRUE,,,,,,,,,
to that end,False,BLACKLIST,LLMgenerated,to that end,teleological-family-WEAK,WEAK-TRUE,,,,,,,,,
to this end,False,BLACKLIST,LLMgenerated,to this end,teleological-family-WEAK,WEAK-TRUE,,,,,,,,,
toward this end,False,BLACKLIST,LLMgenerated,toward this end,teleological-family-WEAK,WEAK-TRUE,,,,,,,,,
toward this goal,False,BLACKLIST,LLMgenerated,toward this goal,teleological-family-WEAK,WEAK-TRUE,,,,,,,,,
towards this end,False,BLACKLIST,LLMgenerated,towards this end,teleological-family-WEAK,WEAK-TRUE,,,,,,,,,
towards this goal,False,BLACKLIST,LLMgenerated,towards this goal,teleological-family-WEAK,WEAK-TRUE,,,,,,,,,
with this aim,False,BLACKLIST,LLMgenerated,with this aim,teleological-family-WEAK,WEAK-TRUE,,,,,,,,,
with this aim in mind,False,BLACKLIST,LLMgenerated,with this aim in mind,teleological-family-WEAK,WEAK-TRUE,,,,,,,,,
with this goal in mind,False,BLACKLIST,LLMgenerated,with this goal in mind,teleological-family-WEAK,WEAK-TRUE,,,,,,,,,
with this in mind,False,BLACKLIST,LLMgenerated,with this in mind,teleological-family-WEAK,WEAK-TRUE,,,,,,,,,
with this motivation,False,BLACKLIST,LLMgenerated,with this motivation,teleological-family-WEAK,WEAK-TRUE,,,,,,,,,
with this objective,False,BLACKLIST,LLMgenerated,with this objective,teleological-family-WEAK,WEAK-TRUE,,,,,,,,,
to attack this issue,False,BLACKLIST,LLMgenerated,to attack,weak-purposive,WEAK-TRUE,,,,,,,,,
to attack this problem,False,BLACKLIST,LLMgenerated,to attack,weak-purposive,WEAK-TRUE,,,,,,,,,
to compensate for this,False,BLACKLIST,LLMgenerated,to compensate for,weak-purposive,WEAK-TRUE,,,,,,,,,
to compensate for this limitation,False,BLACKLIST,LLMgenerated,to compensate for,weak-purposive,WEAK-TRUE,,,,,,,,,
to correct this,False,BLACKLIST,LLMgenerated,to correct,weak-purposive,WEAK-TRUE,,,,,,,,,
to correct this error,False,BLACKLIST,LLMgenerated,to correct,weak-purposive,WEAK-TRUE,,,,,,,,,
to minimize this,False,BLACKLIST,LLMgenerated,to minimize,weak-purposive,WEAK-TRUE,,,,,,,,,
to minimize this issue,False,BLACKLIST,LLMgenerated,to minimize,weak-purposive,WEAK-TRUE,,,,,,,,,
to offset this,False,BLACKLIST,LLMgenerated,to offset,weak-purposive,WEAK-TRUE,,,,,,,,,
to offset this effect,False,BLACKLIST,LLMgenerated,to offset,weak-purposive,WEAK-TRUE,,,,,,,,,
to reduce this,False,BLACKLIST,LLMgenerated,to reduce,weak-purposive,WEAK-TRUE,,,,,,,,,
to reduce this issue,False,BLACKLIST,LLMgenerated,to reduce,weak-purposive,WEAK-TRUE,,,,,,,,,
also,False,BLACKLIST,LLMgenerated,also,additive-FALSE,FALSE,,,,,,,,,
besides,False,BLACKLIST,LLMgenerated,besides,additive-FALSE,FALSE,,,,,,,,,
furthermore,False,BLACKLIST,LLMgenerated,furthermore,additive-FALSE,FALSE,,,,,,,,,
in addition,False,BLACKLIST,LLMgenerated,in addition,additive-FALSE,FALSE,,,,,,,,,
moreover,False,BLACKLIST,LLMgenerated,moreover,additive-FALSE,FALSE,,,,,,,,,
on top of that,False,BLACKLIST,LLMgenerated,on top of that,additive-FALSE,FALSE,,,,,,,,,
what is more,False,BLACKLIST,LLMgenerated,what is more,additive-FALSE,FALSE,,,,,,,,,
in this work,False,BLACKLIST,LLMgenerated,in this work,bare-contribution-FALSE,FALSE,,,,,,,,,
our approach,False,BLACKLIST,LLMgenerated,our approach,bare-contribution-FALSE,FALSE,,,,,,,,,
our framework,False,BLACKLIST,LLMgenerated,our framework,bare-contribution-FALSE,FALSE,,,,,,,,,
our method,False,BLACKLIST,LLMgenerated,our method,bare-contribution-FALSE,FALSE,,,,,,,,,
our model,False,BLACKLIST,LLMgenerated,our model,bare-contribution-FALSE,FALSE,,,,,,,,,
we design,False,BLACKLIST,LLMgenerated,we design,bare-contribution-FALSE,FALSE,,,,,,,,,
we develop,False,BLACKLIST,LLMgenerated,we develop,bare-contribution-FALSE,FALSE,,,,,,,,,
we introduce,False,BLACKLIST,LLMgenerated,we introduce,bare-contribution-FALSE,FALSE,,,,,,,,,
we present,False,BLACKLIST,LLMgenerated,we present,bare-contribution-FALSE,FALSE,,,,,,,,,
we propose,False,BLACKLIST,LLMgenerated,we propose,bare-contribution-FALSE,FALSE,,,,,,,,,
to alleviate,False,BLACKLIST,LLMgenerated,to alleviate,bare-purposive-FALSE,FALSE,,,,,,,,,
to avoid,False,BLACKLIST,LLMgenerated,to avoid,bare-purposive-FALSE,FALSE,,,,,,,,,
to circumvent,False,BLACKLIST,LLMgenerated,to circumvent,bare-purposive-FALSE,FALSE,,,,,,,,,
to handle,False,BLACKLIST,LLMgenerated,to handle,bare-purposive-FALSE,FALSE,,,,,,,,,
to mitigate,False,BLACKLIST,LLMgenerated,to mitigate,bare-purposive-FALSE,FALSE,,,,,,,,,
to overcome,False,BLACKLIST,LLMgenerated,to overcome,bare-purposive-FALSE,FALSE,,,,,,,,,
to remedy,False,BLACKLIST,LLMgenerated,to remedy,bare-purposive-FALSE,FALSE,,,,,,,,,
to resolve,False,BLACKLIST,LLMgenerated,to resolve,bare-purposive-FALSE,FALSE,,,,,,,,,
to solve,False,BLACKLIST,LLMgenerated,to solve,bare-purposive-FALSE,FALSE,,,,,,,,,
to tackle,False,BLACKLIST,LLMgenerated,to tackle,bare-purposive-FALSE,FALSE,,,,,,,,,
along these lines,False,BLACKLIST,LLMgenerated,along these lines,building-FALSE,FALSE,,,,,,,,,
"along these lines, we propose",False,BLACKLIST,LLMgenerated,along these lines,building-FALSE,FALSE,,,,,,,,,
based on this finding,False,BLACKLIST,LLMgenerated,based on this,building-FALSE,FALSE,,,,,,,,,
based on this insight,False,BLACKLIST,LLMgenerated,based on this,building-FALSE,FALSE,,,,,,,,,
based on this observation,False,BLACKLIST,LLMgenerated,based on this,building-FALSE,FALSE,,,,,,,,,
building on this,False,BLACKLIST,LLMgenerated,building on this,building-FALSE,FALSE,,,,,,,,,
building on this insight,False,BLACKLIST,LLMgenerated,building on this,building-FALSE,FALSE,,,,,,,,,
building on this observation,False,BLACKLIST,LLMgenerated,building on this,building-FALSE,FALSE,,,,,,,,,
"building on this observation, we propose",False,BLACKLIST,LLMgenerated,building on this,building-FALSE,FALSE,,,,,,,,,
building on this work,False,BLACKLIST,LLMgenerated,building on this,building-FALSE,FALSE,,,,,,,,,
"building on this, we propose",False,BLACKLIST,LLMgenerated,building on this,building-FALSE,FALSE,,,,,,,,,
building upon this,False,BLACKLIST,LLMgenerated,building upon this,building-FALSE,FALSE,,,,,,,,,
building upon this observation,False,BLACKLIST,LLMgenerated,building upon this,building-FALSE,FALSE,,,,,,,,,
"building upon this, we propose",False,BLACKLIST,LLMgenerated,building upon this,building-FALSE,FALSE,,,,,,,,,
drawing on this,False,BLACKLIST,LLMgenerated,drawing on this,building-FALSE,FALSE,,,,,,,,,
drawing on this insight,False,BLACKLIST,LLMgenerated,drawing on this,building-FALSE,FALSE,,,,,,,,,
drawing upon this,False,BLACKLIST,LLMgenerated,drawing upon this,building-FALSE,FALSE,,,,,,,,,
extending this,False,BLACKLIST,LLMgenerated,extending this,building-FALSE,FALSE,,,,,,,,,
extending this work,False,BLACKLIST,LLMgenerated,extending this,building-FALSE,FALSE,,,,,,,,,
following this,False,BLACKLIST,LLMgenerated,following this,building-FALSE,FALSE,,,,,,,,,
following this observation,False,BLACKLIST,LLMgenerated,following this,building-FALSE,FALSE,,,,,,,,,
in this spirit,False,BLACKLIST,LLMgenerated,in this spirit,building-FALSE,FALSE,,,,,,,,,
"in this spirit, we propose",False,BLACKLIST,LLMgenerated,in this spirit,building-FALSE,FALSE,,,,,,,,,
in this vein,False,BLACKLIST,LLMgenerated,in this vein,building-FALSE,FALSE,,,,,,,,,
"in this vein, we propose",False,BLACKLIST,LLMgenerated,in this vein,building-FALSE,FALSE,,,,,,,,,
leveraging this,False,BLACKLIST,LLMgenerated,leveraging this,building-FALSE,FALSE,,,,,,,,,
leveraging this insight,False,BLACKLIST,LLMgenerated,leveraging this,building-FALSE,FALSE,,,,,,,,,
on this basis,False,BLACKLIST,LLMgenerated,on this basis,building-FALSE,FALSE,,,,,,,,,
"on this basis, we propose",False,BLACKLIST,LLMgenerated,on this basis,building-FALSE,FALSE,,,,,,,,,
with this insight,False,BLACKLIST,LLMgenerated,with this insight,building-FALSE,FALSE,,,,,,,,,
"with this insight, we propose",False,BLACKLIST,LLMgenerated,with this insight,building-FALSE,FALSE,,,,,,,,,
with this observation,False,BLACKLIST,LLMgenerated,with this observation,building-FALSE,FALSE,,,,,,,,,
accordingly,False,BLACKLIST,LLMgenerated,accordingly,causal-FALSE,FALSE,,,,,,,,,
hence,False,BLACKLIST,LLMgenerated,hence,causal-FALSE,FALSE,,,,,,,,,
it follows that,False,BLACKLIST,LLMgenerated,it follows that,causal-FALSE,FALSE,,,,,,,,,
thus,False,BLACKLIST,LLMgenerated,thus,causal-FALSE,FALSE,,,,,,,,,
"therefore, we propose",False,common_irrelevant,LLMgenerated,"therefore, we propose",causal-contribution-borderline-FALSE,FALSE,,,,,,,,,
"thus, we propose",False,BLACKLIST,LLMgenerated,"thus, we propose",causal-contribution-borderline-FALSE,FALSE,,,,,,,,,
we therefore propose,False,common_irrelevant,LLMgenerated,we therefore propose,causal-contribution-borderline-FALSE,FALSE,,,,,,,,,
we thus propose,False,BLACKLIST,LLMgenerated,we thus propose,causal-contribution-borderline-FALSE,FALSE,,,,,,,,,
by contrast,False,BLACKLIST,LLMgenerated,by contrast,contrast-FALSE,FALSE,,,,,,,,,
conversely,False,BLACKLIST,LLMgenerated,conversely,contrast-FALSE,FALSE,,,,,,,,,
however,False,common_irrelevant,LLMgenerated,however,contrast-FALSE,FALSE,,,,,,,,,
in spite of this,False,BLACKLIST,LLMgenerated,in spite of this,contrast-FALSE,FALSE,,,,,,,,,
nonetheless,False,BLACKLIST,LLMgenerated,nonetheless,contrast-FALSE,FALSE,,,,,,,,,
still,False,BLACKLIST,LLMgenerated,still,contrast-FALSE,FALSE,,,,,,,,,
yet,False,BLACKLIST,LLMgenerated,yet,contrast-FALSE,FALSE,,,,,,,,,
crucially,False,BLACKLIST,LLMgenerated,crucially,emphasis-FALSE,FALSE,,,,,,,,,
importantly,False,BLACKLIST,LLMgenerated,importantly,emphasis-FALSE,FALSE,,,,,,,,,
in fact,False,BLACKLIST,LLMgenerated,in fact,emphasis-FALSE,FALSE,,,,,,,,,
indeed,False,BLACKLIST,LLMgenerated,indeed,emphasis-FALSE,FALSE,,,,,,,,,
interestingly,False,BLACKLIST,LLMgenerated,interestingly,emphasis-FALSE,FALSE,,,,,,,,,
notably,False,BLACKLIST,LLMgenerated,notably,emphasis-FALSE,FALSE,,,,,,,,,
remarkably,False,BLACKLIST,LLMgenerated,remarkably,emphasis-FALSE,FALSE,,,,,,,,,
as an example,False,BLACKLIST,LLMgenerated,as an example,exemplification-FALSE,FALSE,,,,,,,,,
e.g.,False,BLACKLIST,LLMgenerated,e.g.,exemplification-FALSE,FALSE,,,,,,,,,
for example,False,BLACKLIST,LLMgenerated,for example,exemplification-FALSE,FALSE,,,,,,,,,
for instance,False,BLACKLIST,LLMgenerated,for instance,exemplification-FALSE,FALSE,,,,,,,,,
such as,False,BLACKLIST,LLMgenerated,such as,exemplification-FALSE,FALSE,,,,,,,,,
broadly speaking,False,BLACKLIST,LLMgenerated,broadly speaking,generalization-FALSE,FALSE,,,,,,,,,
in general,False,BLACKLIST,LLMgenerated,in general,generalization-FALSE,FALSE,,,,,,,,,
more broadly,False,BLACKLIST,LLMgenerated,more broadly,generalization-FALSE,FALSE,,,,,,,,,
more generally,False,BLACKLIST,LLMgenerated,more generally,generalization-FALSE,FALSE,,,,,,,,,
this implies,False,BLACKLIST,LLMgenerated,this implies,inference-FALSE,FALSE,,,,,,,,,
this indicates,False,BLACKLIST,LLMgenerated,this indicates,inference-FALSE,FALSE,,,,,,,,,
this shows,False,BLACKLIST,LLMgenerated,this shows,inference-FALSE,FALSE,,,,,,,,,
this suggests,False,BLACKLIST,LLMgenerated,this suggests,inference-FALSE,FALSE,,,,,,,,,
to shed light on this,False,BLACKLIST,LLMgenerated,to shed light on,investigation-FALSE,FALSE,,,,,,,,,
to shed light on this issue,False,BLACKLIST,LLMgenerated,to shed light on,investigation-FALSE,FALSE,,,,,,,,,
to shed light on this problem,False,BLACKLIST,LLMgenerated,to shed light on,investigation-FALSE,FALSE,,,,,,,,,
driven by these observations,False,BLACKLIST,LLMgenerated,driven by,motivation-weak-FALSE,FALSE,,,,,,,,,
driven by this,False,BLACKLIST,LLMgenerated,driven by,motivation-weak-FALSE,FALSE,,,,,,,,,
driven by this finding,False,BLACKLIST,LLMgenerated,driven by,motivation-weak-FALSE,FALSE,,,,,,,,,
driven by this observation,False,BLACKLIST,LLMgenerated,driven by,motivation-weak-FALSE,FALSE,,,,,,,,,
driven by this principle,False,BLACKLIST,LLMgenerated,driven by,motivation-weak-FALSE,FALSE,,,,,,,,,
"driven by this, we introduce",False,BLACKLIST,LLMgenerated,driven by,motivation-weak-FALSE,FALSE,,,,,,,,,
"driven by this, we propose",False,BLACKLIST,LLMgenerated,driven by,motivation-weak-FALSE,FALSE,,,,,,,,,
encouraged by these observations,False,BLACKLIST,LLMgenerated,encouraged by,motivation-weak-FALSE,FALSE,,,,,,,,,
encouraged by this,False,BLACKLIST,LLMgenerated,encouraged by,motivation-weak-FALSE,FALSE,,,,,,,,,
encouraged by this finding,False,BLACKLIST,LLMgenerated,encouraged by,motivation-weak-FALSE,FALSE,,,,,,,,,
encouraged by this observation,False,BLACKLIST,LLMgenerated,encouraged by,motivation-weak-FALSE,FALSE,,,,,,,,,
encouraged by this principle,False,BLACKLIST,LLMgenerated,encouraged by,motivation-weak-FALSE,FALSE,,,,,,,,,
"encouraged by this, we introduce",False,BLACKLIST,LLMgenerated,encouraged by,motivation-weak-FALSE,FALSE,,,,,,,,,
"encouraged by this, we propose",False,BLACKLIST,LLMgenerated,encouraged by,motivation-weak-FALSE,FALSE,,,,,,,,,
fueled by these observations,False,BLACKLIST,LLMgenerated,fueled by,motivation-weak-FALSE,FALSE,,,,,,,,,
fueled by this,False,BLACKLIST,LLMgenerated,fueled by,motivation-weak-FALSE,FALSE,,,,,,,,,
fueled by this finding,False,BLACKLIST,LLMgenerated,fueled by,motivation-weak-FALSE,FALSE,,,,,,,,,
fueled by this observation,False,BLACKLIST,LLMgenerated,fueled by,motivation-weak-FALSE,FALSE,,,,,,,,,
fueled by this principle,False,BLACKLIST,LLMgenerated,fueled by,motivation-weak-FALSE,FALSE,,,,,,,,,
"fueled by this, we introduce",False,BLACKLIST,LLMgenerated,fueled by,motivation-weak-FALSE,FALSE,,,,,,,,,
"fueled by this, we propose",False,BLACKLIST,LLMgenerated,fueled by,motivation-weak-FALSE,FALSE,,,,,,,,,
guided by these observations,False,BLACKLIST,LLMgenerated,guided by,motivation-weak-FALSE,FALSE,,,,,,,,,
guided by this,False,BLACKLIST,LLMgenerated,guided by,motivation-weak-FALSE,FALSE,,,,,,,,,
guided by this finding,False,BLACKLIST,LLMgenerated,guided by,motivation-weak-FALSE,FALSE,,,,,,,,,
guided by this observation,False,BLACKLIST,LLMgenerated,guided by,motivation-weak-FALSE,FALSE,,,,,,,,,
guided by this principle,False,BLACKLIST,LLMgenerated,guided by,motivation-weak-FALSE,FALSE,,,,,,,,,
"guided by this, we introduce",False,BLACKLIST,LLMgenerated,guided by,motivation-weak-FALSE,FALSE,,,,,,,,,
"guided by this, we propose",False,BLACKLIST,LLMgenerated,guided by,motivation-weak-FALSE,FALSE,,,,,,,,,
informed by these observations,False,BLACKLIST,LLMgenerated,informed by,motivation-weak-FALSE,FALSE,,,,,,,,,
informed by this,False,BLACKLIST,LLMgenerated,informed by,motivation-weak-FALSE,FALSE,,,,,,,,,
informed by this finding,False,BLACKLIST,LLMgenerated,informed by,motivation-weak-FALSE,FALSE,,,,,,,,,
informed by this observation,False,BLACKLIST,LLMgenerated,informed by,motivation-weak-FALSE,FALSE,,,,,,,,,
informed by this principle,False,BLACKLIST,LLMgenerated,informed by,motivation-weak-FALSE,FALSE,,,,,,,,,
"informed by this, we introduce",False,BLACKLIST,LLMgenerated,informed by,motivation-weak-FALSE,FALSE,,,,,,,,,
"informed by this, we propose",False,BLACKLIST,LLMgenerated,informed by,motivation-weak-FALSE,FALSE,,,,,,,,,
sparked by these observations,False,BLACKLIST,LLMgenerated,sparked by,motivation-weak-FALSE,FALSE,,,,,,,,,
sparked by this,False,BLACKLIST,LLMgenerated,sparked by,motivation-weak-FALSE,FALSE,,,,,,,,,
sparked by this finding,False,BLACKLIST,LLMgenerated,sparked by,motivation-weak-FALSE,FALSE,,,,,,,,,
sparked by this observation,False,BLACKLIST,LLMgenerated,sparked by,motivation-weak-FALSE,FALSE,,,,,,,,,
sparked by this principle,False,BLACKLIST,LLMgenerated,sparked by,motivation-weak-FALSE,FALSE,,,,,,,,,
"sparked by this, we introduce",False,BLACKLIST,LLMgenerated,sparked by,motivation-weak-FALSE,FALSE,,,,,,,,,
"sparked by this, we propose",False,BLACKLIST,LLMgenerated,sparked by,motivation-weak-FALSE,FALSE,,,,,,,,,
stimulated by these observations,False,BLACKLIST,LLMgenerated,stimulated by,motivation-weak-FALSE,FALSE,,,,,,,,,
stimulated by this,False,BLACKLIST,LLMgenerated,stimulated by,motivation-weak-FALSE,FALSE,,,,,,,,,
stimulated by this finding,False,BLACKLIST,LLMgenerated,stimulated by,motivation-weak-FALSE,FALSE,,,,,,,,,
stimulated by this observation,False,BLACKLIST,LLMgenerated,stimulated by,motivation-weak-FALSE,FALSE,,,,,,,,,
stimulated by this principle,False,BLACKLIST,LLMgenerated,stimulated by,motivation-weak-FALSE,FALSE,,,,,,,,,
"stimulated by this, we introduce",False,BLACKLIST,LLMgenerated,stimulated by,motivation-weak-FALSE,FALSE,,,,,,,,,
"stimulated by this, we propose",False,BLACKLIST,LLMgenerated,stimulated by,motivation-weak-FALSE,FALSE,,,,,,,,,
in this case,False,BLACKLIST,LLMgenerated,in this case,reference-FALSE,FALSE,,,,,,,,,
in this context,False,BLACKLIST,LLMgenerated,in this context,reference-FALSE,FALSE,,,,,,,,,
given this,False,BLACKLIST,LLMgenerated,given this,response-bare-FALSE,FALSE,,,,,,,,,
in light of this,False,BLACKLIST,LLMgenerated,in light of this,response-bare-FALSE,FALSE,,,,,,,,,
in view of this,False,BLACKLIST,LLMgenerated,in view of this,response-bare-FALSE,FALSE,,,,,,,,,
i.e.,False,BLACKLIST,LLMgenerated,i.e.,restatement-FALSE,FALSE,,,,,,,,,
in other words,False,BLACKLIST,LLMgenerated,in other words,restatement-FALSE,FALSE,,,,,,,,,
namely,False,BLACKLIST,LLMgenerated,namely,restatement-FALSE,FALSE,,,,,,,,,
put differently,False,BLACKLIST,LLMgenerated,put differently,restatement-FALSE,FALSE,,,,,,,,,
that is,False,BLACKLIST,LLMgenerated,that is,restatement-FALSE,FALSE,,,,,,,,,
in the same way,False,BLACKLIST,LLMgenerated,in the same way,similarity-FALSE,FALSE,,,,,,,,,
likewise,False,BLACKLIST,LLMgenerated,likewise,similarity-FALSE,FALSE,,,,,,,,,
similarly,False,BLACKLIST,LLMgenerated,similarly,similarity-FALSE,FALSE,,,,,,,,,
more specifically,False,BLACKLIST,LLMgenerated,more specifically,specification-FALSE,FALSE,,,,,,,,,
specifically,False,common_irrelevant,LLMgenerated,specifically,specification-FALSE,FALSE,,,,,,,,,
to be specific,False,BLACKLIST,LLMgenerated,to be specific,specification-FALSE,FALSE,,,,,,,,,
as such,False,BLACKLIST,LLMgenerated,as such,teleological-FALSE,FALSE,,,,,,,,,
finally,False,BLACKLIST,LLMgenerated,finally,temporal-FALSE,FALSE,,,,,,,,,
first,False,BLACKLIST,LLMgenerated,first,temporal-FALSE,FALSE,,,,,,,,,
meanwhile,False,BLACKLIST,LLMgenerated,meanwhile,temporal-FALSE,FALSE,,,,,,,,,
next,False,BLACKLIST,LLMgenerated,next,temporal-FALSE,FALSE,,,,,,,,,
subsequently,False,BLACKLIST,LLMgenerated,subsequently,temporal-FALSE,FALSE,,,,,,,,,
to account for this,False,BLACKLIST,LLMgenerated,to account for,weak-purposive-FALSE,FALSE,,,,,,,,,
to answer this,False,BLACKLIST,LLMgenerated,to answer,weak-purposive-FALSE,FALSE,,,,,,,,,
to approach this,False,BLACKLIST,LLMgenerated,to approach,weak-purposive-FALSE,FALSE,,,,,,,,,
to improve on,False,BLACKLIST,LLMgenerated,to improve on,weak-purposive-FALSE,FALSE,,,,,,,,,
to improve on this,False,BLACKLIST,LLMgenerated,to improve on,weak-purposive-FALSE,FALSE,,,,,,,,,
to improve upon,False,BLACKLIST,LLMgenerated,to improve upon,weak-purposive-FALSE,FALSE,,,,,,,,,
to improve upon this,False,BLACKLIST,LLMgenerated,to improve upon,weak-purposive-FALSE,FALSE,,,,,,,,,
to improve upon this approach,False,BLACKLIST,LLMgenerated,to improve upon,weak-purposive-FALSE,FALSE,,,,,,,,,
to relax this,False,BLACKLIST,LLMgenerated,to relax,weak-purposive-FALSE,FALSE,,,,,,,,,
"drawing from this,",False,BLACKLIST,LLMgenerated,drawing,building-FALSE,FALSE,,,,,,,,,
"drawing from this idea,",False,BLACKLIST,LLMgenerated,drawing,building-FALSE,FALSE,,,,,,,,,
"drawing on these ideas,",False,BLACKLIST,LLMgenerated,drawing,building-FALSE,FALSE,,,,,,,,,
"drawing upon these findings,",False,BLACKLIST,LLMgenerated,drawing,building-FALSE,FALSE,,,,,,,,,
"drawing on these examples,",False,BLACKLIST,LLMgenerated,drawing,building-FALSE,FALSE,,,,,,,,,
"drawing on this,",False,BLACKLIST,LLMgenerated,drawing,building-FALSE,FALSE,,,,,,,,,
"drawing on these insights,",False,BLACKLIST,LLMgenerated,drawing,building-FALSE,FALSE,,,,,,,,,
"drawing from our findings,",False,BLACKLIST,LLMgenerated,drawing,building-FALSE,FALSE,,,,,,,,,
"drawing from these findings,",False,BLACKLIST,LLMgenerated,drawing,building-FALSE,FALSE,,,,,,,,,
generalizing this,False,BLACKLIST,LLMgenerated,,,,,,,,,,,,
extending this idea,False,BLACKLIST,LLMgenerated,,,,,,,,,,,,
extending this further,False,BLACKLIST,LLMgenerated,,,,,,,,,,,,
extending this observation,False,BLACKLIST,LLMgenerated,,,,,,,,,,,,
extending this result,False,BLACKLIST,LLMgenerated,,,,,,,,,,,,
extending this argument,False,BLACKLIST,LLMgenerated,,,,,,,,,,,,
abstracting this,False,BLACKLIST,LLMgenerated,,,,,,,,,,,,
going beyond this,False,BLACKLIST,LLMgenerated,,,,,,,,,,,,
beyond this example,False,BLACKLIST,LLMgenerated,,,,,,,,,,,,
stepping back,False,BLACKLIST,LLMgenerated,,,,,,,,,,,,
taking a step back,False,BLACKLIST,LLMgenerated,,,,,,,,,,,,
in a general setting,False,BLACKLIST,LLMgenerated,,,,,,,,,,,,
in the general case,False,BLACKLIST,LLMgenerated,,,,,,,,,,,,
in the general setting,False,BLACKLIST,LLMgenerated,,,,,,,,,,,,
in abstract terms,False,BLACKLIST,LLMgenerated,,,,,,,,,,,,
lifting this to,False,BLACKLIST,LLMgenerated,,,,,,,,,,,,
lifting this result to,False,BLACKLIST,LLMgenerated,,,,,,,,,,,,
this extends to,False,BLACKLIST,LLMgenerated,,,,,,,,,,,,
in a general way,False,BLACKLIST,LLMgenerated,,,,,,,,,,,,
in generic terms,False,BLACKLIST,LLMgenerated,,,,,,,,,,,,
universally,False,BLACKLIST,LLMgenerated,,,,,,,,,,,,
generically,False,BLACKLIST,LLMgenerated,,,,,,,,,,,,
expanding on this,False,BLACKLIST,LLMgenerated,,,,,,,,,,,,
expanding this,False,BLACKLIST,LLMgenerated,,,,,,,,,,,,
beyond specifics,False,BLACKLIST,LLMgenerated,,,,,,,,,,,,
generalizing those findings,False,BLACKLIST,LLMgenerated,,,,,,,,,,,,
This resonates with the broader idea that,False,BLACKLIST,LLMgenerated,,,,,,,,,,,,
"This reflects a broader observation, ",False,BLACKLIST,LLMgenerated,,,,,,,,,,,,
"at a macro scale, that",False,BLACKLIST,combo,,,,,,,,,,,,
"at a macro scale, these",False,BLACKLIST,combo,,,,,,,,,,,,
"at a macro scale, this",False,BLACKLIST,combo,,,,,,,,,,,,
"at a macro scale, those",False,BLACKLIST,combo,,,,,,,,,,,,
by generalizing from these,False,BLACKLIST,combo,,,,,,,,,,,,
by generalizing from those,False,BLACKLIST,combo,,,,,,,,,,,,
by generalizing that,False,BLACKLIST,combo,,,,,,,,,,,,
by generalizing these,False,BLACKLIST,combo,,,,,,,,,,,,
by generalizing this,False,BLACKLIST,combo,,,,,,,,,,,,
by generalizing those,False,BLACKLIST,combo,,,,,,,,,,,,
demonstrate these in a more broaden,False,BLACKLIST,combo,,,,,,,,,,,,
demonstrate these more broadly,False,BLACKLIST,combo,,,,,,,,,,,,
demonstrate those in a more broaden,False,BLACKLIST,combo,,,,,,,,,,,,
demonstrate those more broadly,False,BLACKLIST,combo,,,,,,,,,,,,
demonstrate those more generally,False,BLACKLIST,combo,,,,,,,,,,,,
demonstrates that in a more broaden,False,BLACKLIST,combo,,,,,,,,,,,,
demonstrates that more broadly,False,BLACKLIST,combo,,,,,,,,,,,,
demonstrates this in a more broaden,False,BLACKLIST,combo,,,,,,,,,,,,
demonstrating that in a more broaden,False,BLACKLIST,combo,,,,,,,,,,,,
demonstrating that more broadly,False,BLACKLIST,combo,,,,,,,,,,,,
demonstrating that more generally,False,BLACKLIST,combo,,,,,,,,,,,,
demonstrating these in a more broaden,False,BLACKLIST,combo,,,,,,,,,,,,
demonstrating these more broadly,False,BLACKLIST,combo,,,,,,,,,,,,
demonstrating these more generally,False,BLACKLIST,combo,,,,,,,,,,,,
demonstrating this in a more broaden,False,BLACKLIST,combo,,,,,,,,,,,,
demonstrating this more generally,False,BLACKLIST,combo,,,,,,,,,,,,
demonstrating those in a more broaden,False,BLACKLIST,combo,,,,,,,,,,,,
demonstrating those more broadly,False,BLACKLIST,combo,,,,,,,,,,,,
demonstrating those more generally,False,BLACKLIST,combo,,,,,,,,,,,,
disclose these in a more broaden,False,BLACKLIST,combo,,,,,,,,,,,,
disclose these more broadly,False,BLACKLIST,combo,,,,,,,,,,,,
disclose these more generally,False,BLACKLIST,combo,,,,,,,,,,,,
disclose those in a more broaden,False,BLACKLIST,combo,,,,,,,,,,,,
disclose those more broadly,False,BLACKLIST,combo,,,,,,,,,,,,
disclose those more generally,False,BLACKLIST,combo,,,,,,,,,,,,
discloses that in a more broaden,False,BLACKLIST,combo,,,,,,,,,,,,
discloses that more broadly,False,BLACKLIST,combo,,,,,,,,,,,,
discloses that more generally,False,BLACKLIST,combo,,,,,,,,,,,,
discloses this in a more broaden,False,BLACKLIST,combo,,,,,,,,,,,,
discloses this more broadly,False,BLACKLIST,combo,,,,,,,,,,,,
discloses this more generally,False,BLACKLIST,combo,,,,,,,,,,,,
disclosing that in a more broaden,False,BLACKLIST,combo,,,,,,,,,,,,
disclosing that more broadly,False,BLACKLIST,combo,,,,,,,,,,,,
disclosing that more generally,False,BLACKLIST,combo,,,,,,,,,,,,
disclosing these in a more broaden,False,BLACKLIST,combo,,,,,,,,,,,,
disclosing these more broadly,False,BLACKLIST,combo,,,,,,,,,,,,
disclosing these more generally,False,BLACKLIST,combo,,,,,,,,,,,,
disclosing this in a more broaden,False,BLACKLIST,combo,,,,,,,,,,,,
disclosing this more broadly,False,BLACKLIST,combo,,,,,,,,,,,,
disclosing those in a more broaden,False,BLACKLIST,combo,,,,,,,,,,,,
disclosing those more broadly,False,BLACKLIST,combo,,,,,,,,,,,,
disclosing those more generally,False,BLACKLIST,combo,,,,,,,,,,,,
encompass these in a more broaden,False,BLACKLIST,combo,,,,,,,,,,,,
encompass these more generally,False,BLACKLIST,combo,,,,,,,,,,,,
encompass those in a more broaden,False,BLACKLIST,combo,,,,,,,,,,,,
encompass those more broadly,False,BLACKLIST,combo,,,,,,,,,,,,
encompasses that in a more broaden,False,BLACKLIST,combo,,,,,,,,,,,,
encompasses this in a more broaden,False,BLACKLIST,combo,,,,,,,,,,,,
encompassing that in a more broaden,False,BLACKLIST,combo,,,,,,,,,,,,
encompassing these in a more broaden,False,BLACKLIST,combo,,,,,,,,,,,,
encompassing this in a more broaden,False,BLACKLIST,combo,,,,,,,,,,,,
encompassing those in a more broaden,False,BLACKLIST,combo,,,,,,,,,,,,
encompassing those more broadly,False,BLACKLIST,combo,,,,,,,,,,,,
expanding from that,False,BLACKLIST,combo,,,,,,,,,,,,
expanding from these,False,BLACKLIST,combo,,,,,,,,,,,,
expanding from those,False,BLACKLIST,combo,,,,,,,,,,,,
expanding on that,False,BLACKLIST,combo,,,,,,,,,,,,
expanding on these,False,BLACKLIST,combo,,,,,,,,,,,,
expanding on those,False,BLACKLIST,combo,,,,,,,,,,,,
expanding that,False,BLACKLIST,combo,,,,,,,,,,,,
expanding these,False,BLACKLIST,combo,,,,,,,,,,,,
expanding those,False,BLACKLIST,combo,,,,,,,,,,,,
expanding upon that,False,BLACKLIST,combo,,,,,,,,,,,,
expanding upon these,False,BLACKLIST,combo,,,,,,,,,,,,
expanding upon this,False,BLACKLIST,combo,,,,,,,,,,,,
expanding upon those,False,BLACKLIST,combo,,,,,,,,,,,,
expose these in a more broaden,False,BLACKLIST,combo,,,,,,,,,,,,
expose these more broadly,False,BLACKLIST,combo,,,,,,,,,,,,
expose these more generally,False,BLACKLIST,combo,,,,,,,,,,,,
expose those in a more broaden,False,BLACKLIST,combo,,,,,,,,,,,,
expose those more broadly,False,BLACKLIST,combo,,,,,,,,,,,,
expose those more generally,False,BLACKLIST,combo,,,,,,,,,,,,
exposes that in a more broaden,False,BLACKLIST,combo,,,,,,,,,,,,
exposes that more broadly,False,BLACKLIST,combo,,,,,,,,,,,,
exposes that more generally,False,BLACKLIST,combo,,,,,,,,,,,,
exposes this in a more broaden,False,BLACKLIST,combo,,,,,,,,,,,,
exposes this more broadly,False,BLACKLIST,combo,,,,,,,,,,,,
exposes this more generally,False,BLACKLIST,combo,,,,,,,,,,,,
exposing that in a more broaden,False,BLACKLIST,combo,,,,,,,,,,,,
exposing that more broadly,False,BLACKLIST,combo,,,,,,,,,,,,
exposing that more generally,False,BLACKLIST,combo,,,,,,,,,,,,
exposing these in a more broaden,False,BLACKLIST,combo,,,,,,,,,,,,
exposing these more broadly,False,BLACKLIST,combo,,,,,,,,,,,,
exposing these more generally,False,BLACKLIST,combo,,,,,,,,,,,,
exposing this in a more broaden,False,BLACKLIST,combo,,,,,,,,,,,,
exposing this more broadly,False,BLACKLIST,combo,,,,,,,,,,,,
exposing this more generally,False,BLACKLIST,combo,,,,,,,,,,,,
exposing those in a more broaden,False,BLACKLIST,combo,,,,,,,,,,,,
exposing those more broadly,False,BLACKLIST,combo,,,,,,,,,,,,
exposing those more generally,False,BLACKLIST,combo,,,,,,,,,,,,
express these in a more broaden,False,BLACKLIST,combo,,,,,,,,,,,,
express those in a more broaden,False,BLACKLIST,combo,,,,,,,,,,,,
express those more broadly,False,BLACKLIST,combo,,,,,,,,,,,,
expresses that in a more broaden,False,BLACKLIST,combo,,,,,,,,,,,,
expresses this in a more broaden,False,BLACKLIST,combo,,,,,,,,,,,,
expressing that in a more broaden,False,BLACKLIST,combo,,,,,,,,,,,,
expressing these in a more broaden,False,BLACKLIST,combo,,,,,,,,,,,,
expressing this in a more broaden,False,BLACKLIST,combo,,,,,,,,,,,,
expressing those in a more broaden,False,BLACKLIST,combo,,,,,,,,,,,,
expressing those more broadly,False,BLACKLIST,combo,,,,,,,,,,,,
expressing those more generally,False,BLACKLIST,combo,,,,,,,,,,,,
extending beyond that,False,BLACKLIST,combo,,,,,,,,,,,,
extending beyond these,False,BLACKLIST,combo,,,,,,,,,,,,
extending beyond this,False,BLACKLIST,combo,,,,,,,,,,,,
extending beyond those,False,BLACKLIST,combo,,,,,,,,,,,,
extending on that,False,BLACKLIST,combo,,,,,,,,,,,,
extending on these,False,BLACKLIST,combo,,,,,,,,,,,,
extending on this,False,BLACKLIST,combo,,,,,,,,,,,,
extending on those,False,BLACKLIST,combo,,,,,,,,,,,,
extending that,False,BLACKLIST,combo,,,,,,,,,,,,
extending these,False,BLACKLIST,combo,,,,,,,,,,,,
extending those,False,BLACKLIST,combo,,,,,,,,,,,,
fine tuning that,False,BLACKLIST,combo,,,,,,,,,,,,
fine tuning these,False,BLACKLIST,combo,,,,,,,,,,,,
fine tuning this,False,BLACKLIST,combo,,,,,,,,,,,,
fine tuning those,False,BLACKLIST,combo,,,,,,,,,,,,
highlight these in a more broaden,False,BLACKLIST,combo,,,,,,,,,,,,
highlight these more broadly,False,BLACKLIST,combo,,,,,,,,,,,,
highlight these more generally,False,BLACKLIST,combo,,,,,,,,,,,,
highlight those in a more broaden,False,BLACKLIST,combo,,,,,,,,,,,,
highlight those more broadly,False,BLACKLIST,combo,,,,,,,,,,,,
highlight those more generally,False,BLACKLIST,combo,,,,,,,,,,,,
highlighting that in a more broaden,False,BLACKLIST,combo,,,,,,,,,,,,
highlighting that more broadly,False,BLACKLIST,combo,,,,,,,,,,,,
highlighting these in a more broaden,False,BLACKLIST,combo,,,,,,,,,,,,
highlighting these more broadly,False,BLACKLIST,combo,,,,,,,,,,,,
highlighting these more generally,False,BLACKLIST,combo,,,,,,,,,,,,
highlighting this in a more broaden,False,BLACKLIST,combo,,,,,,,,,,,,
highlighting this more broadly,False,BLACKLIST,combo,,,,,,,,,,,,
highlighting this more generally,False,BLACKLIST,combo,,,,,,,,,,,,
highlighting those in a more broaden,False,BLACKLIST,combo,,,,,,,,,,,,
highlighting those more broadly,False,BLACKLIST,combo,,,,,,,,,,,,
highlighting those more generally,False,BLACKLIST,combo,,,,,,,,,,,,
highlights that in a more broaden,False,BLACKLIST,combo,,,,,,,,,,,,
highlights that more broadly,False,BLACKLIST,combo,,,,,,,,,,,,
highlights this in a more broaden,False,BLACKLIST,combo,,,,,,,,,,,,
highlights this more broadly,False,BLACKLIST,combo,,,,,,,,,,,,
highlights this more generally,False,BLACKLIST,combo,,,,,,,,,,,,
implies that in a more broaden,False,BLACKLIST,combo,,,,,,,,,,,,
implies this in a more broaden,False,BLACKLIST,combo,,,,,,,,,,,,
imply these in a more broaden,False,BLACKLIST,combo,,,,,,,,,,,,
imply these more broadly,False,BLACKLIST,combo,,,,,,,,,,,,
imply those in a more broaden,False,BLACKLIST,combo,,,,,,,,,,,,
imply those more broadly,False,BLACKLIST,combo,,,,,,,,,,,,
implying that in a more broaden,False,BLACKLIST,combo,,,,,,,,,,,,
implying that more broadly,False,BLACKLIST,combo,,,,,,,,,,,,
implying these in a more broaden,False,BLACKLIST,combo,,,,,,,,,,,,
implying these more broadly,False,BLACKLIST,combo,,,,,,,,,,,,
implying these more generally,False,BLACKLIST,combo,,,,,,,,,,,,
implying this in a more broaden,False,BLACKLIST,combo,,,,,,,,,,,,
implying those in a more broaden,False,BLACKLIST,combo,,,,,,,,,,,,
implying those more broadly,False,BLACKLIST,combo,,,,,,,,,,,,
implying those more generally,False,BLACKLIST,combo,,,,,,,,,,,,
indicate these in a more broaden,False,BLACKLIST,combo,,,,,,,,,,,,
indicate those in a more broaden,False,BLACKLIST,combo,,,,,,,,,,,,
indicate those more broadly,False,BLACKLIST,combo,,,,,,,,,,,,
indicate those more generally,False,BLACKLIST,combo,,,,,,,,,,,,
indicates that in a more broaden,False,BLACKLIST,combo,,,,,,,,,,,,
indicates that more broadly,False,BLACKLIST,combo,,,,,,,,,,,,
indicates this in a more broaden,False,BLACKLIST,combo,,,,,,,,,,,,
indicating that in a more broaden,False,BLACKLIST,combo,,,,,,,,,,,,
indicating these in a more broaden,False,BLACKLIST,combo,,,,,,,,,,,,
indicating these more broadly,False,BLACKLIST,combo,,,,,,,,,,,,
indicating these more generally,False,BLACKLIST,combo,,,,,,,,,,,,
indicating this in a more broaden,False,BLACKLIST,combo,,,,,,,,,,,,
indicating those in a more broaden,False,BLACKLIST,combo,,,,,,,,,,,,
indicating those more broadly,False,BLACKLIST,combo,,,,,,,,,,,,
indicating those more generally,False,BLACKLIST,combo,,,,,,,,,,,,
lead to these in a more broaden,False,BLACKLIST,combo,,,,,,,,,,,,
lead to these more broadly,False,BLACKLIST,combo,,,,,,,,,,,,
lead to these more generally,False,BLACKLIST,combo,,,,,,,,,,,,
lead to those in a more broaden,False,BLACKLIST,combo,,,,,,,,,,,,
lead to those more broadly,False,BLACKLIST,combo,,,,,,,,,,,,
lead to those more generally,False,BLACKLIST,combo,,,,,,,,,,,,
leading to that in a more broaden,False,BLACKLIST,combo,,,,,,,,,,,,
leading to that more broadly,False,BLACKLIST,combo,,,,,,,,,,,,
leading to that more generally,False,BLACKLIST,combo,,,,,,,,,,,,
leading to these in a more broaden,False,BLACKLIST,combo,,,,,,,,,,,,
leading to these more broadly,False,BLACKLIST,combo,,,,,,,,,,,,
leading to these more generally,False,BLACKLIST,combo,,,,,,,,,,,,
leading to this in a more broaden,False,BLACKLIST,combo,,,,,,,,,,,,
leading to this more broadly,False,BLACKLIST,combo,,,,,,,,,,,,
leading to this more generally,False,BLACKLIST,combo,,,,,,,,,,,,
leading to those in a more broaden,False,BLACKLIST,combo,,,,,,,,,,,,
leading to those more broadly,False,BLACKLIST,combo,,,,,,,,,,,,
leading to those more generally,False,BLACKLIST,combo,,,,,,,,,,,,
leads to that in a more broaden,False,BLACKLIST,combo,,,,,,,,,,,,
leads to that more broadly,False,BLACKLIST,combo,,,,,,,,,,,,
leads to that more generally,False,BLACKLIST,combo,,,,,,,,,,,,
leads to this in a more broaden,False,BLACKLIST,combo,,,,,,,,,,,,
leads to this more broadly,False,BLACKLIST,combo,,,,,,,,,,,,
leads to this more generally,False,BLACKLIST,combo,,,,,,,,,,,,
on a larger scale than that,False,BLACKLIST,combo,,,,,,,,,,,,
on a larger scale than these,False,BLACKLIST,combo,,,,,,,,,,,,
on a larger scale than this,False,BLACKLIST,combo,,,,,,,,,,,,
on a larger scale than those,False,BLACKLIST,combo,,,,,,,,,,,,
reveal these in a more broaden,False,BLACKLIST,combo,,,,,,,,,,,,
reveal these more broadly,False,BLACKLIST,combo,,,,,,,,,,,,
reveal these more generally,False,BLACKLIST,combo,,,,,,,,,,,,
reveal those in a more broaden,False,BLACKLIST,combo,,,,,,,,,,,,
reveal those more broadly,False,BLACKLIST,combo,,,,,,,,,,,,
reveal those more generally,False,BLACKLIST,combo,,,,,,,,,,,,
revealing that in a more broaden,False,BLACKLIST,combo,,,,,,,,,,,,
revealing that more broadly,False,BLACKLIST,combo,,,,,,,,,,,,
revealing these in a more broaden,False,BLACKLIST,combo,,,,,,,,,,,,
revealing these more broadly,False,BLACKLIST,combo,,,,,,,,,,,,
revealing these more generally,False,BLACKLIST,combo,,,,,,,,,,,,
revealing this in a more broaden,False,BLACKLIST,combo,,,,,,,,,,,,
revealing this more broadly,False,BLACKLIST,combo,,,,,,,,,,,,
revealing this more generally,False,BLACKLIST,combo,,,,,,,,,,,,
revealing those in a more broaden,False,BLACKLIST,combo,,,,,,,,,,,,
revealing those more broadly,False,BLACKLIST,combo,,,,,,,,,,,,
revealing those more generally,False,BLACKLIST,combo,,,,,,,,,,,,
reveals that in a more broaden,False,BLACKLIST,combo,,,,,,,,,,,,
reveals that more broadly,False,BLACKLIST,combo,,,,,,,,,,,,
reveals this in a more broaden,False,BLACKLIST,combo,,,,,,,,,,,,
reveals this more broadly,False,BLACKLIST,combo,,,,,,,,,,,,
reveals this more generally,False,BLACKLIST,combo,,,,,,,,,,,,
show these in a more broaden,False,BLACKLIST,combo,,,,,,,,,,,,
show these more broadly,False,BLACKLIST,combo,,,,,,,,,,,,
show these more generally,False,BLACKLIST,combo,,,,,,,,,,,,
show those in a more broaden,False,BLACKLIST,combo,,,,,,,,,,,,
show those more broadly,False,BLACKLIST,combo,,,,,,,,,,,,
show those more generally,False,BLACKLIST,combo,,,,,,,,,,,,
showing that in a more broaden,False,BLACKLIST,combo,,,,,,,,,,,,
showing that more broadly,False,BLACKLIST,combo,,,,,,,,,,,,
showing these in a more broaden,False,BLACKLIST,combo,,,,,,,,,,,,
showing these more broadly,False,BLACKLIST,combo,,,,,,,,,,,,
showing these more generally,False,BLACKLIST,combo,,,,,,,,,,,,
showing this in a more broaden,False,BLACKLIST,combo,,,,,,,,,,,,
showing those in a more broaden,False,BLACKLIST,combo,,,,,,,,,,,,
showing those more broadly,False,BLACKLIST,combo,,,,,,,,,,,,
showing those more generally,False,BLACKLIST,combo,,,,,,,,,,,,
shows that in a more broaden,False,BLACKLIST,combo,,,,,,,,,,,,
shows that more broadly,False,BLACKLIST,combo,,,,,,,,,,,,
shows this in a more broaden,False,BLACKLIST,combo,,,,,,,,,,,,
suggest these in a more broaden,False,BLACKLIST,combo,,,,,,,,,,,,
suggest these more broadly,False,BLACKLIST,combo,,,,,,,,,,,,
suggest these more generally,False,BLACKLIST,combo,,,,,,,,,,,,
suggest those in a more broaden,False,BLACKLIST,combo,,,,,,,,,,,,
suggest those more broadly,False,BLACKLIST,combo,,,,,,,,,,,,
suggest those more generally,False,BLACKLIST,combo,,,,,,,,,,,,
suggesting that in a more broaden,False,BLACKLIST,combo,,,,,,,,,,,,
suggesting that more broadly,False,BLACKLIST,combo,,,,,,,,,,,,
suggesting that more generally,False,BLACKLIST,combo,,,,,,,,,,,,
suggesting these in a more broaden,False,BLACKLIST,combo,,,,,,,,,,,,
suggesting these more broadly,False,BLACKLIST,combo,,,,,,,,,,,,
suggesting these more generally,False,BLACKLIST,combo,,,,,,,,,,,,
suggesting this in a more broaden,False,BLACKLIST,combo,,,,,,,,,,,,
suggesting this more generally,False,BLACKLIST,combo,,,,,,,,,,,,
suggesting those in a more broaden,False,BLACKLIST,combo,,,,,,,,,,,,
suggesting those more broadly,False,BLACKLIST,combo,,,,,,,,,,,,
suggesting those more generally,False,BLACKLIST,combo,,,,,,,,,,,,
suggests that in a more broaden,False,BLACKLIST,combo,,,,,,,,,,,,
suggests that more broadly,False,BLACKLIST,combo,,,,,,,,,,,,
suggests this in a more broaden,False,BLACKLIST,combo,,,,,,,,,,,,
suggests this more broadly,False,BLACKLIST,combo,,,,,,,,,,,,
that demonstrates a more broaden,False,BLACKLIST,combo,,,,,,,,,,,,
that demonstrates a more general,False,BLACKLIST,combo,,,,,,,,,,,,
that demonstrates that in general,False,BLACKLIST,combo,,,,,,,,,,,,
that demonstrating a more broaden,False,BLACKLIST,combo,,,,,,,,,,,,
that demonstrating a more general,False,BLACKLIST,combo,,,,,,,,,,,,
that demonstrating that in general,False,BLACKLIST,combo,,,,,,,,,,,,
that discloses a more broaden,False,BLACKLIST,combo,,,,,,,,,,,,
that discloses a more general,False,BLACKLIST,combo,,,,,,,,,,,,
that discloses that in general,False,BLACKLIST,combo,,,,,,,,,,,,
that disclosing a more broaden,False,BLACKLIST,combo,,,,,,,,,,,,
that disclosing a more general,False,BLACKLIST,combo,,,,,,,,,,,,
that disclosing that in general,False,BLACKLIST,combo,,,,,,,,,,,,
that encompasses a more broaden,False,BLACKLIST,combo,,,,,,,,,,,,
that encompasses that in general,False,BLACKLIST,combo,,,,,,,,,,,,
that encompassing a more broaden,False,BLACKLIST,combo,,,,,,,,,,,,
that encompassing that in general,False,BLACKLIST,combo,,,,,,,,,,,,
that exposes a more broaden,False,BLACKLIST,combo,,,,,,,,,,,,
that exposes that in general,False,BLACKLIST,combo,,,,,,,,,,,,
that exposing a more broaden,False,BLACKLIST,combo,,,,,,,,,,,,
that exposing a more general,False,BLACKLIST,combo,,,,,,,,,,,,
that exposing that in general,False,BLACKLIST,combo,,,,,,,,,,,,
that expresses a more broaden,False,BLACKLIST,combo,,,,,,,,,,,,
that expresses that in general,False,BLACKLIST,combo,,,,,,,,,,,,
that expressing a more broaden,False,BLACKLIST,combo,,,,,,,,,,,,
that expressing a more general,False,BLACKLIST,combo,,,,,,,,,,,,
that expressing that in general,False,BLACKLIST,combo,,,,,,,,,,,,
that highlighting a more broaden,False,BLACKLIST,combo,,,,,,,,,,,,
that highlighting a more general,False,BLACKLIST,combo,,,,,,,,,,,,
that highlighting that in general,False,BLACKLIST,combo,,,,,,,,,,,,
that highlights a more broaden,False,BLACKLIST,combo,,,,,,,,,,,,
that highlights that in general,False,BLACKLIST,combo,,,,,,,,,,,,
that implies a more broaden,False,BLACKLIST,combo,,,,,,,,,,,,
that implies that in general,False,BLACKLIST,combo,,,,,,,,,,,,
that implying a more broaden,False,BLACKLIST,combo,,,,,,,,,,,,
that implying that in general,False,BLACKLIST,combo,,,,,,,,,,,,
that indicates a more broaden,False,BLACKLIST,combo,,,,,,,,,,,,
that indicates that in general,False,BLACKLIST,combo,,,,,,,,,,,,
that indicating a more broaden,False,BLACKLIST,combo,,,,,,,,,,,,
that indicating a more general,False,BLACKLIST,combo,,,,,,,,,,,,
that indicating that in general,False,BLACKLIST,combo,,,,,,,,,,,,
that leading to a more broaden,False,BLACKLIST,combo,,,,,,,,,,,,
that leading to a more general,False,BLACKLIST,combo,,,,,,,,,,,,
that leading to that in general,False,BLACKLIST,combo,,,,,,,,,,,,
that leads to a more broaden,False,BLACKLIST,combo,,,,,,,,,,,,
that leads to a more general,False,BLACKLIST,combo,,,,,,,,,,,,
that leads to that in general,False,BLACKLIST,combo,,,,,,,,,,,,
that revealing a more broaden,False,BLACKLIST,combo,,,,,,,,,,,,
that revealing a more general,False,BLACKLIST,combo,,,,,,,,,,,,
that revealing that in general,False,BLACKLIST,combo,,,,,,,,,,,,
that reveals a more broaden,False,BLACKLIST,combo,,,,,,,,,,,,
that reveals that in general,False,BLACKLIST,combo,,,,,,,,,,,,
that showing a more broaden,False,BLACKLIST,combo,,,,,,,,,,,,
that showing a more general,False,BLACKLIST,combo,,,,,,,,,,,,
that showing that in general,False,BLACKLIST,combo,,,,,,,,,,,,
that shows a more broaden,False,BLACKLIST,combo,,,,,,,,,,,,
that shows a more general,False,BLACKLIST,combo,,,,,,,,,,,,
that shows that in general,False,BLACKLIST,combo,,,,,,,,,,,,
that suggesting a more broaden,False,BLACKLIST,combo,,,,,,,,,,,,
that suggesting that in general,False,BLACKLIST,combo,,,,,,,,,,,,
that suggests a more broaden,False,BLACKLIST,combo,,,,,,,,,,,,
that suggests that in general,False,BLACKLIST,combo,,,,,,,,,,,,
that unveiling a more broaden,False,BLACKLIST,combo,,,,,,,,,,,,
that unveiling a more general,False,BLACKLIST,combo,,,,,,,,,,,,
that unveiling that in general,False,BLACKLIST,combo,,,,,,,,,,,,
that unveils a more broaden,False,BLACKLIST,combo,,,,,,,,,,,,
that unveils that in general,False,BLACKLIST,combo,,,,,,,,,,,,
these demonstrate a more broaden,False,BLACKLIST,combo,,,,,,,,,,,,
these demonstrate that in general,False,BLACKLIST,combo,,,,,,,,,,,,
these demonstrating a more broaden,False,BLACKLIST,combo,,,,,,,,,,,,
these demonstrating a more general,False,BLACKLIST,combo,,,,,,,,,,,,
these demonstrating that in general,False,BLACKLIST,combo,,,,,,,,,,,,
these disclose a more broaden,False,BLACKLIST,combo,,,,,,,,,,,,
these disclose that in general,False,BLACKLIST,combo,,,,,,,,,,,,
these disclosing a more broaden,False,BLACKLIST,combo,,,,,,,,,,,,
these disclosing a more general,False,BLACKLIST,combo,,,,,,,,,,,,
these disclosing that in general,False,BLACKLIST,combo,,,,,,,,,,,,
these encompass a more broaden,False,BLACKLIST,combo,,,,,,,,,,,,
these encompass that in general,False,BLACKLIST,combo,,,,,,,,,,,,
these encompassing a more broaden,False,BLACKLIST,combo,,,,,,,,,,,,
these encompassing a more general,False,BLACKLIST,combo,,,,,,,,,,,,
these encompassing that in general,False,BLACKLIST,combo,,,,,,,,,,,,
these expose a more broaden,False,BLACKLIST,combo,,,,,,,,,,,,
these expose a more general,False,BLACKLIST,combo,,,,,,,,,,,,
these expose that in general,False,BLACKLIST,combo,,,,,,,,,,,,
these exposing a more broaden,False,BLACKLIST,combo,,,,,,,,,,,,
these exposing a more general,False,BLACKLIST,combo,,,,,,,,,,,,
these exposing that in general,False,BLACKLIST,combo,,,,,,,,,,,,
these express a more broaden,False,BLACKLIST,combo,,,,,,,,,,,,
these express that in general,False,BLACKLIST,combo,,,,,,,,,,,,
these expressing a more broaden,False,BLACKLIST,combo,,,,,,,,,,,,
these expressing a more general,False,BLACKLIST,combo,,,,,,,,,,,,
these expressing that in general,False,BLACKLIST,combo,,,,,,,,,,,,
these highlight a more broaden,False,BLACKLIST,combo,,,,,,,,,,,,
these highlight that in general,False,BLACKLIST,combo,,,,,,,,,,,,
these highlighting a more broaden,False,BLACKLIST,combo,,,,,,,,,,,,
these highlighting a more general,False,BLACKLIST,combo,,,,,,,,,,,,
these highlighting that in general,False,BLACKLIST,combo,,,,,,,,,,,,
these imply a more broaden,False,BLACKLIST,combo,,,,,,,,,,,,
these imply that in general,False,BLACKLIST,combo,,,,,,,,,,,,
these implying a more broaden,False,BLACKLIST,combo,,,,,,,,,,,,
these implying that in general,False,BLACKLIST,combo,,,,,,,,,,,,
these indicate a more broaden,False,BLACKLIST,combo,,,,,,,,,,,,
these indicate that in general,False,BLACKLIST,combo,,,,,,,,,,,,
these indicating a more broaden,False,BLACKLIST,combo,,,,,,,,,,,,
these indicating that in general,False,BLACKLIST,combo,,,,,,,,,,,,
these lead to a more broaden,False,BLACKLIST,combo,,,,,,,,,,,,
these lead to a more general,False,BLACKLIST,combo,,,,,,,,,,,,
these lead to that in general,False,BLACKLIST,combo,,,,,,,,,,,,
these leading to a more broaden,False,BLACKLIST,combo,,,,,,,,,,,,
these leading to a more general,False,BLACKLIST,combo,,,,,,,,,,,,
these leading to that in general,False,BLACKLIST,combo,,,,,,,,,,,,
these reveal a more broaden,False,BLACKLIST,combo,,,,,,,,,,,,
these reveal that in general,False,BLACKLIST,combo,,,,,,,,,,,,
these revealing a more broaden,False,BLACKLIST,combo,,,,,,,,,,,,
these revealing a more general,False,BLACKLIST,combo,,,,,,,,,,,,
these revealing that in general,False,BLACKLIST,combo,,,,,,,,,,,,
these show a more broaden,False,BLACKLIST,combo,,,,,,,,,,,,
these show a more general,False,BLACKLIST,combo,,,,,,,,,,,,
these show that in general,False,BLACKLIST,combo,,,,,,,,,,,,
these showing a more broaden,False,BLACKLIST,combo,,,,,,,,,,,,
these showing a more general,False,BLACKLIST,combo,,,,,,,,,,,,
these showing that in general,False,BLACKLIST,combo,,,,,,,,,,,,
these suggest a more broaden,False,BLACKLIST,combo,,,,,,,,,,,,
these suggest that in general,False,BLACKLIST,combo,,,,,,,,,,,,
these suggesting a more broaden,False,BLACKLIST,combo,,,,,,,,,,,,
these suggesting a more general,False,BLACKLIST,combo,,,,,,,,,,,,
these suggesting that in general,False,BLACKLIST,combo,,,,,,,,,,,,
these unveil a more broaden,False,BLACKLIST,combo,,,,,,,,,,,,
these unveil that in general,False,BLACKLIST,combo,,,,,,,,,,,,
these unveiling a more broaden,False,BLACKLIST,combo,,,,,,,,,,,,
these unveiling a more general,False,BLACKLIST,combo,,,,,,,,,,,,
these unveiling that in general,False,BLACKLIST,combo,,,,,,,,,,,,
this demonstrates a more broaden,False,BLACKLIST,combo,,,,,,,,,,,,
this demonstrates that in general,False,BLACKLIST,combo,,,,,,,,,,,,
this demonstrating a more broaden,False,BLACKLIST,combo,,,,,,,,,,,,
this demonstrating that in general,False,BLACKLIST,combo,,,,,,,,,,,,
this discloses a more broaden,False,BLACKLIST,combo,,,,,,,,,,,,
this discloses that in general,False,BLACKLIST,combo,,,,,,,,,,,,
this disclosing a more broaden,False,BLACKLIST,combo,,,,,,,,,,,,
this disclosing that in general,False,BLACKLIST,combo,,,,,,,,,,,,
this encompasses a more broaden,False,BLACKLIST,combo,,,,,,,,,,,,
this encompasses that in general,False,BLACKLIST,combo,,,,,,,,,,,,
this encompassing a more broaden,False,BLACKLIST,combo,,,,,,,,,,,,
this encompassing that in general,False,BLACKLIST,combo,,,,,,,,,,,,
this exposes a more broaden,False,BLACKLIST,combo,,,,,,,,,,,,
this exposes that in general,False,BLACKLIST,combo,,,,,,,,,,,,
this exposing a more broaden,False,BLACKLIST,combo,,,,,,,,,,,,
this exposing a more general,False,BLACKLIST,combo,,,,,,,,,,,,
this exposing that in general,False,BLACKLIST,combo,,,,,,,,,,,,
this expresses a more broaden,False,BLACKLIST,combo,,,,,,,,,,,,
this expresses that in general,False,BLACKLIST,combo,,,,,,,,,,,,
this expressing a more broaden,False,BLACKLIST,combo,,,,,,,,,,,,
this expressing that in general,False,BLACKLIST,combo,,,,,,,,,,,,
this highlighting a more broaden,False,BLACKLIST,combo,,,,,,,,,,,,
this highlighting that in general,False,BLACKLIST,combo,,,,,,,,,,,,
this highlights a more broaden,False,BLACKLIST,combo,,,,,,,,,,,,
this highlights that in general,False,BLACKLIST,combo,,,,,,,,,,,,
this implies a more broaden,False,BLACKLIST,combo,,,,,,,,,,,,
this implies a more general,False,BLACKLIST,combo,,,,,,,,,,,,
this implies that in general,False,BLACKLIST,combo,,,,,,,,,,,,
this implying a more broaden,False,BLACKLIST,combo,,,,,,,,,,,,
this implying a more general,False,BLACKLIST,combo,,,,,,,,,,,,
this implying that in general,False,BLACKLIST,combo,,,,,,,,,,,,
this indicates a more broaden,False,BLACKLIST,combo,,,,,,,,,,,,
this indicates that in general,False,BLACKLIST,combo,,,,,,,,,,,,
this indicating a more broaden,False,BLACKLIST,combo,,,,,,,,,,,,
this indicating that in general,False,BLACKLIST,combo,,,,,,,,,,,,
this leading to a more broaden,False,BLACKLIST,combo,,,,,,,,,,,,
this leading to a more general,False,BLACKLIST,combo,,,,,,,,,,,,
this leading to that in general,False,BLACKLIST,combo,,,,,,,,,,,,
this leads to a more broaden,False,BLACKLIST,combo,,,,,,,,,,,,
this leads to a more general,False,BLACKLIST,combo,,,,,,,,,,,,
this leads to that in general,False,BLACKLIST,combo,,,,,,,,,,,,
this revealing a more broaden,False,BLACKLIST,combo,,,,,,,,,,,,
this revealing that in general,False,BLACKLIST,combo,,,,,,,,,,,,
this reveals a more broaden,False,BLACKLIST,combo,,,,,,,,,,,,
this reveals that in general,False,BLACKLIST,combo,,,,,,,,,,,,
this showing a more broaden,False,BLACKLIST,combo,,,,,,,,,,,,
this showing a more general,False,BLACKLIST,combo,,,,,,,,,,,,
this showing that in general,False,BLACKLIST,combo,,,,,,,,,,,,
this shows a more broaden,False,BLACKLIST,combo,,,,,,,,,,,,
this shows a more general,False,BLACKLIST,combo,,,,,,,,,,,,
this shows that in general,False,BLACKLIST,combo,,,,,,,,,,,,
this suggesting a more broaden,False,BLACKLIST,combo,,,,,,,,,,,,
this suggesting a more general,False,BLACKLIST,combo,,,,,,,,,,,,
this suggesting that in general,False,BLACKLIST,combo,,,,,,,,,,,,
this suggests a more broaden,False,BLACKLIST,combo,,,,,,,,,,,,
this suggests that in general,False,BLACKLIST,combo,,,,,,,,,,,,
this unveiling a more broaden,False,BLACKLIST,combo,,,,,,,,,,,,
this unveiling that in general,False,BLACKLIST,combo,,,,,,,,,,,,
this unveils a more broaden,False,BLACKLIST,combo,,,,,,,,,,,,
this unveils that in general,False,BLACKLIST,combo,,,,,,,,,,,,
those demonstrate a more broaden,False,BLACKLIST,combo,,,,,,,,,,,,
those demonstrate a more general,False,BLACKLIST,combo,,,,,,,,,,,,
those demonstrate that in general,False,BLACKLIST,combo,,,,,,,,,,,,
those demonstrating a more broaden,False,BLACKLIST,combo,,,,,,,,,,,,
those demonstrating a more general,False,BLACKLIST,combo,,,,,,,,,,,,
those demonstrating that in general,False,BLACKLIST,combo,,,,,,,,,,,,
those disclose a more broaden,False,BLACKLIST,combo,,,,,,,,,,,,
those disclose a more general,False,BLACKLIST,combo,,,,,,,,,,,,
those disclose that in general,False,BLACKLIST,combo,,,,,,,,,,,,
those disclosing a more broaden,False,BLACKLIST,combo,,,,,,,,,,,,
those disclosing a more general,False,BLACKLIST,combo,,,,,,,,,,,,
those disclosing that in general,False,BLACKLIST,combo,,,,,,,,,,,,
those encompass a more broaden,False,BLACKLIST,combo,,,,,,,,,,,,
those encompass that in general,False,BLACKLIST,combo,,,,,,,,,,,,
those encompassing a more broaden,False,BLACKLIST,combo,,,,,,,,,,,,
those encompassing a more general,False,BLACKLIST,combo,,,,,,,,,,,,
those encompassing that in general,False,BLACKLIST,combo,,,,,,,,,,,,
those expose a more broaden,False,BLACKLIST,combo,,,,,,,,,,,,
those expose a more general,False,BLACKLIST,combo,,,,,,,,,,,,
those expose that in general,False,BLACKLIST,combo,,,,,,,,,,,,
those exposing a more broaden,False,BLACKLIST,combo,,,,,,,,,,,,
those exposing a more general,False,BLACKLIST,combo,,,,,,,,,,,,
those exposing that in general,False,BLACKLIST,combo,,,,,,,,,,,,
those express a more broaden,False,BLACKLIST,combo,,,,,,,,,,,,
those express that in general,False,BLACKLIST,combo,,,,,,,,,,,,
those expressing a more broaden,False,BLACKLIST,combo,,,,,,,,,,,,
those expressing a more general,False,BLACKLIST,combo,,,,,,,,,,,,
those expressing that in general,False,BLACKLIST,combo,,,,,,,,,,,,
those highlight a more broaden,False,BLACKLIST,combo,,,,,,,,,,,,
those highlight that in general,False,BLACKLIST,combo,,,,,,,,,,,,
those highlighting a more broaden,False,BLACKLIST,combo,,,,,,,,,,,,
those highlighting a more general,False,BLACKLIST,combo,,,,,,,,,,,,
those highlighting that in general,False,BLACKLIST,combo,,,,,,,,,,,,
those imply a more broaden,False,BLACKLIST,combo,,,,,,,,,,,,
those imply that in general,False,BLACKLIST,combo,,,,,,,,,,,,
those implying a more broaden,False,BLACKLIST,combo,,,,,,,,,,,,
those implying a more general,False,BLACKLIST,combo,,,,,,,,,,,,
those implying that in general,False,BLACKLIST,combo,,,,,,,,,,,,
those indicate a more broaden,False,BLACKLIST,combo,,,,,,,,,,,,
those indicate a more general,False,BLACKLIST,combo,,,,,,,,,,,,
those indicate that in general,False,BLACKLIST,combo,,,,,,,,,,,,
those indicating a more broaden,False,BLACKLIST,combo,,,,,,,,,,,,
those indicating a more general,False,BLACKLIST,combo,,,,,,,,,,,,
those indicating that in general,False,BLACKLIST,combo,,,,,,,,,,,,
those lead to a more broaden,False,BLACKLIST,combo,,,,,,,,,,,,
those lead to that in general,False,BLACKLIST,combo,,,,,,,,,,,,
those leading to a more broaden,False,BLACKLIST,combo,,,,,,,,,,,,
those leading to a more general,False,BLACKLIST,combo,,,,,,,,,,,,
those leading to that in general,False,BLACKLIST,combo,,,,,,,,,,,,
those reveal a more broaden,False,BLACKLIST,combo,,,,,,,,,,,,
those reveal that in general,False,BLACKLIST,combo,,,,,,,,,,,,
those revealing a more broaden,False,BLACKLIST,combo,,,,,,,,,,,,
those revealing a more general,False,BLACKLIST,combo,,,,,,,,,,,,
those revealing that in general,False,BLACKLIST,combo,,,,,,,,,,,,
those show a more broaden,False,BLACKLIST,combo,,,,,,,,,,,,
those show a more general,False,BLACKLIST,combo,,,,,,,,,,,,
those show that in general,False,BLACKLIST,combo,,,,,,,,,,,,
those showing a more broaden,False,BLACKLIST,combo,,,,,,,,,,,,
those showing a more general,False,BLACKLIST,combo,,,,,,,,,,,,
those showing that in general,False,BLACKLIST,combo,,,,,,,,,,,,
those suggest a more broaden,False,BLACKLIST,combo,,,,,,,,,,,,
those suggest that in general,False,BLACKLIST,combo,,,,,,,,,,,,
those suggesting a more broaden,False,BLACKLIST,combo,,,,,,,,,,,,
those suggesting a more general,False,BLACKLIST,combo,,,,,,,,,,,,
those suggesting that in general,False,BLACKLIST,combo,,,,,,,,,,,,
those unveil a more broaden,False,BLACKLIST,combo,,,,,,,,,,,,
those unveil that in general,False,BLACKLIST,combo,,,,,,,,,,,,
those unveiling a more broaden,False,BLACKLIST,combo,,,,,,,,,,,,
those unveiling a more general,False,BLACKLIST,combo,,,,,,,,,,,,
those unveiling that in general,False,BLACKLIST,combo,,,,,,,,,,,,
"thus, we generalize that",False,BLACKLIST,combo,,,,,,,,,,,,
"thus, we generalize these",False,BLACKLIST,combo,,,,,,,,,,,,
"thus, we generalize this",False,BLACKLIST,combo,,,,,,,,,,,,
"thus, we generalize those",False,BLACKLIST,combo,,,,,,,,,,,,
to broaden that case,False,BLACKLIST,combo,,,,,,,,,,,,
to broaden that example,False,BLACKLIST,combo,,,,,,,,,,,,
to broaden that experiment,False,BLACKLIST,combo,,,,,,,,,,,,
to broaden that phenomenon,False,BLACKLIST,combo,,,,,,,,,,,,
to broaden that problem,False,BLACKLIST,combo,,,,,,,,,,,,
to broaden these analyses,False,BLACKLIST,combo,,,,,,,,,,,,
to broaden these cases,False,BLACKLIST,combo,,,,,,,,,,,,
to broaden these examples,False,BLACKLIST,combo,,,,,,,,,,,,
to broaden these experiments,False,BLACKLIST,combo,,,,,,,,,,,,
to broaden these insights,False,BLACKLIST,combo,,,,,,,,,,,,
to broaden these phenomena,False,BLACKLIST,combo,,,,,,,,,,,,
to broaden these problems,False,BLACKLIST,combo,,,,,,,,,,,,
to broaden this case,False,BLACKLIST,combo,,,,,,,,,,,,
to broaden this example,False,BLACKLIST,combo,,,,,,,,,,,,
to broaden this experiment,False,BLACKLIST,combo,,,,,,,,,,,,
to broaden this phenomenon,False,BLACKLIST,combo,,,,,,,,,,,,
to broaden this problem,False,BLACKLIST,combo,,,,,,,,,,,,
to broaden those analyses,False,BLACKLIST,combo,,,,,,,,,,,,
to broaden those cases,False,BLACKLIST,combo,,,,,,,,,,,,
to broaden those examples,False,BLACKLIST,combo,,,,,,,,,,,,
to broaden those experiments,False,BLACKLIST,combo,,,,,,,,,,,,
to broaden those findings,False,BLACKLIST,combo,,,,,,,,,,,,
to broaden those insights,False,BLACKLIST,combo,,,,,,,,,,,,
to broaden those phenomena,False,BLACKLIST,combo,,,,,,,,,,,,
to broaden those problems,False,BLACKLIST,combo,,,,,,,,,,,,
to broaden those results,False,BLACKLIST,combo,,,,,,,,,,,,
to fine tuning that,False,BLACKLIST,combo,,,,,,,,,,,,
to fine tuning these,False,BLACKLIST,combo,,,,,,,,,,,,
to fine tuning this,False,BLACKLIST,combo,,,,,,,,,,,,
to fine tuning those,False,BLACKLIST,combo,,,,,,,,,,,,
to generalize that analysis,False,BLACKLIST,combo,,,,,,,,,,,,
to generalize that case,False,BLACKLIST,combo,,,,,,,,,,,,
to generalize that example,False,BLACKLIST,combo,,,,,,,,,,,,
to generalize that experiment,False,BLACKLIST,combo,,,,,,,,,,,,
to generalize that finding,False,BLACKLIST,combo,,,,,,,,,,,,
to generalize that insight,False,BLACKLIST,combo,,,,,,,,,,,,
to generalize that phenomenon,False,BLACKLIST,combo,,,,,,,,,,,,
to generalize that problem,False,BLACKLIST,combo,,,,,,,,,,,,
to generalize that result,False,BLACKLIST,combo,,,,,,,,,,,,
to generalize these analyses,False,BLACKLIST,combo,,,,,,,,,,,,
to generalize these experiments,False,BLACKLIST,combo,,,,,,,,,,,,
to generalize these findings,False,BLACKLIST,combo,,,,,,,,,,,,
to generalize these phenomena,False,BLACKLIST,combo,,,,,,,,,,,,
to generalize these problems,False,BLACKLIST,combo,,,,,,,,,,,,
to generalize this experiment,False,BLACKLIST,combo,,,,,,,,,,,,
to generalize this phenomenon,False,BLACKLIST,combo,,,,,,,,,,,,
to generalize this problem,False,BLACKLIST,combo,,,,,,,,,,,,
to generalize those analyses,False,BLACKLIST,combo,,,,,,,,,,,,
to generalize those cases,False,BLACKLIST,combo,,,,,,,,,,,,
to generalize those examples,False,BLACKLIST,combo,,,,,,,,,,,,
to generalize those experiments,False,BLACKLIST,combo,,,,,,,,,,,,
to generalize those findings,False,BLACKLIST,combo,,,,,,,,,,,,
to generalize those phenomena,False,BLACKLIST,combo,,,,,,,,,,,,
to generalize those problems,False,BLACKLIST,combo,,,,,,,,,,,,
unveil these in a more broaden,False,BLACKLIST,combo,,,,,,,,,,,,
unveil these more broadly,False,BLACKLIST,combo,,,,,,,,,,,,
unveil these more generally,False,BLACKLIST,combo,,,,,,,,,,,,
unveil those in a more broaden,False,BLACKLIST,combo,,,,,,,,,,,,
unveil those more broadly,False,BLACKLIST,combo,,,,,,,,,,,,
unveil those more generally,False,BLACKLIST,combo,,,,,,,,,,,,
unveiling that in a more broaden,False,BLACKLIST,combo,,,,,,,,,,,,
unveiling that more broadly,False,BLACKLIST,combo,,,,,,,,,,,,
unveiling that more generally,False,BLACKLIST,combo,,,,,,,,,,,,
unveiling these in a more broaden,False,BLACKLIST,combo,,,,,,,,,,,,
unveiling these more broadly,False,BLACKLIST,combo,,,,,,,,,,,,
unveiling these more generally,False,BLACKLIST,combo,,,,,,,,,,,,
unveiling this in a more broaden,False,BLACKLIST,combo,,,,,,,,,,,,
unveiling this more broadly,False,BLACKLIST,combo,,,,,,,,,,,,
unveiling this more generally,False,BLACKLIST,combo,,,,,,,,,,,,
unveiling those in a more broaden,False,BLACKLIST,combo,,,,,,,,,,,,
unveiling those more broadly,False,BLACKLIST,combo,,,,,,,,,,,,
unveiling those more generally,False,BLACKLIST,combo,,,,,,,,,,,,
unveils that in a more broaden,False,BLACKLIST,combo,,,,,,,,,,,,
unveils that more broadly,False,BLACKLIST,combo,,,,,,,,,,,,
unveils this in a more broaden,False,BLACKLIST,combo,,,,,,,,,,,,
unveils this more broadly,False,BLACKLIST,combo,,,,,,,,,,,,
unveils this more generally,False,BLACKLIST,combo,,,,,,,,,,,,
we are generalizing from that,False,BLACKLIST,combo,,,,,,,,,,,,
we are generalizing from these,False,BLACKLIST,combo,,,,,,,,,,,,
we are generalizing from this,False,BLACKLIST,combo,,,,,,,,,,,,
we are generalizing from those,False,BLACKLIST,combo,,,,,,,,,,,,
we generalize these,False,BLACKLIST,combo,,,,,,,,,,,,
we generalize this,False,BLACKLIST,combo,,,,,,,,,,,,
we generalize those,False,BLACKLIST,combo,,,,,,,,,,,,
we observe from that,False,BLACKLIST,combo,,,,,,,,,,,,
we observe from these,False,BLACKLIST,combo,,,,,,,,,,,,
we observe from this,False,BLACKLIST,combo,,,,,,,,,,,,
we observe from those,False,BLACKLIST,combo,,,,,,,,,,,,
we observe that,False,BLACKLIST,combo,,,,,,,,,,,,
we observe these,False,BLACKLIST,combo,,,,,,,,,,,,
we observe this,False,BLACKLIST,combo,,,,,,,,,,,,
we observe those,False,BLACKLIST,combo,,,,,,,,,,,,
zooming out from that,False,BLACKLIST,combo,,,,,,,,,,,,
zooming out from these,False,BLACKLIST,combo,,,,,,,,,,,,
zooming out from those,False,BLACKLIST,combo,,,,,,,,,,,,
zooming out of that,False,BLACKLIST,combo,,,,,,,,,,,,
zooming out of these,False,BLACKLIST,combo,,,,,,,,,,,,
zooming out of this,False,BLACKLIST,combo,,,,,,,,,,,,
zooming out of those,False,BLACKLIST,combo,,,,,,,,,,,,
zooming out on that,False,BLACKLIST,combo,,,,,,,,,,,,
zooming out on these,False,BLACKLIST,combo,,,,,,,,,,,,
zooming out on this,False,BLACKLIST,combo,,,,,,,,,,,,
zooming out on those,False,BLACKLIST,combo,,,,,,,,,,,,
zooming out to that,False,BLACKLIST,combo,,,,,,,,,,,,
zooming out to these,False,BLACKLIST,combo,,,,,,,,,,,,
zooming out to this,False,BLACKLIST,combo,,,,,,,,,,,,
zooming out to those,False,BLACKLIST,combo,,,,,,,,,,,,
"viewed more generally,",False,more_generally,manual,,explicit broader/general cue,,1.0,provided,viewed more generally,accept_high_precision,True,0.93,"Viewed more generally,",Strong conventional generalization/abstraction opener; high-precision signal that the next clause broadens the preceding point.,
"more generally,",False,more_generally,manual,,explicit broader/general cue,,3.0,provided,more generally,accept_high_precision,True,0.93,"More generally,",Strong conventional generalization/abstraction opener; high-precision signal that the next clause broadens the preceding point.,
"more broadly speaking,",False,more_generally,manual,,explicit broader/general cue,,16.0,provided,more broadly speaking,accept_high_precision,True,0.93,"More broadly speaking,",Strong conventional generalization/abstraction opener; high-precision signal that the next clause broadens the preceding point.,
"more generally speaking,",False,more_generally,manual,,explicit broader/general cue,,17.0,provided,more generally speaking,accept_high_precision,True,0.93,"More generally speaking,",Strong conventional generalization/abstraction opener; high-precision signal that the next clause broadens the preceding point.,
"more broadly,",False,more_generally,manual,,explicit broader/general cue,,20.0,provided,more broadly,accept_high_precision,True,0.93,"More broadly,",Strong conventional generalization/abstraction opener; high-precision signal that the next clause broadens the preceding point.,
"This reflects a broader principle,",False,more_generally,manual,,explicit broader/general cue,,21.0,provided,this reflects a broader principle,accept_high_precision,True,0.88,This reflects a broader principle,Anaphoric 'this/these/those' plus reliable cue to an explicit broader/general principle/pattern.,
"This exemplifies a universal principle,",False,more_generally,manual,,other,,24.0,provided,this exemplifies a universal principle,accept_high_precision,True,0.88,This exemplifies a universal principle,Anaphoric 'this/these/those' plus reliable cue to an explicit broader/general principle/pattern.,
"in more general terms,",False,more_generally,manual,,explicit broader/general cue,,25.0,provided,in more general terms,accept_high_precision,True,0.93,"In more general terms,",Strong conventional generalization/abstraction opener; high-precision signal that the next clause broadens the preceding point.,
This leads to a more general,False,more_generally,manual,,explicit broader/general cue,,26.0,provided,this leads to a more general,accept_high_precision,True,0.88,This leads to a more general,Anaphoric 'this/these/those' plus reliable cue to an explicit broader/general principle/pattern.,
"as a generalization,",False,more_generally,manual,,generalization verb,,33.0,provided,as a generalization,accept_high_precision,True,0.93,"As a generalization,",Strong conventional generalization/abstraction opener; high-precision signal that the next clause broadens the preceding point.,
generalizing from the above,False,more_generally,manual,,generalization verb,,35.0,provided,generalizing from the above,accept_high_precision,True,0.93,"Generalizing from the above,",Strong conventional generalization/abstraction opener; high-precision signal that the next clause broadens the preceding point.,
This example aligns with a wider principle,False,more_generally,manual,,wider-scope cue,,37.0,provided,this example aligns with a wider principle,accept_high_precision,True,0.86,This example aligns with a wider principle,Anaphoric reference to previous material and explicit broader/general target.,
This is a specific instance of the broader phenomenon of,False,more_generally,manual,,special-case/instance relation,,40.0,provided,this is a specific instance of the broader phenomenon of,accept_high_precision,True,0.97,This is a specific instance of the broader phenomenon of,Directly states that the preceding item is an instance of a broader phenomenon.,
in a more general sense,False,more_generally,LLMgenerated,,explicit broader/general cue,,44.0,provided,in a more general sense,accept_high_precision,True,0.93,"In a more general sense,",Strong conventional generalization/abstraction opener; high-precision signal that the next clause broadens the preceding point.,
in a more general context,False,more_generally,LLMgenerated,,explicit broader/general cue,,46.0,provided,in a more general context,accept_high_precision,True,0.93,"In a more general context,",Strong conventional generalization/abstraction opener; high-precision signal that the next clause broadens the preceding point.,
in broader terms,False,more_generally,LLMgenerated,,explicit broader/general cue,,47.0,provided,in broader terms,accept_high_precision,True,0.93,"In broader terms,",Strong conventional generalization/abstraction opener; high-precision signal that the next clause broadens the preceding point.,
at a more general level,False,more_generally,LLMgenerated,,explicit broader/general cue,,51.0,provided,at a more general level,accept_high_precision,True,0.93,"At a more general level,",Strong conventional generalization/abstraction opener; high-precision signal that the next clause broadens the preceding point.,
at a higher level of abstraction,False,more_generally,LLMgenerated,,abstraction,,52.0,provided,at a higher level of abstraction,accept_high_precision,True,0.93,"At a higher level of abstraction,",Strong conventional generalization/abstraction opener; high-precision signal that the next clause broadens the preceding point.,
at a higher level of generality,False,more_generally,LLMgenerated,,other,,53.0,provided,at a higher level of generality,accept_high_precision,True,0.93,"At a higher level of generality,",Strong conventional generalization/abstraction opener; high-precision signal that the next clause broadens the preceding point.,
taking a broader view,False,more_generally,LLMgenerated,,explicit broader/general cue,,54.0,provided,taking a broader view,accept_high_precision,True,0.93,"Taking a broader view,",Strong conventional generalization/abstraction opener; high-precision signal that the next clause broadens the preceding point.,
from a broader perspective,False,more_generally,LLMgenerated,,explicit broader/general cue,,55.0,provided,from a broader perspective,accept_high_precision,True,0.93,"From a broader perspective,",Strong conventional generalization/abstraction opener; high-precision signal that the next clause broadens the preceding point.,
from a more general perspective,False,more_generally,LLMgenerated,,explicit broader/general cue,,56.0,provided,from a more general perspective,accept_high_precision,True,0.93,"From a more general perspective,",Strong conventional generalization/abstraction opener; high-precision signal that the next clause broadens the preceding point.,
viewed more broadly,False,more_generally,LLMgenerated,,explicit broader/general cue,,58.0,provided,viewed more broadly,accept_high_precision,True,0.93,"Viewed more broadly,",Strong conventional generalization/abstraction opener; high-precision signal that the next clause broadens the preceding point.,
speaking more generally,False,more_generally,LLMgenerated,,explicit broader/general cue,,59.0,provided,speaking more generally,accept_high_precision,True,0.93,"Speaking more generally,",Strong conventional generalization/abstraction opener; high-precision signal that the next clause broadens the preceding point.,
speaking more broadly,False,more_generally,LLMgenerated,,explicit broader/general cue,,60.0,provided,speaking more broadly,accept_high_precision,True,0.93,"Speaking more broadly,",Strong conventional generalization/abstraction opener; high-precision signal that the next clause broadens the preceding point.,
generalizing further,False,more_generally,LLMgenerated,,generalization verb,,61.0,provided,generalizing further,accept_high_precision,True,0.93,"Generalizing further,",Strong conventional generalization/abstraction opener; high-precision signal that the next clause broadens the preceding point.,
generalizing from this,False,more_generally,LLMgenerated,,generalization verb,,62.0,provided,generalizing from this,accept_high_precision,True,0.93,"Generalizing from this,",Strong conventional generalization/abstraction opener; high-precision signal that the next clause broadens the preceding point.,
to generalize,False,more_generally,LLMgenerated,,generalization verb,,63.0,provided,to generalize,accept_high_precision,True,0.93,"To generalize,",Strong conventional generalization/abstraction opener; high-precision signal that the next clause broadens the preceding point.,
to generalize further,False,more_generally,LLMgenerated,,generalization verb,,64.0,provided,to generalize further,accept_high_precision,True,0.93,"To generalize further,",Strong conventional generalization/abstraction opener; high-precision signal that the next clause broadens the preceding point.,
abstracting from this,False,more_generally,LLMgenerated,,abstraction,,67.0,provided,abstracting from this,accept_high_precision,True,0.93,"Abstracting from this,",Strong conventional generalization/abstraction opener; high-precision signal that the next clause broadens the preceding point.,
abstracting away from,False,more_generally,LLMgenerated,,abstraction,,68.0,provided,abstracting away from,accept_high_precision,True,0.92,Abstracting away from,Explicit abstraction from the preceding case/observation.,
abstracting further,False,more_generally,LLMgenerated,,abstraction,,69.0,provided,abstracting further,accept_high_precision,True,0.93,"Abstracting further,",Strong conventional generalization/abstraction opener; high-precision signal that the next clause broadens the preceding point.,
beyond this specific case,False,more_generally,LLMgenerated,,beyond-specific-case,,70.0,provided,beyond this specific case,accept_high_precision,True,0.93,"Beyond this specific case,",Strong conventional generalization/abstraction opener; high-precision signal that the next clause broadens the preceding point.,
beyond this particular case,False,more_generally,LLMgenerated,,beyond-specific-case,,71.0,provided,beyond this particular case,accept_high_precision,True,0.93,"Beyond this particular case,",Strong conventional generalization/abstraction opener; high-precision signal that the next clause broadens the preceding point.,
on a more general level,False,more_generally,LLMgenerated,,explicit broader/general cue,,74.0,provided,on a more general level,accept_high_precision,True,0.93,"On a more general level,",Strong conventional generalization/abstraction opener; high-precision signal that the next clause broadens the preceding point.,
in a more abstract sense,False,more_generally,LLMgenerated,,abstraction,,77.0,provided,in a more abstract sense,accept_high_precision,True,0.93,"In a more abstract sense,",Strong conventional generalization/abstraction opener; high-precision signal that the next clause broadens the preceding point.,
this generalizes to,False,more_generally,LLMgenerated,,generalization verb,,78.0,provided,this generalizes to,accept_high_precision,True,0.93,This generalizes to,Strong conventional generalization/abstraction opener; high-precision signal that the next clause broadens the preceding point.,
beyond this narrow case,False,more_generally,LLMgenerated,,beyond-specific-case,,85.0,provided,beyond this narrow case,accept_high_precision,True,0.93,"Beyond this narrow case,",Strong conventional generalization/abstraction opener; high-precision signal that the next clause broadens the preceding point.,
beyond the specifics,False,more_generally,LLMgenerated,,beyond-specific-case,,86.0,provided,beyond the specifics,accept_high_precision,True,0.93,"Beyond the specifics,",Strong conventional generalization/abstraction opener; high-precision signal that the next clause broadens the preceding point.,
"generalizing this to a broader claim,",False,more_generally,LLMgenerated,,generalization verb,,87.0,provided,generalizing this to a broader claim,accept_high_precision,True,0.94,"Generalizing this to a broader claim,",Explicit generalizing operation anchored to prior material.,
generalizing this more broadly,False,more_generally,LLMgenerated,,generalization verb,,88.0,provided,generalizing this more broadly,accept_high_precision,True,0.94,"Generalizing this more broadly,",Explicit generalizing operation anchored to prior material.,
generalizing these observations,False,more_generally,LLMgenerated,,generalization verb,,89.0,provided,generalizing these observations,accept_high_precision,True,0.94,"Generalizing these observations,",Explicit generalizing operation anchored to prior material.,
extending this to the general case,False,more_generally,LLMgenerated,,extension to broader class,,90.0,provided,extending this to the general case,accept_high_precision,True,0.91,Extending this to the general case,Extends prior result/observation to an explicitly broader or more general domain.,
extending this to a broader setting,False,more_generally,LLMgenerated,,extension to broader class,,91.0,provided,extending this to a broader setting,accept_high_precision,True,0.91,Extending this to a broader setting,Extends prior result/observation to an explicitly broader or more general domain.,
extending these results more generally,False,more_generally,LLMgenerated,,extension to broader class,,92.0,provided,extending these results more generally,accept_high_precision,True,0.91,Extending these results more generally,Extends prior result/observation to an explicitly broader or more general domain.,
extending those findings more broadly,False,more_generally,LLMgenerated,,extension to broader class,,93.0,provided,extending those findings more broadly,accept_high_precision,True,0.91,Extending those findings more broadly,Extends prior result/observation to an explicitly broader or more general domain.,
extending this idea more generally,False,more_generally,LLMgenerated,,extension to broader class,,94.0,provided,extending this idea more generally,accept_high_precision,True,0.91,Extending this idea more generally,Extends prior result/observation to an explicitly broader or more general domain.,
extending this idea to a broader context,False,more_generally,LLMgenerated,,extension to broader class,,95.0,provided,extending this idea to a broader context,accept_high_precision,True,0.91,Extending this idea to a broader context,Extends prior result/observation to an explicitly broader or more general domain.,
extending these ideas more generally,False,more_generally,LLMgenerated,,extension to broader class,,96.0,provided,extending these ideas more generally,accept_high_precision,True,0.91,Extending these ideas more generally,Extends prior result/observation to an explicitly broader or more general domain.,
extending this further to the general case,False,more_generally,LLMgenerated,,extension to broader class,,97.0,provided,extending this further to the general case,accept_high_precision,True,0.91,Extending this further to the general case,Extends prior result/observation to an explicitly broader or more general domain.,
extending this further in generality,False,more_generally,LLMgenerated,,extension to broader class,,98.0,provided,extending this further in generality,accept_high_precision,True,0.91,Extending this further in generality,Extends prior result/observation to an explicitly broader or more general domain.,
extending this observation to the general case,False,more_generally,LLMgenerated,,extension to broader class,,99.0,provided,extending this observation to the general case,accept_high_precision,True,0.91,Extending this observation to the general case,Extends prior result/observation to an explicitly broader or more general domain.,
extending this observation more broadly,False,more_generally,LLMgenerated,,extension to broader class,,100.0,provided,extending this observation more broadly,accept_high_precision,True,0.91,Extending this observation more broadly,Extends prior result/observation to an explicitly broader or more general domain.,
extending these observations more generally,False,more_generally,LLMgenerated,,extension to broader class,,101.0,provided,extending these observations more generally,accept_high_precision,True,0.91,Extending these observations more generally,Extends prior result/observation to an explicitly broader or more general domain.,
extending those observations more broadly,False,more_generally,LLMgenerated,,extension to broader class,,102.0,provided,extending those observations more broadly,accept_high_precision,True,0.91,Extending those observations more broadly,Extends prior result/observation to an explicitly broader or more general domain.,
extending this result to the general setting,False,more_generally,LLMgenerated,,extension to broader class,,103.0,provided,extending this result to the general setting,accept_high_precision,True,0.91,Extending this result to the general setting,Extends prior result/observation to an explicitly broader or more general domain.,
extending this result more broadly,False,more_generally,LLMgenerated,,extension to broader class,,104.0,provided,extending this result more broadly,accept_high_precision,True,0.91,Extending this result more broadly,Extends prior result/observation to an explicitly broader or more general domain.,
extending these results to a broader class,False,more_generally,LLMgenerated,,extension to broader class,,105.0,provided,extending these results to a broader class,accept_high_precision,True,0.91,Extending these results to a broader class,Extends prior result/observation to an explicitly broader or more general domain.,
extending those results more generally,False,more_generally,LLMgenerated,,extension to broader class,,106.0,provided,extending those results more generally,accept_high_precision,True,0.91,Extending those results more generally,Extends prior result/observation to an explicitly broader or more general domain.,
extending this argument more generally,False,more_generally,LLMgenerated,,extension to broader class,,107.0,provided,extending this argument more generally,accept_high_precision,True,0.91,Extending this argument more generally,Extends prior result/observation to an explicitly broader or more general domain.,
extending this argument to a broader claim,False,more_generally,LLMgenerated,,extension to broader class,,108.0,provided,extending this argument to a broader claim,accept_high_precision,True,0.91,Extending this argument to a broader claim,Extends prior result/observation to an explicitly broader or more general domain.,
extending these arguments more broadly,False,more_generally,LLMgenerated,,extension to broader class,,109.0,provided,extending these arguments more broadly,accept_high_precision,True,0.91,Extending these arguments more broadly,Extends prior result/observation to an explicitly broader or more general domain.,
abstracting this to a more general level,False,more_generally,LLMgenerated,,abstraction,,110.0,provided,abstracting this to a more general level,accept_high_precision,True,0.92,"Abstracting this to a more general level,",Explicit abstraction from the preceding case/observation.,
abstracting this to a broader framework,False,more_generally,LLMgenerated,,abstraction,,111.0,provided,abstracting this to a broader framework,accept_high_precision,True,0.92,"Abstracting this to a broader framework,",Explicit abstraction from the preceding case/observation.,
abstracting these findings more generally,False,more_generally,LLMgenerated,,abstraction,,112.0,provided,abstracting these findings more generally,accept_high_precision,True,0.92,"Abstracting these findings more generally,",Explicit abstraction from the preceding case/observation.,
abstracting those observations more broadly,False,more_generally,LLMgenerated,,abstraction,,113.0,provided,abstracting those observations more broadly,accept_high_precision,True,0.92,"Abstracting those observations more broadly,",Explicit abstraction from the preceding case/observation.,
going beyond this to a more general claim,False,more_generally,LLMgenerated,,beyond-specific-case,,114.0,provided,going beyond this to a more general claim,accept_high_precision,True,0.91,Going beyond this to a more general claim,Explicitly moves beyond the specific/particular case to a broader/general level.,
going beyond this specific case more broadly,False,more_generally,LLMgenerated,,beyond-specific-case,,115.0,provided,going beyond this specific case more broadly,accept_high_precision,True,0.95,Going beyond this specific case more broadly,Explicitly contrasts the previous specific case/example/specifics with a broader/general claim.,
going beyond these specifics to a broader view,False,more_generally,LLMgenerated,,beyond-specific-case,,116.0,provided,going beyond these specifics to a broader view,accept_high_precision,True,0.95,Going beyond these specifics to a broader view,Explicitly contrasts the previous specific case/example/specifics with a broader/general claim.,
beyond this example to the general case,False,more_generally,LLMgenerated,,beyond-specific-case,,118.0,provided,beyond this example to the general case,accept_high_precision,True,0.91,"Beyond this example to the general case,",Explicitly moves beyond the specific/particular case to a broader/general level.,
beyond this particular example more broadly,False,more_generally,LLMgenerated,,beyond-specific-case,,119.0,provided,beyond this particular example more broadly,accept_high_precision,True,0.95,"Beyond this particular example more broadly,",Explicitly contrasts the previous specific case/example/specifics with a broader/general claim.,
beyond these examples to a broader principle,False,more_generally,LLMgenerated,,beyond-specific-case,,120.0,provided,beyond these examples to a broader principle,accept_high_precision,True,0.91,"Beyond these examples to a broader principle,",Explicitly moves beyond the specific/particular case to a broader/general level.,
stepping back to a more general view,False,more_generally,LLMgenerated,,step-back/zoom-out,,122.0,provided,stepping back to a more general view,accept_high_precision,True,0.88,"Stepping back to a more general view,",Step-back cue plus explicit broader/general target.,
stepping back to consider more broadly,False,more_generally,LLMgenerated,,step-back/zoom-out,,123.0,provided,stepping back to consider more broadly,accept_high_precision,True,0.88,"Stepping back to consider more broadly,",Step-back cue plus explicit broader/general target.,
"stepping back to the broader picture,",False,more_generally,LLMgenerated,,step-back/zoom-out,,124.0,provided,stepping back to the broader picture,accept_high_precision,True,0.88,"Stepping back to the broader picture,",Step-back cue plus explicit broader/general target.,
taking a step back to a more general perspective,False,more_generally,LLMgenerated,,step-back/zoom-out,,125.0,provided,taking a step back to a more general perspective,accept_high_precision,True,0.88,"Taking a step back to a more general perspective,",Step-back cue plus explicit broader/general target.,
taking a step back to consider more broadly,False,more_generally,LLMgenerated,,step-back/zoom-out,,126.0,provided,taking a step back to consider more broadly,accept_high_precision,True,0.88,"Taking a step back to consider more broadly,",Step-back cue plus explicit broader/general target.,
in a more general setting,False,more_generally,LLMgenerated,,explicit broader/general cue,,127.0,provided,in a more general setting,accept_high_precision,True,0.93,"In a more general setting,",Strong conventional generalization/abstraction opener; high-precision signal that the next clause broadens the preceding point.,
in the more general case,False,more_generally,LLMgenerated,,explicit broader/general cue,,128.0,provided,in the more general case,accept_high_precision,True,0.93,"In the more general case,",Strong conventional generalization/abstraction opener; high-precision signal that the next clause broadens the preceding point.,
in the more general setting,False,more_generally,LLMgenerated,,explicit broader/general cue,,129.0,provided,in the more general setting,accept_high_precision,True,0.93,"In the more general setting,",Strong conventional generalization/abstraction opener; high-precision signal that the next clause broadens the preceding point.,
in more abstract terms,False,more_generally,LLMgenerated,,abstraction,,130.0,provided,in more abstract terms,accept_high_precision,True,0.93,"In more abstract terms,",Strong conventional generalization/abstraction opener; high-precision signal that the next clause broadens the preceding point.,
lifting this to a higher level of generality,False,more_generally,LLMgenerated,,lifting/general framework,,131.0,provided,lifting this to a higher level of generality,accept_high_precision,True,0.92,Lifting this to a higher level of generality,Scientific/mathematical cue for moving a result to a broader framework or level of abstraction.,
lifting this to a more general framework,False,more_generally,LLMgenerated,,lifting/general framework,,132.0,provided,lifting this to a more general framework,accept_high_precision,True,0.92,Lifting this to a more general framework,Scientific/mathematical cue for moving a result to a broader framework or level of abstraction.,
lifting these results to a broader setting,False,more_generally,LLMgenerated,,lifting/general framework,,133.0,provided,lifting these results to a broader setting,accept_high_precision,True,0.92,Lifting these results to a broader setting,Scientific/mathematical cue for moving a result to a broader framework or level of abstraction.,
lifting this result to a more general setting,False,more_generally,LLMgenerated,,lifting/general framework,,134.0,provided,lifting this result to a more general setting,accept_high_precision,True,0.92,Lifting this result to a more general setting,Scientific/mathematical cue for moving a result to a broader framework or level of abstraction.,
lifting this result to a higher level of abstraction,False,more_generally,LLMgenerated,,abstraction,,135.0,provided,lifting this result to a higher level of abstraction,accept_high_precision,True,0.92,Lifting this result to a higher level of abstraction,Scientific/mathematical cue for moving a result to a broader framework or level of abstraction.,
lifting these results to a broader framework,False,more_generally,LLMgenerated,,lifting/general framework,,136.0,provided,lifting these results to a broader framework,accept_high_precision,True,0.92,Lifting these results to a broader framework,Scientific/mathematical cue for moving a result to a broader framework or level of abstraction.,
lifting those results to a more general level,False,more_generally,LLMgenerated,,lifting/general framework,,137.0,provided,lifting those results to a more general level,accept_high_precision,True,0.92,Lifting those results to a more general level,Scientific/mathematical cue for moving a result to a broader framework or level of abstraction.,
this extends more generally to,False,more_generally,LLMgenerated,,extension to broader class,,138.0,provided,this extends more generally to,accept_high_precision,True,0.93,This extends more generally to,Strong conventional generalization/abstraction opener; high-precision signal that the next clause broadens the preceding point.,
this extends to a broader class of,False,more_generally,LLMgenerated,,extension to broader class,,139.0,provided,this extends to a broader class of,accept_high_precision,True,0.93,This extends to a broader class of,Strong conventional generalization/abstraction opener; high-precision signal that the next clause broadens the preceding point.,
these results extend more generally to,False,more_generally,LLMgenerated,,extension to broader class,,140.0,provided,these results extend more generally to,accept_high_precision,True,0.93,These results extend more generally to,Strong conventional generalization/abstraction opener; high-precision signal that the next clause broadens the preceding point.,
those findings extend more broadly to,False,more_generally,LLMgenerated,,extension to broader class,,141.0,provided,those findings extend more broadly to,accept_high_precision,True,0.93,Those findings extend more broadly to,Strong conventional generalization/abstraction opener; high-precision signal that the next clause broadens the preceding point.,
in a more general way,False,more_generally,LLMgenerated,,explicit broader/general cue,,142.0,provided,in a more general way,accept_high_precision,True,0.93,"In a more general way,",Strong conventional generalization/abstraction opener; high-precision signal that the next clause broadens the preceding point.,
in more generic terms,False,more_generally,LLMgenerated,,other,,143.0,provided,in more generic terms,accept_high_precision,True,0.93,"In more generic terms,",Strong conventional generalization/abstraction opener; high-precision signal that the next clause broadens the preceding point.,
expanding on this more generally,False,more_generally,LLMgenerated,,explicit broader/general cue,,146.0,provided,expanding on this more generally,accept_high_precision,True,0.88,Expanding on this more generally,Signals expansion of prior material to a broader/general frame.,
expanding on this to a broader scope,False,more_generally,LLMgenerated,,explicit broader/general cue,,147.0,provided,expanding on this to a broader scope,accept_high_precision,True,0.88,Expanding on this to a broader scope,Signals expansion of prior material to a broader/general frame.,
expanding on these findings more broadly,False,more_generally,LLMgenerated,,explicit broader/general cue,,148.0,provided,expanding on these findings more broadly,accept_high_precision,True,0.88,Expanding on these findings more broadly,Signals expansion of prior material to a broader/general frame.,
expanding on those observations more generally,False,more_generally,LLMgenerated,,explicit broader/general cue,,149.0,provided,expanding on those observations more generally,accept_high_precision,True,0.88,Expanding on those observations more generally,Signals expansion of prior material to a broader/general frame.,
expanding this to a more general framework,False,more_generally,LLMgenerated,,explicit broader/general cue,,150.0,provided,expanding this to a more general framework,accept_high_precision,True,0.88,Expanding this to a more general framework,Signals expansion of prior material to a broader/general frame.,
expanding this more broadly,False,more_generally,LLMgenerated,,explicit broader/general cue,,151.0,provided,expanding this more broadly,accept_high_precision,True,0.88,Expanding this more broadly,Signals expansion of prior material to a broader/general frame.,
expanding these results more generally,False,more_generally,LLMgenerated,,explicit broader/general cue,,152.0,provided,expanding these results more generally,accept_high_precision,True,0.88,Expanding these results more generally,Signals expansion of prior material to a broader/general frame.,
expanding those findings to a broader context,False,more_generally,LLMgenerated,,explicit broader/general cue,,153.0,provided,expanding those findings to a broader context,accept_high_precision,True,0.88,Expanding those findings to a broader context,Signals expansion of prior material to a broader/general frame.,
"beyond the specifics to a broader principle,",False,more_generally,LLMgenerated,,beyond-specific-case,,154.0,provided,beyond the specifics to a broader principle,accept_high_precision,True,0.95,"Beyond the specifics to a broader principle,",Explicitly contrasts the previous specific case/example/specifics with a broader/general claim.,
"beyond these specifics more generally,",False,more_generally,LLMgenerated,,beyond-specific-case,,155.0,provided,beyond these specifics more generally,accept_high_precision,True,0.95,"Beyond these specifics more generally,",Explicitly contrasts the previous specific case/example/specifics with a broader/general claim.,
"beyond those specifics to a more general view,",False,more_generally,LLMgenerated,,beyond-specific-case,,156.0,provided,beyond those specifics to a more general view,accept_high_precision,True,0.95,"Beyond those specifics to a more general view,",Explicitly contrasts the previous specific case/example/specifics with a broader/general claim.,
"This reflects a more general pattern,",False,more_generally,LLMgenerated,,explicit broader/general cue,,165.0,provided,this reflects a more general pattern,accept_high_precision,True,0.88,This reflects a more general pattern,Anaphoric 'this/these/those' plus reliable cue to an explicit broader/general principle/pattern.,
"This suggests more generally that,",False,more_generally,LLMgenerated,,explicit broader/general cue,,170.0,provided,this suggests more generally that,accept_high_precision,True,0.88,This suggests more generally that,Anaphoric subject plus reliable verb and 'more generally/broadly that' introduces a broader claim.,
"This exemplifies a more general principle,",False,more_generally,LLMgenerated,,explicit broader/general cue,,172.0,provided,this exemplifies a more general principle,accept_high_precision,True,0.88,This exemplifies a more general principle,Anaphoric 'this/these/those' plus reliable cue to an explicit broader/general principle/pattern.,
"with greater generality,",False,more_generally,LLMgenerated,,other,,173.0,provided,with greater generality,accept_high_precision,True,0.93,"With greater generality,",Strong conventional generalization/abstraction opener; high-precision signal that the next clause broadens the preceding point.,
"This demonstrates more generally that,",False,more_generally,LLMgenerated,,explicit broader/general cue,,175.0,provided,this demonstrates more generally that,accept_high_precision,True,0.88,This demonstrates more generally that,Anaphoric subject plus reliable verb and 'more generally/broadly that' introduces a broader claim.,
"This demonstrates more broadly that,",False,more_generally,LLMgenerated,,explicit broader/general cue,,176.0,provided,this demonstrates more broadly that,accept_high_precision,True,0.88,This demonstrates more broadly that,Anaphoric subject plus reliable verb and 'more generally/broadly that' introduces a broader claim.,
"Stepping back to a broader view,",False,more_generally,LLMgenerated,,step-back/zoom-out,,177.0,provided,stepping back to a broader view,accept_high_precision,True,0.88,"Stepping back to a broader view,",Step-back cue plus explicit broader/general target.,
"Stepping back more generally,",False,more_generally,LLMgenerated,,step-back/zoom-out,,178.0,provided,stepping back more generally,accept_high_precision,True,0.93,"Stepping back more generally,",Strong conventional generalization/abstraction opener; high-precision signal that the next clause broadens the preceding point.,
"by generalizing more broadly,",False,more_generally,LLMgenerated,,generalization verb,,179.0,provided,by generalizing more broadly,accept_high_precision,True,0.94,"By generalizing more broadly,",Explicit generalizing operation anchored to prior material.,
These examples align with a broader principle,False,more_generally,LLMgenerated,,explicit broader/general cue,,181.0,provided,these examples align with a broader principle,accept_high_precision,True,0.86,These examples align with a broader principle,Anaphoric reference to previous material and explicit broader/general target.,
by generalizing from that,False,more_generally,combo,,generalization verb,,185.0,provided,by generalizing from that,accept_high_precision,True,0.93,By generalizing from that,Strong conventional generalization/abstraction opener; high-precision signal that the next clause broadens the preceding point.,
by generalizing from this,False,more_generally,combo,,generalization verb,,186.0,provided,by generalizing from this,accept_high_precision,True,0.93,"By generalizing from this,",Strong conventional generalization/abstraction opener; high-precision signal that the next clause broadens the preceding point.,
generalizing from that,False,more_generally,combo,,generalization verb,,224.0,provided,generalizing from that,accept_high_precision,True,0.93,Generalizing from that,Strong conventional generalization/abstraction opener; high-precision signal that the next clause broadens the preceding point.,
generalizing from these,False,more_generally,combo,,generalization verb,,225.0,provided,generalizing from these,accept_high_precision,True,0.93,"Generalizing from these,",Strong conventional generalization/abstraction opener; high-precision signal that the next clause broadens the preceding point.,
generalizing from those,False,more_generally,combo,,generalization verb,,226.0,provided,generalizing from those,accept_high_precision,True,0.93,"Generalizing from those,",Strong conventional generalization/abstraction opener; high-precision signal that the next clause broadens the preceding point.,
that highlights a more general,False,more_generally,combo,,explicit broader/general cue,,262.0,provided,that highlights a more general,accept_high_precision,True,0.86,That highlights a more general,Sentence-initial 'That' can refer back to the prior sentence and introduce a more general claim.,
that implies a more general,False,more_generally,combo,,explicit broader/general cue,,263.0,provided,that implies a more general,accept_high_precision,True,0.86,That implies a more general,Sentence-initial 'That' can refer back to the prior sentence and introduce a more general claim.,
that indicates a more general,False,more_generally,combo,,explicit broader/general cue,,265.0,provided,that indicates a more general,accept_high_precision,True,0.86,That indicates a more general,Sentence-initial 'That' can refer back to the prior sentence and introduce a more general claim.,
that reveals a more general,False,more_generally,combo,,explicit broader/general cue,,266.0,provided,that reveals a more general,accept_high_precision,True,0.86,That reveals a more general,Sentence-initial 'That' can refer back to the prior sentence and introduce a more general claim.,
that suggests a more general,False,more_generally,combo,,explicit broader/general cue,,268.0,provided,that suggests a more general,accept_high_precision,True,0.86,That suggests a more general,Sentence-initial 'That' can refer back to the prior sentence and introduce a more general claim.,
these demonstrate a more general,False,more_generally,combo,,explicit broader/general cue,,270.0,provided,these demonstrate a more general,accept_high_precision,True,0.88,These demonstrate a more general,Anaphoric 'this/these/those' plus reliable cue to an explicit broader/general principle/pattern.,
these highlight a more general,False,more_generally,combo,,explicit broader/general cue,,274.0,provided,these highlight a more general,accept_high_precision,True,0.88,These highlight a more general,Anaphoric 'this/these/those' plus reliable cue to an explicit broader/general principle/pattern.,
these indicate a more general,False,more_generally,combo,,explicit broader/general cue,,277.0,provided,these indicate a more general,accept_high_precision,True,0.88,These indicate a more general,Anaphoric 'this/these/those' plus reliable cue to an explicit broader/general principle/pattern.,
these reveal a more general,False,more_generally,combo,,explicit broader/general cue,,279.0,provided,these reveal a more general,accept_high_precision,True,0.88,These reveal a more general,Anaphoric 'this/these/those' plus reliable cue to an explicit broader/general principle/pattern.,
these suggest a more general,False,more_generally,combo,,explicit broader/general cue,,280.0,provided,these suggest a more general,accept_high_precision,True,0.88,These suggest a more general,Anaphoric 'this/these/those' plus reliable cue to an explicit broader/general principle/pattern.,
this demonstrates a more general,False,more_generally,combo,,explicit broader/general cue,,282.0,provided,this demonstrates a more general,accept_high_precision,True,0.88,This demonstrates a more general,Anaphoric 'this/these/those' plus reliable cue to an explicit broader/general principle/pattern.,
this highlights a more general,False,more_generally,combo,,explicit broader/general cue,,292.0,provided,this highlights a more general,accept_high_precision,True,0.88,This highlights a more general,Anaphoric 'this/these/those' plus reliable cue to an explicit broader/general principle/pattern.,
this indicates a more general,False,more_generally,combo,,explicit broader/general cue,,293.0,provided,this indicates a more general,accept_high_precision,True,0.88,This indicates a more general,Anaphoric 'this/these/those' plus reliable cue to an explicit broader/general principle/pattern.,
this reveals a more general,False,more_generally,combo,,explicit broader/general cue,,296.0,provided,this reveals a more general,accept_high_precision,True,0.88,This reveals a more general,Anaphoric 'this/these/those' plus reliable cue to an explicit broader/general principle/pattern.,
this suggests a more general,False,more_generally,combo,,explicit broader/general cue,,297.0,provided,this suggests a more general,accept_high_precision,True,0.88,This suggests a more general,Anaphoric 'this/these/those' plus reliable cue to an explicit broader/general principle/pattern.,
those highlight a more general,False,more_generally,combo,,explicit broader/general cue,,302.0,provided,those highlight a more general,accept_high_precision,True,0.88,Those highlight a more general,Anaphoric 'this/these/those' plus reliable cue to an explicit broader/general principle/pattern.,
those lead to a more general,False,more_generally,combo,,explicit broader/general cue,,304.0,provided,those lead to a more general,accept_high_precision,True,0.88,Those lead to a more general,Anaphoric 'this/these/those' plus reliable cue to an explicit broader/general principle/pattern.,
those reveal a more general,False,more_generally,combo,,explicit broader/general cue,,305.0,provided,those reveal a more general,accept_high_precision,True,0.88,Those reveal a more general,Anaphoric 'this/these/those' plus reliable cue to an explicit broader/general principle/pattern.,
those suggest a more general,False,more_generally,combo,,explicit broader/general cue,,306.0,provided,those suggest a more general,accept_high_precision,True,0.88,Those suggest a more general,Anaphoric 'this/these/those' plus reliable cue to an explicit broader/general principle/pattern.,
to generalize that observation,False,more_generally,combo,,generalization verb,,322.0,provided,to generalize that observation,accept_high_precision,True,0.94,"To generalize that observation,",Explicit generalizing operation anchored to prior material.,
to generalize these cases,False,more_generally,combo,,generalization verb,,323.0,provided,to generalize these cases,accept_high_precision,True,0.94,"To generalize these cases,",Explicit generalizing operation anchored to prior material.,
to generalize these examples,False,more_generally,combo,,generalization verb,,324.0,provided,to generalize these examples,accept_high_precision,True,0.94,"To generalize these examples,",Explicit generalizing operation anchored to prior material.,
to generalize these insights,False,more_generally,combo,,generalization verb,,325.0,provided,to generalize these insights,accept_high_precision,True,0.94,"To generalize these insights,",Explicit generalizing operation anchored to prior material.,
to generalize these observations,False,more_generally,combo,,generalization verb,,326.0,provided,to generalize these observations,accept_high_precision,True,0.94,"To generalize these observations,",Explicit generalizing operation anchored to prior material.,
to generalize these results,False,more_generally,combo,,generalization verb,,327.0,provided,to generalize these results,accept_high_precision,True,0.94,"To generalize these results,",Explicit generalizing operation anchored to prior material.,
to generalize this analysis,False,more_generally,combo,,generalization verb,,328.0,provided,to generalize this analysis,accept_high_precision,True,0.94,"To generalize this analysis,",Explicit generalizing operation anchored to prior material.,
to generalize this case,False,more_generally,combo,,generalization verb,,329.0,provided,to generalize this case,accept_high_precision,True,0.94,"To generalize this case,",Explicit generalizing operation anchored to prior material.,
to generalize this example,False,more_generally,combo,,generalization verb,,330.0,provided,to generalize this example,accept_high_precision,True,0.94,"To generalize this example,",Explicit generalizing operation anchored to prior material.,
to generalize this finding,False,more_generally,combo,,generalization verb,,331.0,provided,to generalize this finding,accept_high_precision,True,0.94,"To generalize this finding,",Explicit generalizing operation anchored to prior material.,
to generalize this insight,False,more_generally,combo,,generalization verb,,332.0,provided,to generalize this insight,accept_high_precision,True,0.94,"To generalize this insight,",Explicit generalizing operation anchored to prior material.,
to generalize this observation,False,more_generally,combo,,generalization verb,,333.0,provided,to generalize this observation,accept_high_precision,True,0.94,"To generalize this observation,",Explicit generalizing operation anchored to prior material.,
to generalize this result,False,more_generally,combo,,generalization verb,,334.0,provided,to generalize this result,accept_high_precision,True,0.94,"To generalize this result,",Explicit generalizing operation anchored to prior material.,
to generalize those insights,False,more_generally,combo,,generalization verb,,335.0,provided,to generalize those insights,accept_high_precision,True,0.94,"To generalize those insights,",Explicit generalizing operation anchored to prior material.,
to generalize those observations,False,more_generally,combo,,generalization verb,,336.0,provided,to generalize those observations,accept_high_precision,True,0.94,"To generalize those observations,",Explicit generalizing operation anchored to prior material.,
to generalize those results,False,more_generally,combo,,generalization verb,,337.0,provided,to generalize those results,accept_high_precision,True,0.94,"To generalize those results,",Explicit generalizing operation anchored to prior material.,
"Put more generally,",False,more_generally,LLMgenerated,,explicit broader/general cue,,341.0,added,put more generally,accept_high_precision,True,0.9,"Put more generally,",Conventional high-precision generalization opener.,
"Stated more generally,",False,more_generally,LLMgenerated,,explicit broader/general cue,,342.0,added,stated more generally,accept_high_precision,True,0.9,"Stated more generally,",Conventional high-precision generalization opener.,
"Formulated more generally,",False,more_generally,LLMgenerated,,explicit broader/general cue,,343.0,added,formulated more generally,accept_high_precision,True,0.9,"Formulated more generally,",Conventional high-precision generalization opener.,
"Rephrased more generally,",False,more_generally,LLMgenerated,,explicit broader/general cue,,344.0,added,rephrased more generally,accept_high_precision,True,0.9,"Rephrased more generally,",Conventional high-precision generalization opener.,
"More abstractly,",False,more_generally,LLMgenerated,,abstraction/generality,,345.0,added,more abstractly,accept_high_precision,True,0.9,"More abstractly,",Signals movement to a higher level of abstraction or full generality.,
"In full generality,",False,more_generally,LLMgenerated,,abstraction/generality,,346.0,added,in full generality,accept_high_precision,True,0.9,"In full generality,",Signals movement to a higher level of abstraction or full generality.,
"In greater generality,",False,more_generally,LLMgenerated,,abstraction/generality,,347.0,added,in greater generality,accept_high_precision,True,0.9,"In greater generality,",Signals movement to a higher level of abstraction or full generality.,
"In its most general form,",False,more_generally,LLMgenerated,,explicit broader/general cue,,348.0,added,in its most general form,accept_high_precision,True,0.9,"In its most general form,",Conventional high-precision generalization opener.,
"In a more general formulation,",False,more_generally,LLMgenerated,,explicit broader/general cue,,349.0,added,in a more general formulation,accept_high_precision,True,0.9,"In a more general formulation,",Conventional high-precision generalization opener.,
"At this level of generality,",False,more_generally,LLMgenerated,,abstraction/generality,,350.0,added,at this level of generality,accept_high_precision,True,0.9,"At this level of generality,",Signals movement to a higher level of abstraction or full generality.,
A more general statement is,False,more_generally,LLMgenerated,,explicit broader/general cue,,351.0,added,a more general statement is,accept_high_precision,True,0.9,A more general statement is,Conventional high-precision generalization opener.,
A more general formulation is,False,more_generally,LLMgenerated,,explicit broader/general cue,,352.0,added,a more general formulation is,accept_high_precision,True,0.9,A more general formulation is,Conventional high-precision generalization opener.,
A more general version is,False,more_generally,LLMgenerated,,explicit broader/general cue,,353.0,added,a more general version is,accept_high_precision,True,0.9,A more general version is,Conventional high-precision generalization opener.,
A more general result is,False,more_generally,LLMgenerated,,explicit broader/general cue,,354.0,added,a more general result is,accept_high_precision,True,0.9,A more general result is,Conventional high-precision generalization opener.,
A more general theorem is,False,more_generally,LLMgenerated,,explicit broader/general cue,,355.0,added,a more general theorem is,accept_high_precision,True,0.9,A more general theorem is,Conventional high-precision generalization opener.,
A more general principle is,False,more_generally,LLMgenerated,,explicit broader/general cue,,356.0,added,a more general principle is,accept_high_precision,True,0.9,A more general principle is,Conventional high-precision generalization opener.,
A broader formulation is,False,more_generally,LLMgenerated,,explicit broader/general cue,,357.0,added,a broader formulation is,accept_high_precision,True,0.9,A broader formulation is,Conventional high-precision generalization opener.,
The broader principle is,False,more_generally,LLMgenerated,,explicit broader/general cue,,358.0,added,the broader principle is,accept_high_precision,True,0.9,The broader principle is,Conventional high-precision generalization opener.,
The more general principle is,False,more_generally,LLMgenerated,,explicit broader/general cue,,359.0,added,the more general principle is,accept_high_precision,True,0.9,The more general principle is,Conventional high-precision generalization opener.,
This is a special case of,False,more_generally,LLMgenerated,,special-case/instance relation,,360.0,added,this is a special case of,accept_high_precision,True,0.97,This is a special case of,"Explicitly links the previous case/example/result to a broader class, instance relation, or special-case relation.",
This result is a special case of,False,more_generally,LLMgenerated,,special-case/instance relation,,361.0,added,this result is a special case of,accept_high_precision,True,0.97,This result is a special case of,"Explicitly links the previous case/example/result to a broader class, instance relation, or special-case relation.",
This theorem is a special case of,False,more_generally,LLMgenerated,,special-case/instance relation,,362.0,added,this theorem is a special case of,accept_high_precision,True,0.97,This theorem is a special case of,"Explicitly links the previous case/example/result to a broader class, instance relation, or special-case relation.",
This lemma is a special case of,False,more_generally,LLMgenerated,,special-case/instance relation,,363.0,added,this lemma is a special case of,accept_high_precision,True,0.97,This lemma is a special case of,"Explicitly links the previous case/example/result to a broader class, instance relation, or special-case relation.",
This proposition is a special case of,False,more_generally,LLMgenerated,,special-case/instance relation,,364.0,added,this proposition is a special case of,accept_high_precision,True,0.97,This proposition is a special case of,"Explicitly links the previous case/example/result to a broader class, instance relation, or special-case relation.",
This corollary is a special case of,False,more_generally,LLMgenerated,,special-case/instance relation,,365.0,added,this corollary is a special case of,accept_high_precision,True,0.97,This corollary is a special case of,"Explicitly links the previous case/example/result to a broader class, instance relation, or special-case relation.",
This observation is a special case of,False,more_generally,LLMgenerated,,special-case/instance relation,,366.0,added,this observation is a special case of,accept_high_precision,True,0.97,This observation is a special case of,"Explicitly links the previous case/example/result to a broader class, instance relation, or special-case relation.",
This example is a special case of,False,more_generally,LLMgenerated,,special-case/instance relation,,367.0,added,this example is a special case of,accept_high_precision,True,0.97,This example is a special case of,"Explicitly links the previous case/example/result to a broader class, instance relation, or special-case relation.",
This can be seen as a special case of,False,more_generally,LLMgenerated,,special-case/instance relation,,368.0,added,this can be seen as a special case of,accept_high_precision,True,0.97,This can be seen as a special case of,"Explicitly links the previous case/example/result to a broader class, instance relation, or special-case relation.",
This can be viewed as a special case of,False,more_generally,LLMgenerated,,special-case/instance relation,,369.0,added,this can be viewed as a special case of,accept_high_precision,True,0.97,This can be viewed as a special case of,"Explicitly links the previous case/example/result to a broader class, instance relation, or special-case relation.",
This may be regarded as a special case of,False,more_generally,LLMgenerated,,special-case/instance relation,,370.0,added,this may be regarded as a special case of,accept_high_precision,True,0.97,This may be regarded as a special case of,"Explicitly links the previous case/example/result to a broader class, instance relation, or special-case relation.",
The preceding case is a special case of,False,more_generally,LLMgenerated,,special-case/instance relation,,371.0,added,the preceding case is a special case of,accept_high_precision,True,0.97,The preceding case is a special case of,"Explicitly links the previous case/example/result to a broader class, instance relation, or special-case relation.",
The preceding example is a special case of,False,more_generally,LLMgenerated,,special-case/instance relation,,372.0,added,the preceding example is a special case of,accept_high_precision,True,0.97,The preceding example is a special case of,"Explicitly links the previous case/example/result to a broader class, instance relation, or special-case relation.",
The preceding result is a special case of,False,more_generally,LLMgenerated,,special-case/instance relation,,373.0,added,the preceding result is a special case of,accept_high_precision,True,0.97,The preceding result is a special case of,"Explicitly links the previous case/example/result to a broader class, instance relation, or special-case relation.",
The above case is a special case of,False,more_generally,LLMgenerated,,special-case/instance relation,,374.0,added,the above case is a special case of,accept_high_precision,True,0.97,The above case is a special case of,"Explicitly links the previous case/example/result to a broader class, instance relation, or special-case relation.",
The above example is a special case of,False,more_generally,LLMgenerated,,special-case/instance relation,,375.0,added,the above example is a special case of,accept_high_precision,True,0.97,The above example is a special case of,"Explicitly links the previous case/example/result to a broader class, instance relation, or special-case relation.",
The above result is a special case of,False,more_generally,LLMgenerated,,special-case/instance relation,,376.0,added,the above result is a special case of,accept_high_precision,True,0.97,The above result is a special case of,"Explicitly links the previous case/example/result to a broader class, instance relation, or special-case relation.",
The foregoing is a special case of,False,more_generally,LLMgenerated,,special-case/instance relation,,377.0,added,the foregoing is a special case of,accept_high_precision,True,0.97,The foregoing is a special case of,"Explicitly links the previous case/example/result to a broader class, instance relation, or special-case relation.",
The scalar case is a special case of,False,more_generally,LLMgenerated,,special-case/instance relation,,378.0,added,the scalar case is a special case of,accept_high_precision,True,0.97,The scalar case is a special case of,"Explicitly links the previous case/example/result to a broader class, instance relation, or special-case relation.",
The one-dimensional case is a special case of,False,more_generally,LLMgenerated,,special-case/instance relation,,379.0,added,the one-dimensional case is a special case of,accept_high_precision,True,0.97,The one-dimensional case is a special case of,"Explicitly links the previous case/example/result to a broader class, instance relation, or special-case relation.",
The finite-dimensional case is a special case of,False,more_generally,LLMgenerated,,special-case/instance relation,,380.0,added,the finite-dimensional case is a special case of,accept_high_precision,True,0.97,The finite-dimensional case is a special case of,"Explicitly links the previous case/example/result to a broader class, instance relation, or special-case relation.",
This is the scalar case of,False,more_generally,LLMgenerated,,explicit broader/general cue,,381.0,added,this is the scalar case of,accept_high_precision,True,0.9,This is the scalar case of,Conventional high-precision generalization opener.,
This is the one-dimensional case of,False,more_generally,LLMgenerated,,explicit broader/general cue,,382.0,added,this is the one-dimensional case of,accept_high_precision,True,0.9,This is the one-dimensional case of,Conventional high-precision generalization opener.,
This is the finite-dimensional case of,False,more_generally,LLMgenerated,,explicit broader/general cue,,383.0,added,this is the finite-dimensional case of,accept_high_precision,True,0.9,This is the finite-dimensional case of,Conventional high-precision generalization opener.,
This is an instance of a broader class of,False,more_generally,LLMgenerated,,special-case/instance relation,,384.0,added,this is an instance of a broader class of,accept_high_precision,True,0.9,This is an instance of a broader class of,"Explicitly links the previous case/example/result to a broader class, instance relation, or special-case relation.",
This observation is an instance of a more general,False,more_generally,LLMgenerated,,special-case/instance relation,,385.0,added,this observation is an instance of a more general,accept_high_precision,True,0.9,This observation is an instance of a more general,"Explicitly links the previous case/example/result to a broader class, instance relation, or special-case relation.",
This result is an instance of a more general,False,more_generally,LLMgenerated,,special-case/instance relation,,386.0,added,this result is an instance of a more general,accept_high_precision,True,0.9,This result is an instance of a more general,"Explicitly links the previous case/example/result to a broader class, instance relation, or special-case relation.",
This example is an instance of a broader,False,more_generally,LLMgenerated,,special-case/instance relation,,387.0,added,this example is an instance of a broader,accept_high_precision,True,0.9,This example is an instance of a broader,"Explicitly links the previous case/example/result to a broader class, instance relation, or special-case relation.",
This is an example of a more general,False,more_generally,LLMgenerated,,special-case/instance relation,,388.0,added,this is an example of a more general,accept_high_precision,True,0.9,This is an example of a more general,"Explicitly links the previous case/example/result to a broader class, instance relation, or special-case relation.",
This provides an example of a more general,False,more_generally,LLMgenerated,,special-case/instance relation,,389.0,added,this provides an example of a more general,accept_high_precision,True,0.9,This provides an example of a more general,"Explicitly links the previous case/example/result to a broader class, instance relation, or special-case relation.",
This illustrates a more general principle,False,more_generally,LLMgenerated,,explicit broader/general cue,,390.0,added,this illustrates a more general principle,accept_high_precision,True,0.9,This illustrates a more general principle,Conventional high-precision generalization opener.,
This illustrates a broader phenomenon,False,more_generally,LLMgenerated,,explicit broader/general cue,,391.0,added,this illustrates a broader phenomenon,accept_high_precision,True,0.9,This illustrates a broader phenomenon,Conventional high-precision generalization opener.,
This is a manifestation of a more general,False,more_generally,LLMgenerated,,special-case/instance relation,,392.0,added,this is a manifestation of a more general,accept_high_precision,True,0.9,This is a manifestation of a more general,"Explicitly links the previous case/example/result to a broader class, instance relation, or special-case relation.",
This is one manifestation of a broader,False,more_generally,LLMgenerated,,special-case/instance relation,,393.0,added,this is one manifestation of a broader,accept_high_precision,True,0.9,This is one manifestation of a broader,"Explicitly links the previous case/example/result to a broader class, instance relation, or special-case relation.",
This is not specific to,False,more_generally,LLMgenerated,,not-limited/not-specific,,394.0,added,this is not specific to,accept_high_precision,True,0.94,This is not specific to,Explicitly says the preceding result/phenomenon is not confined to the specific case.,
This is not unique to,False,more_generally,LLMgenerated,,not-limited/not-specific,,395.0,added,this is not unique to,accept_high_precision,True,0.94,This is not unique to,Explicitly says the preceding result/phenomenon is not confined to the specific case.,
This is not restricted to,False,more_generally,LLMgenerated,,not-limited/not-specific,,396.0,added,this is not restricted to,accept_high_precision,True,0.94,This is not restricted to,Explicitly says the preceding result/phenomenon is not confined to the specific case.,
This is not limited to,False,more_generally,LLMgenerated,,not-limited/not-specific,,397.0,added,this is not limited to,accept_high_precision,True,0.94,This is not limited to,Explicitly says the preceding result/phenomenon is not confined to the specific case.,
This result is not specific to,False,more_generally,LLMgenerated,,not-limited/not-specific,,398.0,added,this result is not specific to,accept_high_precision,True,0.94,This result is not specific to,Explicitly says the preceding result/phenomenon is not confined to the specific case.,
This observation is not specific to,False,more_generally,LLMgenerated,,not-limited/not-specific,,399.0,added,this observation is not specific to,accept_high_precision,True,0.94,This observation is not specific to,Explicitly says the preceding result/phenomenon is not confined to the specific case.,
This behavior is not specific to,False,more_generally,LLMgenerated,,not-limited/not-specific,,400.0,added,this behavior is not specific to,accept_high_precision,True,0.94,This behavior is not specific to,Explicitly says the preceding result/phenomenon is not confined to the specific case.,
This phenomenon is not restricted to,False,more_generally,LLMgenerated,,not-limited/not-specific,,401.0,added,this phenomenon is not restricted to,accept_high_precision,True,0.94,This phenomenon is not restricted to,Explicitly says the preceding result/phenomenon is not confined to the specific case.,
This phenomenon is not limited to,False,more_generally,LLMgenerated,,not-limited/not-specific,,402.0,added,this phenomenon is not limited to,accept_high_precision,True,0.94,This phenomenon is not limited to,Explicitly says the preceding result/phenomenon is not confined to the specific case.,
The argument is not specific to,False,more_generally,LLMgenerated,,not-limited/not-specific,,403.0,added,the argument is not specific to,accept_high_precision,True,0.94,The argument is not specific to,Explicitly says the preceding result/phenomenon is not confined to the specific case.,
The proof is not specific to,False,more_generally,LLMgenerated,,not-limited/not-specific,,404.0,added,the proof is not specific to,accept_high_precision,True,0.94,The proof is not specific to,Explicitly says the preceding result/phenomenon is not confined to the specific case.,
The construction is not limited to,False,more_generally,LLMgenerated,,not-limited/not-specific,,405.0,added,the construction is not limited to,accept_high_precision,True,0.94,The construction is not limited to,Explicitly says the preceding result/phenomenon is not confined to the specific case.,
The conclusion is not limited to,False,more_generally,LLMgenerated,,not-limited/not-specific,,406.0,added,the conclusion is not limited to,accept_high_precision,True,0.94,The conclusion is not limited to,Explicitly says the preceding result/phenomenon is not confined to the specific case.,
The same argument applies more generally to,False,more_generally,LLMgenerated,,same-reasoning-applies,,407.0,added,the same argument applies more generally to,accept_high_precision,True,0.91,The same argument applies more generally to,States that the same result/reasoning applies more generally or more broadly.,
The same reasoning applies more generally to,False,more_generally,LLMgenerated,,same-reasoning-applies,,408.0,added,the same reasoning applies more generally to,accept_high_precision,True,0.91,The same reasoning applies more generally to,States that the same result/reasoning applies more generally or more broadly.,
The same proof works more generally for,False,more_generally,LLMgenerated,,same-reasoning-applies,,409.0,added,the same proof works more generally for,accept_high_precision,True,0.91,The same proof works more generally for,States that the same result/reasoning applies more generally or more broadly.,
The same construction works more generally for,False,more_generally,LLMgenerated,,same-reasoning-applies,,410.0,added,the same construction works more generally for,accept_high_precision,True,0.91,The same construction works more generally for,States that the same result/reasoning applies more generally or more broadly.,
The same conclusion holds more generally for,False,more_generally,LLMgenerated,,same-reasoning-applies,,411.0,added,the same conclusion holds more generally for,accept_high_precision,True,0.91,The same conclusion holds more generally for,States that the same result/reasoning applies more generally or more broadly.,
The same result holds more generally for,False,more_generally,LLMgenerated,,same-reasoning-applies,,412.0,added,the same result holds more generally for,accept_high_precision,True,0.91,The same result holds more generally for,States that the same result/reasoning applies more generally or more broadly.,
The same observation holds more generally for,False,more_generally,LLMgenerated,,same-reasoning-applies,,413.0,added,the same observation holds more generally for,accept_high_precision,True,0.91,The same observation holds more generally for,States that the same result/reasoning applies more generally or more broadly.,
The same phenomenon occurs more generally in,False,more_generally,LLMgenerated,,same-reasoning-applies,,414.0,added,the same phenomenon occurs more generally in,accept_high_precision,True,0.91,The same phenomenon occurs more generally in,States that the same result/reasoning applies more generally or more broadly.,
The same pattern appears more generally in,False,more_generally,LLMgenerated,,same-reasoning-applies,,415.0,added,the same pattern appears more generally in,accept_high_precision,True,0.91,The same pattern appears more generally in,States that the same result/reasoning applies more generally or more broadly.,
The same mechanism applies more broadly to,False,more_generally,LLMgenerated,,same-reasoning-applies,,416.0,added,the same mechanism applies more broadly to,accept_high_precision,True,0.91,The same mechanism applies more broadly to,States that the same result/reasoning applies more generally or more broadly.,
The same principle applies more broadly to,False,more_generally,LLMgenerated,,same-reasoning-applies,,417.0,added,the same principle applies more broadly to,accept_high_precision,True,0.91,The same principle applies more broadly to,States that the same result/reasoning applies more generally or more broadly.,
"More generally, the same argument applies to",False,more_generally,LLMgenerated,,same-reasoning-applies,,418.0,added,"more generally, the same argument applies to",accept_high_precision,True,0.91,"More generally, the same argument applies to",States that the same result/reasoning applies more generally or more broadly.,
"More generally, the same reasoning applies to",False,more_generally,LLMgenerated,,same-reasoning-applies,,419.0,added,"more generally, the same reasoning applies to",accept_high_precision,True,0.91,"More generally, the same reasoning applies to",States that the same result/reasoning applies more generally or more broadly.,
"More generally, the same proof works for",False,more_generally,LLMgenerated,,same-reasoning-applies,,420.0,added,"more generally, the same proof works for",accept_high_precision,True,0.91,"More generally, the same proof works for",States that the same result/reasoning applies more generally or more broadly.,
"More generally, the same conclusion holds for",False,more_generally,LLMgenerated,,same-reasoning-applies,,421.0,added,"more generally, the same conclusion holds for",accept_high_precision,True,0.91,"More generally, the same conclusion holds for",States that the same result/reasoning applies more generally or more broadly.,
"More generally, the same result holds for",False,more_generally,LLMgenerated,,same-reasoning-applies,,422.0,added,"more generally, the same result holds for",accept_high_precision,True,0.91,"More generally, the same result holds for",States that the same result/reasoning applies more generally or more broadly.,
"More generally, this holds for",False,more_generally,LLMgenerated,,explicit broader/general cue,,423.0,added,"more generally, this holds for",accept_high_precision,True,0.9,"More generally, this holds for",Conventional high-precision generalization opener.,
"More generally, the result holds for",False,more_generally,LLMgenerated,,explicit broader/general cue,,424.0,added,"more generally, the result holds for",accept_high_precision,True,0.9,"More generally, the result holds for",Conventional high-precision generalization opener.,
The argument generalizes to,False,more_generally,LLMgenerated,,generalization verb,,425.0,added,the argument generalizes to,accept_high_precision,True,0.93,The argument generalizes to,Uses an explicit generalization verb anchored to prior material or the following result.,
The proof generalizes to,False,more_generally,LLMgenerated,,generalization verb,,426.0,added,the proof generalizes to,accept_high_precision,True,0.93,The proof generalizes to,Uses an explicit generalization verb anchored to prior material or the following result.,
The construction generalizes to,False,more_generally,LLMgenerated,,generalization verb,,427.0,added,the construction generalizes to,accept_high_precision,True,0.93,The construction generalizes to,Uses an explicit generalization verb anchored to prior material or the following result.,
The result generalizes to,False,more_generally,LLMgenerated,,generalization verb,,428.0,added,the result generalizes to,accept_high_precision,True,0.93,The result generalizes to,Uses an explicit generalization verb anchored to prior material or the following result.,
The observation generalizes to,False,more_generally,LLMgenerated,,generalization verb,,429.0,added,the observation generalizes to,accept_high_precision,True,0.93,The observation generalizes to,Uses an explicit generalization verb anchored to prior material or the following result.,
The method generalizes to,False,more_generally,LLMgenerated,,generalization verb,,430.0,added,the method generalizes to,accept_high_precision,True,0.93,The method generalizes to,Uses an explicit generalization verb anchored to prior material or the following result.,
The model generalizes to,False,more_generally,LLMgenerated,,generalization verb,,431.0,added,the model generalizes to,accept_high_precision,True,0.93,The model generalizes to,Uses an explicit generalization verb anchored to prior material or the following result.,
This argument generalizes to,False,more_generally,LLMgenerated,,generalization verb,,432.0,added,this argument generalizes to,accept_high_precision,True,0.93,This argument generalizes to,Uses an explicit generalization verb anchored to prior material or the following result.,
This proof generalizes to,False,more_generally,LLMgenerated,,generalization verb,,433.0,added,this proof generalizes to,accept_high_precision,True,0.93,This proof generalizes to,Uses an explicit generalization verb anchored to prior material or the following result.,
This construction generalizes to,False,more_generally,LLMgenerated,,generalization verb,,434.0,added,this construction generalizes to,accept_high_precision,True,0.93,This construction generalizes to,Uses an explicit generalization verb anchored to prior material or the following result.,
This observation generalizes to,False,more_generally,LLMgenerated,,generalization verb,,435.0,added,this observation generalizes to,accept_high_precision,True,0.93,This observation generalizes to,Uses an explicit generalization verb anchored to prior material or the following result.,
This result generalizes to,False,more_generally,LLMgenerated,,generalization verb,,436.0,added,this result generalizes to,accept_high_precision,True,0.93,This result generalizes to,Uses an explicit generalization verb anchored to prior material or the following result.,
This method generalizes to,False,more_generally,LLMgenerated,,generalization verb,,437.0,added,this method generalizes to,accept_high_precision,True,0.93,This method generalizes to,Uses an explicit generalization verb anchored to prior material or the following result.,
This model generalizes to,False,more_generally,LLMgenerated,,generalization verb,,438.0,added,this model generalizes to,accept_high_precision,True,0.93,This model generalizes to,Uses an explicit generalization verb anchored to prior material or the following result.,
The argument extends more generally to,False,more_generally,LLMgenerated,,extension to broader class,,439.0,added,the argument extends more generally to,accept_high_precision,True,0.91,The argument extends more generally to,Extends the preceding result/argument to an explicitly broader/general domain.,
The proof extends more generally to,False,more_generally,LLMgenerated,,extension to broader class,,440.0,added,the proof extends more generally to,accept_high_precision,True,0.91,The proof extends more generally to,Extends the preceding result/argument to an explicitly broader/general domain.,
The construction extends more generally to,False,more_generally,LLMgenerated,,extension to broader class,,441.0,added,the construction extends more generally to,accept_high_precision,True,0.91,The construction extends more generally to,Extends the preceding result/argument to an explicitly broader/general domain.,
The result extends more generally to,False,more_generally,LLMgenerated,,extension to broader class,,442.0,added,the result extends more generally to,accept_high_precision,True,0.91,The result extends more generally to,Extends the preceding result/argument to an explicitly broader/general domain.,
The observation extends more generally to,False,more_generally,LLMgenerated,,extension to broader class,,443.0,added,the observation extends more generally to,accept_high_precision,True,0.91,The observation extends more generally to,Extends the preceding result/argument to an explicitly broader/general domain.,
The analysis extends more generally to,False,more_generally,LLMgenerated,,extension to broader class,,444.0,added,the analysis extends more generally to,accept_high_precision,True,0.91,The analysis extends more generally to,Extends the preceding result/argument to an explicitly broader/general domain.,
The framework extends more generally to,False,more_generally,LLMgenerated,,extension to broader class,,445.0,added,the framework extends more generally to,accept_high_precision,True,0.91,The framework extends more generally to,Extends the preceding result/argument to an explicitly broader/general domain.,
The method extends more generally to,False,more_generally,LLMgenerated,,extension to broader class,,446.0,added,the method extends more generally to,accept_high_precision,True,0.91,The method extends more generally to,Extends the preceding result/argument to an explicitly broader/general domain.,
The model extends more generally to,False,more_generally,LLMgenerated,,extension to broader class,,447.0,added,the model extends more generally to,accept_high_precision,True,0.91,The model extends more generally to,Extends the preceding result/argument to an explicitly broader/general domain.,
This argument extends more generally to,False,more_generally,LLMgenerated,,extension to broader class,,448.0,added,this argument extends more generally to,accept_high_precision,True,0.91,This argument extends more generally to,Extends the preceding result/argument to an explicitly broader/general domain.,
This proof extends more generally to,False,more_generally,LLMgenerated,,extension to broader class,,449.0,added,this proof extends more generally to,accept_high_precision,True,0.91,This proof extends more generally to,Extends the preceding result/argument to an explicitly broader/general domain.,
This construction extends more generally to,False,more_generally,LLMgenerated,,extension to broader class,,450.0,added,this construction extends more generally to,accept_high_precision,True,0.91,This construction extends more generally to,Extends the preceding result/argument to an explicitly broader/general domain.,
This observation extends more generally to,False,more_generally,LLMgenerated,,extension to broader class,,451.0,added,this observation extends more generally to,accept_high_precision,True,0.91,This observation extends more generally to,Extends the preceding result/argument to an explicitly broader/general domain.,
This analysis extends more generally to,False,more_generally,LLMgenerated,,extension to broader class,,452.0,added,this analysis extends more generally to,accept_high_precision,True,0.91,This analysis extends more generally to,Extends the preceding result/argument to an explicitly broader/general domain.,
This result extends more generally to,False,more_generally,LLMgenerated,,extension to broader class,,453.0,added,this result extends more generally to,accept_high_precision,True,0.91,This result extends more generally to,Extends the preceding result/argument to an explicitly broader/general domain.,
This idea extends more generally to,False,more_generally,LLMgenerated,,extension to broader class,,454.0,added,this idea extends more generally to,accept_high_precision,True,0.91,This idea extends more generally to,Extends the preceding result/argument to an explicitly broader/general domain.,
"Passing to the general case,",False,more_generally,LLMgenerated,,general setting/class,,455.0,added,passing to the general case,accept_high_precision,True,0.9,"Passing to the general case,",Introduces the general case/setting/class after a more specific discussion.,
"Passing from this special case to the general case,",False,more_generally,LLMgenerated,,special-case/instance relation,,456.0,added,passing from this special case to the general case,accept_high_precision,True,0.97,"Passing from this special case to the general case,","Explicitly links the previous case/example/result to a broader class, instance relation, or special-case relation.",
"Moving to the general case,",False,more_generally,LLMgenerated,,general setting/class,,457.0,added,moving to the general case,accept_high_precision,True,0.9,"Moving to the general case,",Introduces the general case/setting/class after a more specific discussion.,
"Moving from this example to the general case,",False,more_generally,LLMgenerated,,general setting/class,,458.0,added,moving from this example to the general case,accept_high_precision,True,0.9,"Moving from this example to the general case,",Introduces the general case/setting/class after a more specific discussion.,
"Moving from this special case to the general case,",False,more_generally,LLMgenerated,,special-case/instance relation,,459.0,added,moving from this special case to the general case,accept_high_precision,True,0.97,"Moving from this special case to the general case,","Explicitly links the previous case/example/result to a broader class, instance relation, or special-case relation.",
"Moving to a more general setting,",False,more_generally,LLMgenerated,,general setting/class,,460.0,added,moving to a more general setting,accept_high_precision,True,0.9,"Moving to a more general setting,",Introduces the general case/setting/class after a more specific discussion.,
We now pass to the general case,False,more_generally,LLMgenerated,,general setting/class,,461.0,added,we now pass to the general case,accept_high_precision,True,0.9,We now pass to the general case,Introduces the general case/setting/class after a more specific discussion.,
We now consider the general case,False,more_generally,LLMgenerated,,general setting/class,,462.0,added,we now consider the general case,accept_high_precision,True,0.9,We now consider the general case,Introduces the general case/setting/class after a more specific discussion.,
We now turn to the general case,False,more_generally,LLMgenerated,,general setting/class,,463.0,added,we now turn to the general case,accept_high_precision,True,0.9,We now turn to the general case,Introduces the general case/setting/class after a more specific discussion.,
We now state the general case,False,more_generally,LLMgenerated,,general setting/class,,464.0,added,we now state the general case,accept_high_precision,True,0.9,We now state the general case,Introduces the general case/setting/class after a more specific discussion.,
We next generalize this observation,False,more_generally,LLMgenerated,,generalization verb,,465.0,added,we next generalize this observation,accept_high_precision,True,0.93,We next generalize this observation,Uses an explicit generalization verb anchored to prior material or the following result.,
We generalize this observation as follows,False,more_generally,LLMgenerated,,generalization verb,,466.0,added,we generalize this observation as follows,accept_high_precision,True,0.93,We generalize this observation as follows,Uses an explicit generalization verb anchored to prior material or the following result.,
We generalize the preceding result as follows,False,more_generally,LLMgenerated,,generalization verb,,467.0,added,we generalize the preceding result as follows,accept_high_precision,True,0.93,We generalize the preceding result as follows,Uses an explicit generalization verb anchored to prior material or the following result.,
We extend this result to a broader class of,False,more_generally,LLMgenerated,,extension to broader class,,468.0,added,we extend this result to a broader class of,accept_high_precision,True,0.91,We extend this result to a broader class of,Extends the preceding result/argument to an explicitly broader/general domain.,
We extend the preceding argument to the general setting,False,more_generally,LLMgenerated,,extension to broader class,,469.0,added,we extend the preceding argument to the general setting,accept_high_precision,True,0.91,We extend the preceding argument to the general setting,Extends the preceding result/argument to an explicitly broader/general domain.,
We extend this construction to a more general setting,False,more_generally,LLMgenerated,,extension to broader class,,470.0,added,we extend this construction to a more general setting,accept_high_precision,True,0.91,We extend this construction to a more general setting,Extends the preceding result/argument to an explicitly broader/general domain.,
We lift this construction to a more general setting,False,more_generally,LLMgenerated,,lifting/general framework,,471.0,added,we lift this construction to a more general setting,accept_high_precision,True,0.91,We lift this construction to a more general setting,Signals lifting a result/construction to a more general setting or framework.,
We lift the preceding result to a broader framework,False,more_generally,LLMgenerated,,lifting/general framework,,472.0,added,we lift the preceding result to a broader framework,accept_high_precision,True,0.91,We lift the preceding result to a broader framework,Signals lifting a result/construction to a more general setting or framework.,
This raises the more general question,False,more_generally,LLMgenerated,,motivates broader claim/question,,473.0,added,this raises the more general question,accept_high_precision,True,0.87,This raises the more general question,"Uses the previous material as motivation for a broader/general formulation, question, or principle.",
This motivates a more general formulation,False,more_generally,LLMgenerated,,motivates broader claim/question,,474.0,added,this motivates a more general formulation,accept_high_precision,True,0.87,This motivates a more general formulation,"Uses the previous material as motivation for a broader/general formulation, question, or principle.",
This motivates a more general definition,False,more_generally,LLMgenerated,,motivates broader claim/question,,475.0,added,this motivates a more general definition,accept_high_precision,True,0.87,This motivates a more general definition,"Uses the previous material as motivation for a broader/general formulation, question, or principle.",
This points to a more general principle,False,more_generally,LLMgenerated,,motivates broader claim/question,,476.0,added,this points to a more general principle,accept_high_precision,True,0.87,This points to a more general principle,"Uses the previous material as motivation for a broader/general formulation, question, or principle.",
This points toward a more general framework,False,more_generally,LLMgenerated,,motivates broader claim/question,,477.0,added,this points toward a more general framework,accept_high_precision,True,0.87,This points toward a more general framework,"Uses the previous material as motivation for a broader/general formulation, question, or principle.",
This observation points to a broader phenomenon,False,more_generally,LLMgenerated,,motivates broader claim/question,,478.0,added,this observation points to a broader phenomenon,accept_high_precision,True,0.87,This observation points to a broader phenomenon,"Uses the previous material as motivation for a broader/general formulation, question, or principle.",
The preceding example motivates a more general,False,more_generally,LLMgenerated,,motivates broader claim/question,,479.0,added,the preceding example motivates a more general,accept_high_precision,True,0.87,The preceding example motivates a more general,"Uses the previous material as motivation for a broader/general formulation, question, or principle.",
The preceding observation motivates a more general,False,more_generally,LLMgenerated,,motivates broader claim/question,,480.0,added,the preceding observation motivates a more general,accept_high_precision,True,0.87,The preceding observation motivates a more general,"Uses the previous material as motivation for a broader/general formulation, question, or principle.",
The preceding result motivates a more general,False,more_generally,LLMgenerated,,motivates broader claim/question,,481.0,added,the preceding result motivates a more general,accept_high_precision,True,0.87,The preceding result motivates a more general,"Uses the previous material as motivation for a broader/general formulation, question, or principle.",
The above example motivates a more general,False,more_generally,LLMgenerated,,motivates broader claim/question,,482.0,added,the above example motivates a more general,accept_high_precision,True,0.87,The above example motivates a more general,"Uses the previous material as motivation for a broader/general formulation, question, or principle.",
The above observation motivates a more general,False,more_generally,LLMgenerated,,motivates broader claim/question,,483.0,added,the above observation motivates a more general,accept_high_precision,True,0.87,The above observation motivates a more general,"Uses the previous material as motivation for a broader/general formulation, question, or principle.",
The above result motivates a more general,False,more_generally,LLMgenerated,,motivates broader claim/question,,484.0,added,the above result motivates a more general,accept_high_precision,True,0.87,The above result motivates a more general,"Uses the previous material as motivation for a broader/general formulation, question, or principle.",
A natural generalization is,False,more_generally,LLMgenerated,,generalization verb,,485.0,added,a natural generalization is,accept_high_precision,True,0.93,A natural generalization is,Uses an explicit generalization verb anchored to prior material or the following result.,
The natural generalization is,False,more_generally,LLMgenerated,,generalization verb,,486.0,added,the natural generalization is,accept_high_precision,True,0.93,The natural generalization is,Uses an explicit generalization verb anchored to prior material or the following result.,
The natural generalization of this is,False,more_generally,LLMgenerated,,generalization verb,,487.0,added,the natural generalization of this is,accept_high_precision,True,0.93,The natural generalization of this is,Uses an explicit generalization verb anchored to prior material or the following result.,
The following generalizes the preceding observation,False,more_generally,LLMgenerated,,generalization verb,,488.0,added,the following generalizes the preceding observation,accept_high_precision,True,0.93,The following generalizes the preceding observation,Uses an explicit generalization verb anchored to prior material or the following result.,
The following generalizes the above result,False,more_generally,LLMgenerated,,generalization verb,,489.0,added,the following generalizes the above result,accept_high_precision,True,0.93,The following generalizes the above result,Uses an explicit generalization verb anchored to prior material or the following result.,
The following result generalizes this observation,False,more_generally,LLMgenerated,,generalization verb,,490.0,added,the following result generalizes this observation,accept_high_precision,True,0.93,The following result generalizes this observation,Uses an explicit generalization verb anchored to prior material or the following result.,
The following theorem generalizes this result,False,more_generally,LLMgenerated,,generalization verb,,491.0,added,the following theorem generalizes this result,accept_high_precision,True,0.93,The following theorem generalizes this result,Uses an explicit generalization verb anchored to prior material or the following result.,
The following proposition generalizes the preceding lemma,False,more_generally,LLMgenerated,,generalization verb,,492.0,added,the following proposition generalizes the preceding lemma,accept_high_precision,True,0.93,The following proposition generalizes the preceding lemma,Uses an explicit generalization verb anchored to prior material or the following result.,
The following lemma generalizes the preceding example,False,more_generally,LLMgenerated,,generalization verb,,493.0,added,the following lemma generalizes the preceding example,accept_high_precision,True,0.93,The following lemma generalizes the preceding example,Uses an explicit generalization verb anchored to prior material or the following result.,
"In the general setting,",False,more_generally,LLMgenerated,,general setting/class,,494.0,added,in the general setting,accept_high_precision,True,0.9,"In the general setting,",Introduces the general case/setting/class after a more specific discussion.,
"In a general setting,",False,more_generally,LLMgenerated,,general setting/class,,495.0,added,in a general setting,accept_high_precision,True,0.9,"In a general setting,",Introduces the general case/setting/class after a more specific discussion.,
For a more general class of,False,more_generally,LLMgenerated,,general setting/class,,496.0,added,for a more general class of,accept_high_precision,True,0.89,For a more general class of,Introduces the general case/setting/class after a more specific discussion.,
For the broader class of,False,more_generally,LLMgenerated,,general setting/class,,497.0,added,for the broader class of,accept_high_precision,True,0.89,For the broader class of,Introduces the general case/setting/class after a more specific discussion.,
For a broader class of,False,more_generally,LLMgenerated,,general setting/class,,498.0,added,for a broader class of,accept_high_precision,True,0.89,For a broader class of,Introduces the general case/setting/class after a more specific discussion.,
For the general class of,False,more_generally,LLMgenerated,,general setting/class,,499.0,added,for the general class of,accept_high_precision,True,0.9,For the general class of,Introduces the general case/setting/class after a more specific discussion.,
"In a broader class of cases,",False,more_generally,LLMgenerated,,general setting/class,,500.0,added,in a broader class of cases,accept_high_precision,True,0.9,"In a broader class of cases,",Introduces the general case/setting/class after a more specific discussion.,
"In a broader family of models,",False,more_generally,LLMgenerated,,explicit broader/general cue,,501.0,added,in a broader family of models,accept_high_precision,True,0.86,"In a broader family of models,",Conventional high-precision generalization opener.,
